occurrence_id,recipe_id,recipe_name,ingredient_id,ingredient_name,source_fragment,normalized_form,category,quantity_raw,bound_step_indexes,bound_step_text,candidate_usage_code,evidence_codes,review_status
2-11,2,蔬菜焗蝴蝶面,20,橄榄油,橄榄油10毫升,,调料,10毫升,5,在刷过橄榄油的碗中铺上一层番茄酱汁,cooking_fat,NUTRITION_USAGE_CONTROLLED_COOKING_FAT,pending
3-8,3,牛筋彩椒串,28,食用油,食用油10毫升,,调料,10毫升,3,在烤盘中铺上锡纸，在烧烤架上刷适量食用油，把串放到烤架上，置入烤箱中,cooking_fat,NUTRITION_USAGE_CONTROLLED_COOKING_FAT,pending
4-9,4,家常鲈鱼,28,食用油,食用油10毫升,,调料,10毫升,8,将炒锅中倒入食用油烧热，加热至沸腾后浇在鲈鱼背上,cooking_fat,NUTRITION_USAGE_CONTROLLED_COOKING_FAT,pending
5-4,5,红糖姜枣茶,41,水,水800g,,其他,800g,1,主锅中加入姜片、红枣、红糖和水，盖上锅盖和量杯，设置：25分钟/100℃/1档（反转）,cooking_liquid,NUTRITION_USAGE_CONTROLLED_COOKING_LIQUID,pending
7-2,7,蚝油生菜,41,水,水720g,,其他,720g,1;2;3;6,取一小碗加入淀粉和20g水混匀，制成水淀粉;主锅中加入700g水、盐和5g食用油，盖上锅盖和量杯，设置：6分钟/140℃/1档加热;加入生菜，盖上锅盖和量杯，设置：2分钟/140℃/1档（反转）焯水;加入蚝油和水淀粉，盖上锅盖，不要放量杯，设置：30秒/100℃/1档（反转）勾芡,cooking_liquid,NUTRITION_USAGE_CONTROLLED_COOKING_LIQUID,pending
7-4,7,蚝油生菜,28,食用油,食用油20g,,调料,20g,2;5,主锅中加入700g水、盐和5g食用油，盖上锅盖和量杯，设置：6分钟/140℃/1档加热;主锅洗净，加入15g食用油和蒜蓉，盖上锅盖，不要放量杯，设置：2分钟/140℃/1档（反转）煸炒,cooking_fat,NUTRITION_USAGE_CONTROLLED_COOKING_FAT,pending
8-8,8,脆香猪排,28,食用油,食用油10毫升,,调料,10毫升,7,烤盘上垫上一层锡纸，刷上食用油，放上猪肉片，放入烤箱中,cooking_fat,NUTRITION_USAGE_CONTROLLED_COOKING_FAT,pending
9-10,9,蒸菜卷,28,食用油,食用油5克,,调料,5克,,,cooking_fat,NUTRITION_USAGE_CONTROLLED_COOKING_FAT,pending
9-9,9,蒸菜卷,41,水,开水（100℃）180克,煮沸,其他,180克,2;3;4;7;10,木耳、粉条用温水泡好净;韭菜洗净，控干水份;韭菜、粉条、木耳切碎，2个鸡蛋打碎，加少许凉水备用;面粉里加入开水，搅拌成絮状，揉成面团，醒10分钟;请取出水箱加满水，选择“开始烹饪”，按屏幕提示操作,cooking_liquid,NUTRITION_USAGE_CONTROLLED_COOKING_LIQUID,pending
14-2,14,石锅拌饭,28,食用油,食用油2.5克,,调料,2.5克,3,将石锅四周刷一层食用油，放入熟米饭，沿石锅边像扇子样依次铺上熟肉丝、香菇丝、胡萝卜丝、辣白菜丝、香干丝、中间位置留个圆形打入鸡蛋、盖上保鲜膜并在表面扎几个小孔,cooking_fat,NUTRITION_USAGE_CONTROLLED_COOKING_FAT,pending
15-13,15,豉汁蒜香蒸排骨,28,食用油,食用油10毫升,,调料,10毫升,,,cooking_fat,NUTRITION_USAGE_CONTROLLED_COOKING_FAT,pending
16-7,16,鲜虾芙蓉蛋,28,食用油,食用油10毫升,,调料,10毫升,2,虾仁盛入碗中，加少许盐、鸡粉、水淀粉，拌匀，再倒入少许食用油，腌渍10分钟,cooking_fat,NUTRITION_USAGE_CONTROLLED_COOKING_FAT,pending
17-1,17,蒜香炒花甲,41,水,主料：水500g,,其他,500g,1;2,主锅中加入水和花蛤，盖上锅盖和量杯，设置：7分钟/140℃/1档（反转）焯水;结束后，取出花蛤沥干水分备用，并洗净主锅,cooking_liquid,NUTRITION_USAGE_CONTROLLED_COOKING_LIQUID,pending
17-3,17,蒜香炒花甲,28,食用油,食用油10g,,调料,10g,3,主锅中加入食用油、蒜末、蚝油和蒜蓉辣椒酱，盖上锅盖和量杯，设置：2分钟/140℃/1档（反转）爆香,cooking_fat,NUTRITION_USAGE_CONTROLLED_COOKING_FAT,pending
18-3,18,红豆薏米粥,41,水,水1200g,,其他,1200g,,,cooking_liquid,NUTRITION_USAGE_CONTROLLED_COOKING_LIQUID,pending
21-7,21,招财进宝—葱油鲍鱼,28,食用油,食用油30克,,调料,30克,6,将炒锅烧热，倒入C中的食用油，烧至七成热（略微冒烟）时均匀淋在鲍鱼上，趁热食用,cooking_fat,NUTRITION_USAGE_CONTROLLED_COOKING_FAT,pending
25-13,25,梅干菜扣肉,41,水,清水40ml,,其他,40ml,1;2;3;5,浸泡后的梅干菜，充分洗净，沥干水分，剁碎备用;取一汤锅，加入三分之二的水，加入五花肉、10g葱段、10g姜片和20g料酒，水沸后继续焯水10分钟，捞出五花肉清水洗净，切成5cm*3cm*0.5cm肉片;将白糖、盐、食用油、10g料酒、老抽、海鲜酱、桂皮、八角和清水倒入大碗中调制均匀后，放入肉块，拌匀冷藏腌制15分钟;放入设备中间层，取出水箱加满水，选择“开始烹饪”按键，按屏幕提示操作,cooking_liquid,NUTRITION_USAGE_CONTROLLED_COOKING_LIQUID,pending
25-8,25,梅干菜扣肉,28,食用油,食用油10ml,,调料,10ml,3,将白糖、盐、食用油、10g料酒、老抽、海鲜酱、桂皮、八角和清水倒入大碗中调制均匀后，放入肉块，拌匀冷藏腌制15分钟,cooking_fat,NUTRITION_USAGE_CONTROLLED_COOKING_FAT,pending
26-11,26,泰式西米肉酥丸,28,食用油,食用油20毫升,,调料,20毫升,13,包好的丸子表面搓上一些食用油（防止粘在盘子上），放置于盘子上,cooking_fat,NUTRITION_USAGE_CONTROLLED_COOKING_FAT,pending
27-4,27,番茄汁鸡翅,28,食用油,食用油20g,,调料,20g,2,主锅中加入食用油、腌制后的鸡中翅和蒜片，盖上锅盖，不要放量杯，设置：3分钟/140℃/1档（反转）煸炒,cooking_fat,NUTRITION_USAGE_CONTROLLED_COOKING_FAT,pending
29-6,29,酸奶蒸蛋糕,155,色拉油,色拉油5g,,调料,5g,2,将酸奶和色拉油混合混合均匀，加入低筋面粉继续搅拌至无干粉,cooking_fat,NUTRITION_USAGE_CONTROLLED_COOKING_FAT,pending
30-1,30,湘味炒肉,28,食用油,主料：食用油20g,,调料,20g,,,cooking_fat,NUTRITION_USAGE_CONTROLLED_COOKING_FAT,pending
32-11,32,微波排骨,169,玉米油,玉米油2汤匙,,蔬菜,2汤匙,,,cooking_fat,NUTRITION_USAGE_CONTROLLED_COOKING_FAT,pending
34-11,34,灯笼茄子,28,食用油,食用油15毫升,,调料,15毫升,,,cooking_fat,NUTRITION_USAGE_CONTROLLED_COOKING_FAT,pending
36-2,36,西兰花饭团,41,水,水500g,,其他,500g,1,主锅中加入西兰花和水，盖上锅盖和量杯，设置：7分钟/110℃停刀烧煮,cooking_liquid,NUTRITION_USAGE_CONTROLLED_COOKING_LIQUID,pending
36-5,36,西兰花饭团,20,橄榄油,橄榄油10g,,调料,10g,5,加入米饭、盐、橄榄油和黑胡椒碎，盖上锅盖和量杯，设置：10秒/3档（反转）混匀,cooking_fat,NUTRITION_USAGE_CONTROLLED_COOKING_FAT,pending
37-13,37,梅子蒸排骨,28,食用油,食用油15毫升,,调料,15毫升,,,cooking_fat,NUTRITION_USAGE_CONTROLLED_COOKING_FAT,pending
40-12,40,香菇包子,41,水,温水75ml,温,其他,75ml,2;3;6;7,酵母用温水化开;酵母水中加入面粉、食用油和白糖，揉成光滑面团;放入设备中间层，取出水箱加满水，选择“发酵”模式，设置35摄氏度，30分钟;结束后取出水箱加满水，选择“开始烹饪”按键，按屏幕提示操作,cooking_liquid,NUTRITION_USAGE_CONTROLLED_COOKING_LIQUID,pending
40-13,40,香菇包子,28,食用油,食用油5ml,,调料,5ml,3,酵母水中加入面粉、食用油和白糖，揉成光滑面团,cooking_fat,NUTRITION_USAGE_CONTROLLED_COOKING_FAT,pending
41-1,41,白灼芥蓝,41,水,主料：水1050克,,其他,1050克,1;3,加入芥蓝，盖上锅盖和量杯，设置：3分钟/140℃/1档（反转）焯水，结束后取出装盘;加入10g食用油、生抽、蒸鱼豉油、白糖和50g 水，盖上锅盖和量杯，设置：3分钟/140℃/1档熬煮,cooking_liquid,NUTRITION_USAGE_CONTROLLED_COOKING_LIQUID,pending
41-3,41,白灼芥蓝,28,食用油,食用油20克,,调料,20克,3,加入10g食用油、生抽、蒸鱼豉油、白糖和50g 水，盖上锅盖和量杯，设置：3分钟/140℃/1档熬煮,cooking_fat,NUTRITION_USAGE_CONTROLLED_COOKING_FAT,pending
42-8,42,清蒸巴沙鱼,28,食用油,食用油15克,,调料,15克,7,将炒锅烧热，倒入C中的食用油，再加入C中剩余调料，趁热浇在鱼上即可食用,cooking_fat,NUTRITION_USAGE_CONTROLLED_COOKING_FAT,pending
43-10,43,番茄肉末蒸日本豆腐,28,食用油,食用油10毫升,,调料,10毫升,,,cooking_fat,NUTRITION_USAGE_CONTROLLED_COOKING_FAT,pending
44-5,44,天麻炖乳鸽,41,水,水1600g,,其他,1600g,1;3,主锅中加入鸽子块、姜片、小葱段、料酒和600g水，盖上锅盖和量杯，设置：8分钟/140℃/1档（反转）焯水;主锅中插入搅拌棒并卡在刀组上，加入鸽子块、泡发香菇、天麻片、红枣和900g水，盖上锅盖和量杯，设置：35分钟/120℃/1档（反转）炖煮,cooking_liquid,NUTRITION_USAGE_CONTROLLED_COOKING_LIQUID,pending
46-13,46,猪肉白菜馅大包子,28,食用油,食用油30毫升,,调料,30毫升,6,白菜加盐，腌渍10分钟，挤去水分，加肉末、木耳、姜末、葱花、甜面酱、2克糖、鸡粉、花椒粉、食用油、老抽，拌匀成馅料,cooking_fat,NUTRITION_USAGE_CONTROLLED_COOKING_FAT,pending
47-6,47,香辣牛肉丝,41,水,水30g,,其他,30g,,,cooking_liquid,NUTRITION_USAGE_CONTROLLED_COOKING_LIQUID,pending
47-7,47,香辣牛肉丝,208,猪油,熟猪油40g,熟,肉禽,40g,1,主锅中加入猪油，盖上锅盖和量杯，设置：4分钟/140℃/1档（反转）热油,cooking_fat,NUTRITION_USAGE_CONTROLLED_COOKING_FAT,pending
47-8,47,香辣牛肉丝,28,食用油,食用油20g,,调料,20g,4,主锅中加入食用油、葱白段、红辣椒丝、绿辣椒丝、蒜片和笋丝，盖上锅盖和量杯，设置：1分钟/140℃/1档（反转）煸炒,cooking_fat,NUTRITION_USAGE_CONTROLLED_COOKING_FAT,pending
48-3,48,尖椒炒豆皮,28,食用油,食用油15g,,调料,15g,2,主锅中加入食用油和葱花，盖上锅盖和量杯，设置：3分钟/140℃/1档（反转）炒拌,cooking_fat,NUTRITION_USAGE_CONTROLLED_COOKING_FAT,pending
50-7,50,什锦烤鱼,28,食用油,食用油15毫升,,调料,15毫升,3;5,碗中放入洋葱、南瓜、胡萝卜、烤肉酱，淋入食用油，充分搅拌匀;烤盘上铺好锡纸，刷上食用油，放入部分拌制好的蔬菜,cooking_fat,NUTRITION_USAGE_CONTROLLED_COOKING_FAT,pending
51-5,51,梅干菜烧凤爪,41,水,水850g,,其他,850g,1;2;4;5,梅干菜洗净挤干水备用;主锅中加入鸡爪、5g姜片、料酒和600g水，盖上锅盖和量杯，设置：7分钟/140℃/1档（反转）焯水，结束后将锅内食物倒出并洗净鸡爪和主锅;加入焯水后的鸡爪，盖上锅盖和量杯，设置：2分钟 /140℃/1档（反转）翻炒;加入梅干菜、八角、桂皮、生抽、老抽、冰糖和250g水，盖上锅盖和量杯，设置：20分钟/110℃/1档（反转）翻炒,cooking_liquid,NUTRITION_USAGE_CONTROLLED_COOKING_LIQUID,pending
51-6,51,梅干菜烧凤爪,28,食用油,食用油20g,,调料,20g,3,加入食用油、大蒜、5g姜片和干辣椒，盖上锅盖和量杯，设置：2分钟/140℃/1档（反转）爆香,cooking_fat,NUTRITION_USAGE_CONTROLLED_COOKING_FAT,pending
52-11,52,干贝丝瓜酿虾滑,41,水,清水30克,,其他,30克,1;4;8;11,提前1小时，取1小碗放入干贝，加入冷水浸泡;将虾泥放入盆里，加上蛋清、葱姜水和盐搅拌均匀，搅到黏稠后再加入8克淀粉搅打上劲;泡发好的干贝撕成小条放入碗里，加入2克淀粉、白胡椒粉、生抽和清水搅拌均匀;开启电源，取出水箱加满水，将蒸烤架放入烹饪机中间层，选择【开始烹饪】按键，按屏幕提示操作即可,cooking_liquid,NUTRITION_USAGE_CONTROLLED_COOKING_LIQUID,pending
52-7,52,干贝丝瓜酿虾滑,41,水,葱姜水3克,,其他,,11,开启电源，取出水箱加满水，将蒸烤架放入烹饪机中间层，选择【开始烹饪】按键，按屏幕提示操作即可,cooking_liquid,NUTRITION_USAGE_CONTROLLED_COOKING_LIQUID,pending
53-8,53,姜葱蒸小鲍鱼,28,食用油,食用油10毫升,,调料,10毫升,,,cooking_fat,NUTRITION_USAGE_CONTROLLED_COOKING_FAT,pending
54-7,54,锡纸盒花甲,28,食用油,食用油20克,,调料,20克,2,烧烤料：取1小碗，加入2克盐、孜然粉、3克辣椒粉、20克食用油和40毫升纯净水混合均匀备用,cooking_fat,NUTRITION_USAGE_CONTROLLED_COOKING_FAT,pending
55-4,55,咖喱小龙虾,41,水,开水800g,煮沸,其他,800g,1;2;4,主锅中加入小龙虾、姜片、大葱段和800g开水，盖上锅盖和量杯，设置：8分钟/140℃/1档（反转）焯水;烹饪完成后，将小龙虾倒出过冷水，去头去壳留虾肉，并洗净主锅;烹饪完成，加入咖喱块和200g清水，盖上锅盖和量杯，设置：5分钟/140℃/1档（反转）煸炒,cooking_liquid,NUTRITION_USAGE_CONTROLLED_COOKING_LIQUID,pending
55-5,55,咖喱小龙虾,41,水,清水200g,,其他,200g,1,主锅中加入小龙虾、姜片、大葱段和800g开水，盖上锅盖和量杯，设置：8分钟/140℃/1档（反转）焯水,cooking_liquid,NUTRITION_USAGE_CONTROLLED_COOKING_LIQUID,pending
55-7,55,咖喱小龙虾,28,食用油,食用油15g,,调料,15g,3,主锅中加入食用油和土豆块，盖上锅盖和量杯，设置：5分钟/140℃/1档（反转）煸炒,cooking_fat,NUTRITION_USAGE_CONTROLLED_COOKING_FAT,pending
56-4,56,葱油花卷,41,水,B料：温水180克,温,其他,180克,2;3,B中的酵母加入温水，用筷子搅拌至酵母溶解，静置2分钟;将酵母水倒入面粉中，先用筷子搅成面疙瘩，再用手揉成表面光滑的面团，将面团放在料理盆中，盖上保鲜膜醒发15分钟,cooking_liquid,NUTRITION_USAGE_CONTROLLED_COOKING_LIQUID,pending
56-8,56,葱油花卷,28,食用油,食用油1汤匙,,调料,1汤匙,4;6,将小葱切成葱花，火腿肠切碎粒，将C中的盐加入到食用油中搅拌，备用;在面片上刷食用油，再撒上葱花和火腿肠碎,cooking_fat,NUTRITION_USAGE_CONTROLLED_COOKING_FAT,pending
57-5,57,太极豆腐,20,橄榄油,橄榄油25毫升,,调料,25毫升,5,豆腐、核桃仁、芝麻一同放入容器中，放入适量橄榄油、食盐、胡椒粉，与蛋清搅拌,cooking_fat,NUTRITION_USAGE_CONTROLLED_COOKING_FAT,pending
60-2,60,饺子皮葱香脆片,20,橄榄油,B料：橄榄油30mL,,调料,30mL,2,饺子皮表面刷上一层橄榄油,cooking_fat,NUTRITION_USAGE_CONTROLLED_COOKING_FAT,pending
61-11,61,蒸马蹄肉丸,28,食用油,食用油5毫升,,调料,5毫升,8,锅中注入清水烧开，放入食用油，撒入盐,cooking_fat,NUTRITION_USAGE_CONTROLLED_COOKING_FAT,pending
62-2,62,韭菜香干,28,食用油,食用油20g,,调料,20g,,,cooking_fat,NUTRITION_USAGE_CONTROLLED_COOKING_FAT,pending
63-3,63,蒜蓉油麦菜,208,猪油,猪油10克,,肉禽,10克,3,中号盘中加入猪油10g和玉米油10g，放在蒸烤架上，放入机器第二层，开启电源，选择“ 开始烹饪”按键，按屏幕提示操作,cooking_fat,NUTRITION_USAGE_CONTROLLED_COOKING_FAT,pending
63-4,63,蒜蓉油麦菜,169,玉米油,玉米油10克,,蔬菜,10克,3,中号盘中加入猪油10g和玉米油10g，放在蒸烤架上，放入机器第二层，开启电源，选择“ 开始烹饪”按键，按屏幕提示操作,cooking_fat,NUTRITION_USAGE_CONTROLLED_COOKING_FAT,pending
66-8,66,鸡肉培根卷,155,色拉油,色拉油5g,,调料,5g,7,在鸡肉培根卷上刷上色拉油，撒上黑胡椒粉,cooking_fat,NUTRITION_USAGE_CONTROLLED_COOKING_FAT,pending
67-5,67,八珍糕,41,水,温开水90克（（45℃））,煮沸+温,其他,90克,1;2,将温开水分次缓慢加入到粉中，每加一点水便用双手搓揉粉，使其形成砂砾状态;当粉末可以捏成团状并能轻松碎掉即可停止加水,cooking_liquid,NUTRITION_USAGE_CONTROLLED_COOKING_LIQUID,pending
67-6,67,八珍糕,28,食用油,食用油5克,,调料,5克,4,准备好专用米糕模具，四周刷上少量食用油，将米粉倒入，表面抹平，再倒扣在垫有有空硅胶垫上的蒸烤架上，做成独立糕体,cooking_fat,NUTRITION_USAGE_CONTROLLED_COOKING_FAT,pending
68-2,68,花生芝麻粥,41,水,水800g,,其他,800g,1,主锅中加入粳米和水，盖上锅盖，不要放量杯，设置：30分钟/98℃/2档（反转）熬煮,cooking_liquid,NUTRITION_USAGE_CONTROLLED_COOKING_LIQUID,pending
70-4,70,周黑鸭卤鸭翅,41,水,水950g,,其他,950g,1;3,主锅中加入鸭翅、10g姜片、10g料酒和800g水，盖上锅盖和量杯，设置：8分钟/140℃/1档（反转）焯水;主锅中加入焯水后的鸭翅、八角、桂皮、花椒、香叶、干红辣椒、生抽、老抽、冰糖、100g料酒和150g水，盖上锅盖和量杯，设置：30分钟/140℃/1档（反转）卤制,cooking_liquid,NUTRITION_USAGE_CONTROLLED_COOKING_LIQUID,pending
73-2,73,小米粥,41,水,水1000克,,其他,1000克,1,主锅中加入洗净小米、水和白砂糖，盖上锅盖，设置：40分钟/大火/慢煮粥,cooking_liquid,NUTRITION_USAGE_CONTROLLED_COOKING_LIQUID,pending
73-5,73,小米粥,41,水,水1000克,,其他,1000克,,,cooking_liquid,NUTRITION_USAGE_CONTROLLED_COOKING_LIQUID,pending
76-2,76,马拉糕,155,色拉油,色拉油25g,,调料,25g,1,主锅中加入全蛋液、色拉油、牛奶和红糖，盖上锅盖和量杯，设置：1分钟/4档（反转）混合,cooking_fat,NUTRITION_USAGE_CONTROLLED_COOKING_FAT,pending
76-7,76,马拉糕,41,水,水900g,,其他,900g,5,主锅中加入水，盖上锅盖，放上复式蒸锅，设置：50分钟/140℃/1档蒸制,cooking_liquid,NUTRITION_USAGE_CONTROLLED_COOKING_LIQUID,pending
77-7,77,虾干蒸春笋,155,色拉油,色拉油5克,,调料,5克,,,cooking_fat,NUTRITION_USAGE_CONTROLLED_COOKING_FAT,pending
78-10,78,清蒸黄花鱼,41,水,水600g,,其他,600g,3,主锅中加入水，盖上锅盖，放上复式蒸锅，设置：24分钟/140℃/2档蒸制,cooking_liquid,NUTRITION_USAGE_CONTROLLED_COOKING_LIQUID,pending
78-9,78,清蒸黄花鱼,28,食用油,食用油10g,,调料,10g,1,取一鱼盘放在锅盖上，放入黄花鱼、盐、蒜末、姜丝、小葱段、小米椒和料酒，取下鱼盘，将其混匀腌制10分钟后，将蒸鱼豉油和食用油淋在黄鱼上,cooking_fat,NUTRITION_USAGE_CONTROLLED_COOKING_FAT,pending
81-11,81,清汤鱿鱼卷,41,水,清水15g,,其他,15g,1;4,主锅中加入鱿鱼花、水、10g料酒和10g大葱片，盖上锅盖和量杯，设置：4分钟/140℃/1档（反转）焯水;结束后加入鱿鱼花、笋丝、青椒丝、红椒丝、5g料酒、1大勺盐和清水，盖上锅盖和量杯，设置：5分钟/140℃/1档（反转）翻炒,cooking_liquid,NUTRITION_USAGE_CONTROLLED_COOKING_LIQUID,pending
81-2,81,清汤鱿鱼卷,41,水,水600g,,其他,600g,1,主锅中加入鱿鱼花、水、10g料酒和10g大葱片，盖上锅盖和量杯，设置：4分钟/140℃/1档（反转）焯水,cooking_liquid,NUTRITION_USAGE_CONTROLLED_COOKING_LIQUID,pending
81-5,81,清汤鱿鱼卷,28,食用油,食用油20g,,调料,20g,3,主锅中加入食用油、姜丝和15g大葱片，盖上锅盖和量杯，设置：2分钟/140℃/1档（反转）煸炒,cooking_fat,NUTRITION_USAGE_CONTROLLED_COOKING_FAT,pending
82-4,82,烤火鸡腿,155,色拉油,色拉油15克,,调料,15克,,,cooking_fat,NUTRITION_USAGE_CONTROLLED_COOKING_FAT,pending
82-5,82,烤火鸡腿,155,色拉油,C料：色拉油15克,,调料,15克,,,cooking_fat,NUTRITION_USAGE_CONTROLLED_COOKING_FAT,pending
83-2,83,西红柿豆腐羹,41,水,水10g,,其他,10g,1;7,取一小碗加入5g淀粉、10g水混匀制成水淀粉;加入混匀的水淀粉和葱花，盖上锅盖和量杯，设置：30秒/110℃/2档（反转）勾芡,cooking_liquid,NUTRITION_USAGE_CONTROLLED_COOKING_LIQUID,pending
83-4,83,西红柿豆腐羹,28,食用油,食用油15g,,调料,15g,3,主锅中加入食用油，盖上锅盖和量杯，设置：2分钟/140℃/1档热油,cooking_fat,NUTRITION_USAGE_CONTROLLED_COOKING_FAT,pending
85-14,85,海带筒骨汤,41,水,水2100克,,其他,2100克,2;4,主锅中加入筒骨、800g水、10g姜片、20g大葱和料酒，盖上锅盖和量杯，设置：9分钟/140℃/2档（反转）焯水;主锅中加入焯水后的筒骨段、10g姜片、20g大葱和1300g水，盖上锅盖和量杯，设置：60分钟/100℃停刀烧煮,cooking_liquid,NUTRITION_USAGE_CONTROLLED_COOKING_LIQUID,pending
85-9,85,海带筒骨汤,41,水,开水1000~1500克,煮沸,其他,1500克,2;4,主锅中加入筒骨、800g水、10g姜片、20g大葱和料酒，盖上锅盖和量杯，设置：9分钟/140℃/2档（反转）焯水;主锅中加入焯水后的筒骨段、10g姜片、20g大葱和1300g水，盖上锅盖和量杯，设置：60分钟/100℃停刀烧煮,cooking_liquid,NUTRITION_USAGE_CONTROLLED_COOKING_LIQUID,pending
86-4,86,烤秋刀鱼,28,食用油,食用油10克,,调料,10克,4,在铺有锡纸的烤盘上刷适量食用油，将秋刀鱼放到烤盘上,cooking_fat,NUTRITION_USAGE_CONTROLLED_COOKING_FAT,pending
87-1,87,韭菜炒豆芽,28,食用油,主料：食用油15g,,调料,15g,1,主锅中加入食用油、大蒜末和小米椒丝，盖上锅盖和量杯，设置：2分钟/140℃/1档（反转）爆香,cooking_fat,NUTRITION_USAGE_CONTROLLED_COOKING_FAT,pending
89-3,89,法式软饼,28,食用油,食用油15g,,调料,15g,2,取一平底锅加入食用油加热，倒入一勺面糊煎至两面微黄后取出，撒上白糖并滴上柠檬汁即可食用,cooking_fat,NUTRITION_USAGE_CONTROLLED_COOKING_FAT,pending
90-10,90,杂粮粥,41,水,水1600克,,其他,1600克,1;2,取一碗放在锅盖上，依次称取绿豆、芸豆、干莲子、红豆、大米、小米、高粱米、薏米、黑糯米和500g水，取下碗将其浸泡1小时备用;主锅中加入泡好的绿豆、芸豆、干莲子、红豆、大米、小米、高粱米、薏米、黑糯米和1100g水，盖上锅盖和量杯，设置：60分钟/98℃/1档（反转）熬煮,cooking_liquid,NUTRITION_USAGE_CONTROLLED_COOKING_LIQUID,pending
92-2,92,芙蓉蒸蛋,41,水,温水300克,温,其他,300克,3;4;6,然后加入鸡蛋1-1.5倍的温水;鸡蛋加水打匀之后，略微静置，用小勺将边缘的气泡舀走;开启电源，取出水箱加满水，将蒸烤盘/蒸烤架放入中间层，选择【开始烹饪】按键，按屏幕提示操作即可,cooking_liquid,NUTRITION_USAGE_CONTROLLED_COOKING_LIQUID,pending
92-4,92,芙蓉蒸蛋,356,油,油10克,,调料,10克,7,烹饪结束，淋上酱油和香油，即可享用,cooking_fat,NUTRITION_USAGE_CONTROLLED_COOKING_FAT,pending
93-5,93,碳烤蛤蜊,28,食用油,食用油10毫升,,调料,10毫升,4,再刷上适量食用油,cooking_fat,NUTRITION_USAGE_CONTROLLED_COOKING_FAT,pending
94-1,94,外婆菜,28,食用油,主料：食用油15g,,调料,15g,1,主锅中加入食用油、葱末、姜末和蒜末，盖上锅盖，不要放量杯，设置：2分钟/140℃/1档（反转）煸炒,cooking_fat,NUTRITION_USAGE_CONTROLLED_COOKING_FAT,pending
94-10,94,外婆菜,41,水,水300g,,其他,300g,3,加入梅干菜、白糖和水，盖上锅盖和量杯，设置：20分钟/140℃/1档（反转）炒拌,cooking_liquid,NUTRITION_USAGE_CONTROLLED_COOKING_LIQUID,pending
95-2,95,鲜虾火腿披萨2,41,水,水180克,,其他,180克,6;8,将鲜虾剥去外壳，放入沸水中焯一下，取出放凉，;青豆和玉米粒也要先放入沸水中煮上1分钟后，倒出沥干水份，放凉备用,cooking_liquid,NUTRITION_USAGE_CONTROLLED_COOKING_LIQUID,pending
95-5,95,鲜虾火腿披萨2,20,橄榄油,橄榄油10克,,调料,10克,3,7方太CS34BW电磁灶锅里放入少许橄榄油，开大火7档烧热，倒入洋葱碎炒至透明,cooking_fat,NUTRITION_USAGE_CONTROLLED_COOKING_FAT,pending
96-1,96,葱爆面,41,水,主料：水800g,,其他,800g,1;3,主锅中加入水，盖上锅盖和量杯，设置：7分钟/140℃/ 1档（反转）加热;结束后，捞出面条，放入冷水中冷却后沥干,cooking_liquid,NUTRITION_USAGE_CONTROLLED_COOKING_LIQUID,pending
96-3,96,葱爆面,28,食用油,食用油15g,,调料,15g,4,主锅洗净，加入食用油、葱花、白糖和盐，盖上锅盖和量杯，设置：3分钟/140℃/1档（反转）爆香,cooking_fat,NUTRITION_USAGE_CONTROLLED_COOKING_FAT,pending
98-8,98,清蒸带鱼,28,食用油,食用油10毫升,,调料,10毫升,7,烧热炒锅，倒入适量食用油，烧至八成热，将热油浇在鱼块上即可,cooking_fat,NUTRITION_USAGE_CONTROLLED_COOKING_FAT,pending
99-11,99,排骨焖饭,28,食用油,食用油20毫升,,调料,20毫升,7,另起一锅，锅中倒入食用油，倒入蒜瓣及排骨煸炒,cooking_fat,NUTRITION_USAGE_CONTROLLED_COOKING_FAT,pending
100-1,100,葱油拌面,28,食用油,主料：食用油200g,,调料,200g,1,主锅中加入食用油和葱段，盖上锅盖，不要放量杯，设置：40分钟/120℃/1档（反转）煸炒,cooking_fat,NUTRITION_USAGE_CONTROLLED_COOKING_FAT,pending
100-7,100,葱油拌面,41,水,水500g,,其他,500g,4;6,主锅中插入搅拌棒并卡在刀组上，加入水，盖上锅盖和量杯，设置：5分钟/140℃/1档（反转）烧煮;结束后取出面条，过净水后装入碗中，拌入葱油，放上葱段拌匀后即可食用,cooking_liquid,NUTRITION_USAGE_CONTROLLED_COOKING_LIQUID,pending
102-4,102,黄瓜柠檬水,41,水,水1000g,,其他,1000g,1,主锅中加入黄瓜块、柠檬块、糖粉和水，盖上锅盖和量杯，设置：8秒/8档打碎,cooking_liquid,NUTRITION_USAGE_CONTROLLED_COOKING_LIQUID,pending
103-3,103,菠菜粳米粥,41,水,水1200g,,其他,1200g,1;2,菠菜洗净切末，粳米提前半小时用清水浸泡;主锅中加入粳米和水，盖上锅盖，不要放量杯，设置：40分钟/98℃/2档（反转）熬煮,cooking_liquid,NUTRITION_USAGE_CONTROLLED_COOKING_LIQUID,pending
104-4,104,香橙蛋糕,155,色拉油,色拉油22克,,调料,22克,,,cooking_fat,NUTRITION_USAGE_CONTROLLED_COOKING_FAT,pending
105-9,105,姜饼人,41,水,水30毫升,,其他,30毫升,7,加水，和成光滑的面团,cooking_liquid,NUTRITION_USAGE_CONTROLLED_COOKING_LIQUID,pending
106-1,106,娃娃菜炒香菇,28,食用油,主料：食用油15g,,调料,15g,3,主锅中加入食用油、葱花和大蒜碎，盖上锅盖和量杯，设置：2分钟/140℃/1档（反转）煸炒,cooking_fat,NUTRITION_USAGE_CONTROLLED_COOKING_FAT,pending
107-8,107,芦笋虾仁,28,食用油,食用油20克,,调料,20克,2,主锅中加入食用油、芦笋段和1小勺盐，盖上锅盖，设置：2分30秒/猛火/热炒,cooking_fat,NUTRITION_USAGE_CONTROLLED_COOKING_FAT,pending
108-4,108,当归羊肉汤,41,水,水1900g,,其他,1900g,1;2;3,主锅中加入羊肉、20g姜片、30g料酒和800g水，盖上锅盖和量杯，设置：10分钟/140℃/1档（反转）焯水;结束后取出牛腱用温水洗净备用，并清洗主锅;主锅中加入焯好的羊肉块、15g姜片当归、黄芪、红枣和1100g水，盖上锅盖和量杯，设置：60分钟/98℃/停刀炖煮,cooking_liquid,NUTRITION_USAGE_CONTROLLED_COOKING_LIQUID,pending
109-1,109,蘑菇菠菜意大利饭,20,橄榄油,A料：橄榄油20克,,调料,20克,1,主锅中加入橄榄油和小干葱碎，盖上锅盖，设置：3分钟/热炒/中火,cooking_fat,NUTRITION_USAGE_CONTROLLED_COOKING_FAT,pending
110-3,110,紫薯Q心酥,208,猪油,猪油78g,,肉禽,78g,,,cooking_fat,NUTRITION_USAGE_CONTROLLED_COOKING_FAT,pending
110-5,110,紫薯Q心酥,41,水,水103g,,其他,103g,,,cooking_liquid,NUTRITION_USAGE_CONTROLLED_COOKING_LIQUID,pending
110-7,110,紫薯Q心酥,208,猪油,猪油98g,,肉禽,98g,,,cooking_fat,NUTRITION_USAGE_CONTROLLED_COOKING_FAT,pending
111-4,111,薏米排骨汤,41,水,水1500g,,其他,1500g,2;4,主锅中加入排骨、料酒和700g水，盖上锅盖和量杯，设置：8分钟/140℃/1档（反转）焯水;加入排骨、薏米、姜片、盐和800g水，盖上锅盖和量杯，设置：50分钟/105℃停刀烧煮,cooking_liquid,NUTRITION_USAGE_CONTROLLED_COOKING_LIQUID,pending
112-4,112,紫薯芋泥切糕,169,玉米油,玉米油30毫升,,蔬菜,30毫升,2,糯米粉、粘米粉、紫薯粉、细砂糖混合在一起，再加入玉米油，然后慢慢倒入温水，一边倒入一边不停搅拌,cooking_fat,NUTRITION_USAGE_CONTROLLED_COOKING_FAT,pending
112-5,112,紫薯芋泥切糕,41,水,温水180毫升,温,其他,180毫升,2;4,糯米粉、粘米粉、紫薯粉、细砂糖混合在一起，再加入玉米油，然后慢慢倒入温水，一边倒入一边不停搅拌;放入方太智能烹饪设备，开启电源，取出水箱加满水，选择“开始烹饪”按键，按屏幕提示操作,cooking_liquid,NUTRITION_USAGE_CONTROLLED_COOKING_LIQUID,pending
114-4,114,红糖红枣发糕,41,水,辅料：温水150克,温,其他,150克,2;3;5;9,将红糖倒入温水中，用勺子搅拌一下化开，备用;将酵母放入红糖水中拌匀放置一会;将融化好的红糖水倒入面粉中;放入方太智能烹饪设备第2层，开启电源，取出水箱加满水，选择“开始烹饪”按键，按屏幕提示操作,cooking_liquid,NUTRITION_USAGE_CONTROLLED_COOKING_LIQUID,pending
116-3,116,酱烧牛小排,41,水,水1600g,,其他,1600g,1;2;4,主锅中加入牛小排块、料酒和800g水，盖上锅盖和量杯，设置：8分钟/140℃/1档（反转）焯水;结束后取出牛排沥干水分，洗净主锅;结束后加入焯水后的牛小排、生抽和800g水，盖上锅盖和量杯，设置：75分钟/100℃/1档（反转）炖煮,cooking_liquid,NUTRITION_USAGE_CONTROLLED_COOKING_LIQUID,pending
116-4,116,酱烧牛小排,28,食用油,食用油25g,,调料,25g,3;6,主锅中加入15g食用油、姜片、葱段和八角，盖上锅盖和量杯，设置：1分钟/140℃/1档（反转）;主锅中加入10g食用油和蒜末，盖上锅盖和量杯，设置：1分钟/140℃/1档煸炒,cooking_fat,NUTRITION_USAGE_CONTROLLED_COOKING_FAT,pending
117-1,117,荷兰豆炒五花肉,28,食用油,主料：食用油10g,,调料,10g,1,主锅中加入食用油、蒜片和五花肉片，盖上锅盖，不要放量杯，设置：3分钟/140℃/2档（反转）煸炒,cooking_fat,NUTRITION_USAGE_CONTROLLED_COOKING_FAT,pending
118-8,118,木瓜蔬果蒸饭,28,食用油,食用油5g,,调料,5g,4,取一碗放置在锅盖上，称取黑米、大米、葡萄干、胡萝卜、红椒、火腿肠、食用油、20g水、木瓜果肉和盐，调和均匀装入木瓜盅，再放入复式蒸锅中备用,cooking_fat,NUTRITION_USAGE_CONTROLLED_COOKING_FAT,pending
118-9,118,木瓜蔬果蒸饭,41,水,水820g,,其他,820g,4;5,取一碗放置在锅盖上，称取黑米、大米、葡萄干、胡萝卜、红椒、火腿肠、食用油、20g水、木瓜果肉和盐，调和均匀装入木瓜盅，再放入复式蒸锅中备用;主锅中加入800g水，盖上锅盖，放上复式蒸锅，设置：45分钟/140℃/1档蒸制,cooking_liquid,NUTRITION_USAGE_CONTROLLED_COOKING_LIQUID,pending
119-1,119,茄汁白玉菇,28,食用油,A料：食用油20克,,调料,20克,1,主锅中加入食用油、蒜末、番茄酱、西红柿碎、白糖和盐，盖上锅盖，设置：4分钟/红烧/大火,cooking_fat,NUTRITION_USAGE_CONTROLLED_COOKING_FAT,pending
121-1,121,蒜蓉粉丝蒸龙虾,28,食用油,B料：食用油120克,,调料,120克,3,油蒜末：将炒锅加热，放入B中食用油，加入蒜末，小火煸香，待蒜末呈淡黄色时盛出,cooking_fat,NUTRITION_USAGE_CONTROLLED_COOKING_FAT,pending
125-9,125,北京烤鸭,41,水,热水150毫升,热,其他,150毫升,2;4;5;6;8;11,方太CS34BW电磁灶大火8档烧一大壶开水，用开水浇遍鸭子的全身，正反面都要浇到;找个红酒瓶或是差不多大小的瓶子，在瓶子里灌满水，把鸭插在瓶子上立起来，用一根筷子把鸭翅架起来;将蜂蜜、料酒、白醋和2大勺清水混合成脆皮水;将脆皮水均匀的刷遍鸭子的表皮，继续放在通风处晾干，重复两遍;再将面包或是馒头浸透水，也塞进肚子里，可以用牙签将开口固定一下;面粉跟盐混合，一边冲入80度左右的热水150ml，一边用筷子搅拌成絮状,cooking_liquid,NUTRITION_USAGE_CONTROLLED_COOKING_LIQUID,pending
127-6,127,香菇竹笋粥,28,食用油,食用油10g,,调料,10g,1,主锅中加入食用油、腌制好的猪肉丝、香菇片、笋丝和1小勺盐，盖上锅盖，不要放量杯，设置：3分钟/140℃/1档（反转）煸炒,cooking_fat,NUTRITION_USAGE_CONTROLLED_COOKING_FAT,pending
127-8,127,香菇竹笋粥,41,水,水900g,,其他,900g,3,主锅中加入大米和水，盖上锅盖，不要放量杯，设置：30分钟/98℃/2档（反转）熬煮,cooking_liquid,NUTRITION_USAGE_CONTROLLED_COOKING_LIQUID,pending
128-1,128,田园蔬菜汤,28,食用油,主料：食用油15克,,调料,15克,1,主锅中加入食用油和大蒜，盖上锅盖和量杯，设置：2分钟/140℃/1档（反转）爆香,cooking_fat,NUTRITION_USAGE_CONTROLLED_COOKING_FAT,pending
128-8,128,田园蔬菜汤,41,水,水700克,,其他,700克,2,加入胡萝卜、黄瓜、土豆、番茄、盐和水，盖上锅盖和量杯，设置：20分钟/105℃停刀烧煮,cooking_liquid,NUTRITION_USAGE_CONTROLLED_COOKING_LIQUID,pending
129-11,129,豆豉剁椒蒸泥鳅,28,食用油,食用油10毫升,,调料,10毫升,1;5,热锅注入食用油，烧至六成热;再加入朝天椒，放入盐、鸡粉、料酒、食用油，拌匀,cooking_fat,NUTRITION_USAGE_CONTROLLED_COOKING_FAT,pending
130-5,130,紫米红枣莲子粥,41,水,水1000g,,其他,1000g,1,主锅中加入紫米、大米、泡发莲子、红枣、冰糖和水，盖上锅盖，不要放量杯，设置：45分钟/98℃/2档（反转）熬煮,cooking_liquid,NUTRITION_USAGE_CONTROLLED_COOKING_LIQUID,pending
131-10,131,香菇酿肉丸,41,水,水600毫升,,其他,600毫升,5,请取出水箱加满水，选择“开始烹饪”，按屏幕提示操作,cooking_liquid,NUTRITION_USAGE_CONTROLLED_COOKING_LIQUID,pending
132-3,132,冰花炖蛋,41,水,清水200克,,其他,200克,2;3;5,方太C2.i智控燃气灶开中火（5档），将清水倒入锅中，加入冰糖，将冰糖煮至融化，放凉备用;将鸡蛋打发，加入放凉的冰糖水拌匀;放入方太智能烹饪设备第2层，开启电源，取出水箱加满水，选择“开始烹饪”按键，按屏幕提示操作,cooking_liquid,NUTRITION_USAGE_CONTROLLED_COOKING_LIQUID,pending
133-3,133,糯米饭团,41,水,清水100克,,其他,100克,1;2,将米用清水洗净浸泡2小时左右;沥水后平铺在盘上，加入A中清水，将盘放在蒸盘/蒸烤架上，放入机器中间层，取出水箱加满水，选择“开始烹饪”按键，按屏幕提示操作,cooking_liquid,NUTRITION_USAGE_CONTROLLED_COOKING_LIQUID,pending
134-5,134,香草牛仔骨,20,橄榄油,橄榄油8毫升,,调料,8毫升,1,在牛仔骨上撒入适量盐、鸡粉，倒入适量橄榄油，抹匀,cooking_fat,NUTRITION_USAGE_CONTROLLED_COOKING_FAT,pending
134-7,134,香草牛仔骨,28,食用油,食用油15毫升,,调料,15毫升,4,在铺有锡纸的烤盘上刷适量食用油，将牛仔骨放到烤盘上,cooking_fat,NUTRITION_USAGE_CONTROLLED_COOKING_FAT,pending
135-2,135,红豆椰奶冻,41,水,水70g,,其他,70g,2;5,另取一碗称取30g水和吉利丁粉混合备用;主锅中加入红糖和40g水，盖上锅盖和量杯，设置：4分钟/100℃/2档融化,cooking_liquid,NUTRITION_USAGE_CONTROLLED_COOKING_LIQUID,pending
137-6,137,清蒸罗非鱼,461,花生油,花生油10克,,坚果,10克,12,倒入酱油、烧热的花生油，放上葱丝,cooking_fat,NUTRITION_USAGE_CONTROLLED_COOKING_FAT,pending
139-4,139,蓝莓山药,28,食用油,食用油15毫升,,调料,15毫升,,,cooking_fat,NUTRITION_USAGE_CONTROLLED_COOKING_FAT,pending
140-7,140,豆腐皮素菜卷,28,食用油,食用油10毫升,,调料,10毫升,,,cooking_fat,NUTRITION_USAGE_CONTROLLED_COOKING_FAT,pending
142-5,142,香蕉糯米糍,28,食用油,食用油15克,,调料,15克,,,cooking_fat,NUTRITION_USAGE_CONTROLLED_COOKING_FAT,pending
145-3,145,椰丝糯米糍,28,食用油,食用油55g,,调料,55g,,,cooking_fat,NUTRITION_USAGE_CONTROLLED_COOKING_FAT,pending
145-5,145,椰丝糯米糍,41,水,水870g,,其他,870g,2,主锅中加入600g水，盖上锅盖并放上复式蒸锅，设置：25分钟/120℃/2档蒸制,cooking_liquid,NUTRITION_USAGE_CONTROLLED_COOKING_LIQUID,pending
146-11,146,彩椒焗烤鲈鱼,28,食用油,食用油10毫升,,调料,10毫升,12,在玻璃碗中，放入香芹、洋葱、黄椒、红椒、盐、食用油、黑胡椒粉，搅拌均匀,cooking_fat,NUTRITION_USAGE_CONTROLLED_COOKING_FAT,pending
148-5,148,串烤金针菇,356,油,油10克,,调料,10克,3,烤盘上铺好油纸，金针菇用签子串好，平铺在烤盘上，两面均匀涂上油、蒜末、辣椒粉、盐,cooking_fat,NUTRITION_USAGE_CONTROLLED_COOKING_FAT,pending
150-9,150,烤生蚝,155,色拉油,色拉油75克,,调料,75克,2,将原料B切细末，在锅中倒入色拉油，油热后加入姜、蒜，炒至微微上色后加入洋葱炒香，加入盐和香菜末拌匀备用,cooking_fat,NUTRITION_USAGE_CONTROLLED_COOKING_FAT,pending
151-2,151,香芒乌龙,41,水,冰水240g,冰,其他,240g,,,cooking_liquid,NUTRITION_USAGE_CONTROLLED_COOKING_LIQUID,pending
153-3,153,红薯米饭,41,水,清水220克,,其他,220克,2;3;4,将大米称重后淘洗干净，加入水（推荐干米:水=1:1.1~1:1.2），倒入无孔蒸盘/玻璃蒸盘;轻轻晃动无孔蒸盘/玻璃蒸盘，使水和米均匀分布，再将红薯丁均匀地铺放在大米表面;将蒸盘放入设备中间层，开启电源，取出水箱加满水，选择“开始烹饪”按键，按屏幕提示操作,cooking_liquid,NUTRITION_USAGE_CONTROLLED_COOKING_LIQUID,pending
155-7,155,芒果糯米糍,41,水,水600g,,其他,600g,2,主锅中加入水，盖上锅盖，放上复式蒸锅，设置：30分钟/140℃/2档蒸制,cooking_liquid,NUTRITION_USAGE_CONTROLLED_COOKING_LIQUID,pending
156-9,156,碗蒸羊肉,498,菜籽油,菜籽油15克,,蔬菜,15克,,,cooking_fat,NUTRITION_USAGE_CONTROLLED_COOKING_FAT,pending
157-2,157,虾皮鸡蛋羹,41,水,温水120克,温,其他,120克,2;3;6,虾皮清洗干净，热水烫一下，挤干水份备用;鸡蛋打入碗中，倒入温水打匀;放入方太智能烹饪设备第2层，开启电源，取出水箱加满水，选择“开始烹饪”按键，按屏幕提示操作,cooking_liquid,NUTRITION_USAGE_CONTROLLED_COOKING_LIQUID,pending
158-2,158,白切肘子,41,水,水1000g,,其他,1000g,2,主锅中加入水、绑成圆柱体的肘子、八角、姜片、料酒，香叶、花椒和葱结，盖上锅盖和量杯，设置：90分钟/105℃/1档（反转）炖煮,cooking_liquid,NUTRITION_USAGE_CONTROLLED_COOKING_LIQUID,pending
159-1,159,广式香肠炒莴笋,28,食用油,主料：食用油20g,,调料,20g,1,主锅中加入食用油和蒜片，盖上锅盖和量杯，设置：2分钟/140℃/1档（反转）爆香,cooking_fat,NUTRITION_USAGE_CONTROLLED_COOKING_FAT,pending
161-12,161,卤香菇,41,水,水1000g,,其他,1000g,2,加入鲜香菇、白糖、料酒、酱油、盐和水，盖上锅盖和量杯，设置：15分钟/120℃/1档（反转）收汁,cooking_liquid,NUTRITION_USAGE_CONTROLLED_COOKING_LIQUID,pending
161-2,161,卤香菇,28,食用油,食用油20g,,调料,20g,1,主锅中加入食用油、姜片、葱白段、八角、香叶和桂皮，盖上锅盖和量杯，设置：3分钟/140℃/ 1档（反转）爆香,cooking_fat,NUTRITION_USAGE_CONTROLLED_COOKING_FAT,pending
163-1,163,玉米馒头,41,水,主料：水860g,,其他,860g,1;4,主锅中加入260g水、细砂糖和酵母，盖上锅盖和量杯，设置：3分钟/37℃/2档（反转）加热;主锅中加入600g水，盖上锅盖，放上复式蒸锅，设置：30分钟/140℃/2档蒸制,cooking_liquid,NUTRITION_USAGE_CONTROLLED_COOKING_LIQUID,pending
164-12,164,淮扬杂烩汤,41,水,冷水150克,冷,其他,150克,5;6;9,把姜切片，葱、料酒入水中，用手把姜和葱捏出汁;把汁水、蛋清、同时加入鱼丸泥搅拌，充分搅打上劲，用手捏出小鱼丸，放入水中;把菜倒入锅中，倒水(鸡汤、骨头汤更佳)超过材料，炖约15分钟,cooking_liquid,NUTRITION_USAGE_CONTROLLED_COOKING_LIQUID,pending
165-2,165,葱油金针菇,41,水,水600g,,其他,600g,2,主锅中加水，盖上锅盖，放上复式蒸锅，设置：20分钟/140℃/1档蒸制,cooking_liquid,NUTRITION_USAGE_CONTROLLED_COOKING_LIQUID,pending
165-6,165,葱油金针菇,28,食用油,食用油30g,,调料,30g,4,主锅洗净，加入食用油、盐、白糖、葱花和姜末，盖上锅盖，不要放量杯，设置：3分钟/140℃/1档爆香,cooking_fat,NUTRITION_USAGE_CONTROLLED_COOKING_FAT,pending
166-7,166,莲藕粉蒸肉,28,食用油,食用油10毫升,,调料,10毫升,,,cooking_fat,NUTRITION_USAGE_CONTROLLED_COOKING_FAT,pending
167-11,167,豉汁烤排骨,41,水,水50克,,其他,50克,1,将排骨洗净，用厨房纸巾吸干表面水分，并用刀剁成8厘米左右的段，放入料理盆中,cooking_liquid,NUTRITION_USAGE_CONTROLLED_COOKING_LIQUID,pending
168-1,168,醋溜白菜,28,食用油,主料：食用油10g,,调料,10g,1,主锅中加入食用油、蒜末和干辣椒段，盖上锅盖和量杯，设置：1分钟/140℃/1档（反转）炒香,cooking_fat,NUTRITION_USAGE_CONTROLLED_COOKING_FAT,pending
169-6,169,雪媚娘,41,水,水700g,,其他,700g,2;8,主锅洗净加入水，盖上锅盖并放上复式蒸锅，设置：40分钟/140℃/1档蒸制;将面皮放入雪媚娘模具中，加入适量淡奶油和水果，收口后倒扣出来略微整形即可,cooking_liquid,NUTRITION_USAGE_CONTROLLED_COOKING_LIQUID,pending
172-9,172,蒜蓉粉丝蒸生蚝,28,食用油,食用油5毫升,,调料,5毫升,,,cooking_fat,NUTRITION_USAGE_CONTROLLED_COOKING_FAT,pending
177-2,177,糖桂花烤栗子,28,食用油,辅料：食用油15克,,调料,15克,3,将栗子放入碗中，倒入食用油拌匀，使其表面沾满油,cooking_fat,NUTRITION_USAGE_CONTROLLED_COOKING_FAT,pending
177-4,177,糖桂花烤栗子,41,水,开水10克,煮沸,其他,10克,4;7,另取1小碗，加入30克桂花糖浆和开水混合均匀;开启电源，取出水箱加满水，将蒸烤盘放入烹饪机中间层，选择【开始烹饪】按键，按屏幕提示操作即可,cooking_liquid,NUTRITION_USAGE_CONTROLLED_COOKING_LIQUID,pending
180-4,180,五彩素粥,41,水,水900g,,其他,900g,2,主锅中加入大米和水，盖上锅盖，不要放量杯，设置：30分钟/98℃/2档（反转）熬煮,cooking_liquid,NUTRITION_USAGE_CONTROLLED_COOKING_LIQUID,pending
181-2,181,古早蛋糕,169,玉米油,玉米油70g,,蔬菜,70g,2,主锅中洗净擦干，加入玉米油，盖上锅盖和量杯，设置：2分钟/75℃/1档热油,cooking_fat,NUTRITION_USAGE_CONTROLLED_COOKING_FAT,pending
182-2,182,原味鸡蛋羹,41,水,辅料：温开水100克,煮沸+温,其他,100克,3;6,加少许盐，兑入温开水，打散;开启电源，取出水箱加满水，将蒸烤盘/蒸烤架放入中间层，选择【开始烹饪】按键，按屏幕提示操作即可,cooking_liquid,NUTRITION_USAGE_CONTROLLED_COOKING_LIQUID,pending
185-2,185,松子枣泥拉糕,41,水,清水1000g,,其他,1000g,1,将干红枣洗净后放入大碗中，加入1000g温热水浸泡1小时,cooking_liquid,NUTRITION_USAGE_CONTROLLED_COOKING_LIQUID,pending
185-5,185,松子枣泥拉糕,208,猪油,熟猪油100g,熟,肉禽,100g,4,取一炒锅，烧热后倒入原料B中的熟猪油，融化后加入枣泥、豆沙、白糖，小火炒制成均匀的糊状后即可关火，再加入500g红枣浸泡液搅拌均匀，冷却备用,cooking_fat,NUTRITION_USAGE_CONTROLLED_COOKING_FAT,pending
186-4,186,葱香土豆泥,28,食用油,食用油2汤匙,,调料,2汤匙,5,将炒锅烧热，倒入B中的食用油，待油温升至七成热（略微冒烟）时放入大葱煸炒，葱香味出来后夹出，改用小火，将土豆泥倒入锅中，加入盐、黑胡椒粉、鸡精翻炒均匀即可，最后加入葱花，起锅装盘，趁热食用,cooking_fat,NUTRITION_USAGE_CONTROLLED_COOKING_FAT,pending
188-6,188,抹茶麻薯,28,食用油,食用油15g,,调料,15g,1,主锅中加入糯米粉、玉米淀粉、抹茶粉、白砂糖、牛奶和食用油，盖上锅盖和量杯，设置：3分钟/4档（反转）混合，结束后，用刮刀取出抹茶糊倒入碗中并洗净主锅,cooking_fat,NUTRITION_USAGE_CONTROLLED_COOKING_FAT,pending
188-7,188,抹茶麻薯,41,水,水800g,,其他,800g,2,主锅中加入800g水，盖上锅盖，放上复式蒸锅，将抹茶糊放入蒸锅中，设置：20分钟/110℃/1档蒸制,cooking_liquid,NUTRITION_USAGE_CONTROLLED_COOKING_LIQUID,pending
189-10,189,柠香鲑鱼串,20,橄榄油,橄榄油15毫升,,调料,15毫升,2;7,三文鱼装入碗中，加入盐、烧烤粉、辣椒粉、蚝油、白胡椒粉，淋入橄榄油，挤入适量柠檬汁，拌匀，腌渍15分钟;打开箱门，刷上橄榄油、蚝油,cooking_fat,NUTRITION_USAGE_CONTROLLED_COOKING_FAT,pending
190-11,190,腊肠煲仔饭,169,玉米油,玉米油10克,,蔬菜,10克,5;7;10,调味酱汁制作：将调料中除玉米油外的所有调味料倒入小碗中搅拌均匀即成调味酱汁;取一砂锅洗净，用厨房纸巾擦干，往砂锅中倒入5g玉米油，用刷子涂抹砂锅壁，均匀的抹一层油脂;烹饪时间剩余10分钟后，取出砂锅，打开盖子，锅边淋入剩余的5g玉米油，在米饭表面敲入一个鸡蛋，盖上盖子，继续烹饪,cooking_fat,NUTRITION_USAGE_CONTROLLED_COOKING_FAT,pending
190-14,190,腊肠煲仔饭,41,水,清水5克,,其他,5克,1;4;6;8;9,把腊肠放入水中快速清洗，捞出斜切成片;将油菜心洗净，明火水开焯水30秒备用;称取五常大米150g，放入大碗中，倒入清水用手淘洗三次后沥出水;将砂锅放在电子称上去皮归零，把五常大米放入砂锅中加入清水，米水总重量315g(米水比为1：1.1)，放入腊肠片和姜丝，盖上砂锅盖子;将砂锅放置在蒸烤架上，放在机器第一层，开启电源，取出水箱加满水，选择烹饪属性，按确认键开始烹饪,cooking_liquid,NUTRITION_USAGE_CONTROLLED_COOKING_LIQUID,pending
193-2,193,有机小豆芽,41,水,水600g,,其他,600g,1;2;5,主锅中加入绿豆芽和水，盖上锅盖，不需要盖量杯，设置：6分钟/140℃/1档煮沸;烹饪结束，取出豆芽过冷水并沥干水分待用，洗净擦干主锅;主锅中加入焯水后的绿豆芽，盖上锅盖和量杯，设置：1分钟/140℃/1档（反转）煸炒,cooking_liquid,NUTRITION_USAGE_CONTROLLED_COOKING_LIQUID,pending
193-3,193,有机小豆芽,28,食用油,食用油20g,,调料,20g,3,主锅中加入食用油，盖上锅盖和量杯，设置：1分钟/100℃/1档热油,cooking_fat,NUTRITION_USAGE_CONTROLLED_COOKING_FAT,pending
194-7,194,蒜蓉粉丝蒸时蔬,356,油,辅料：油5毫升,,调料,5毫升,4,锅里放油，方太燃气灶开3档小火，油热放入蒜末炒香，之后将蒜末和酱油混合均匀作酱汁,cooking_fat,NUTRITION_USAGE_CONTROLLED_COOKING_FAT,pending
196-4,196,无锡排骨,41,水,水1030g,,其他,1030g,1;4,主锅中加入猪肋排、10g姜片、15g料酒和750g水，盖上锅盖和量杯，设置：8分钟/140℃/1 档(反转)焯水;加入猪肋排、冰糖、红曲粉、豆瓣酱、料酒、300g水、生抽和蚝油，盖上锅盖和量杯，设置：30分钟/120℃/1档(反转)烧煮,cooking_liquid,NUTRITION_USAGE_CONTROLLED_COOKING_LIQUID,pending
196-5,196,无锡排骨,28,食用油,食用油10g,,调料,10g,3,主锅中加入食用油、大葱、10g姜片、桂皮、丁香和豆蔻，盖上锅盖和量杯，设置：3 分/140℃/2档（反转）爆香,cooking_fat,NUTRITION_USAGE_CONTROLLED_COOKING_FAT,pending
197-4,197,黄桃罐头,41,水,水600g,,其他,600g,2,主锅中加入水，盖上锅盖，放上复式蒸锅，设置：30分钟/140℃/1档蒸制,cooking_liquid,NUTRITION_USAGE_CONTROLLED_COOKING_LIQUID,pending
198-11,198,韩式泡菜鸦片鱼头,41,水,清水100克,,其他,100克,1;3;5,将鸦片鱼头去鳃后用90℃左右的热水烫15秒，用刀轻轻刮去细鱼鳞，洗净沥干后从中间剖开;将炒锅加热，加入C中食用油，倒入姜末炒出香味，先将切好的五花肉和泡菜倒入锅中翻炒至完全成熟，再加入洋葱末稍稍煸炒后加清水、泡菜汁、辣椒粉、香辣酱，煮沸即可;开启电源，取出水箱加满水，选择“开始烹饪”按键，按屏幕提示操作,cooking_liquid,NUTRITION_USAGE_CONTROLLED_COOKING_LIQUID,pending
198-6,198,韩式泡菜鸦片鱼头,28,食用油,C料：食用油15克,,调料,15克,3,将炒锅加热，加入C中食用油，倒入姜末炒出香味，先将切好的五花肉和泡菜倒入锅中翻炒至完全成熟，再加入洋葱末稍稍煸炒后加清水、泡菜汁、辣椒粉、香辣酱，煮沸即可,cooking_fat,NUTRITION_USAGE_CONTROLLED_COOKING_FAT,pending
201-11,201,鲜肉包子,41,水,温水75g,温,其他,75g,2;6;7,酵母用温水化开;放入设备中间层，取出水箱加满水，选择“发酵”按键，设置35摄氏度，30分钟;发酵完成后，取出水箱加满水，选择“开始烹饪”按键，按屏幕提示操作,cooking_liquid,NUTRITION_USAGE_CONTROLLED_COOKING_LIQUID,pending
201-12,201,鲜肉包子,28,食用油,食用油5ml,,调料,5ml,3,加入面粉、食用油和4g白糖揉成光滑面团,cooking_fat,NUTRITION_USAGE_CONTROLLED_COOKING_FAT,pending
201-25,201,鲜肉包子,41,水,温水150g,温,其他,150g,6;7,放入设备中间层，取出水箱加满水，选择“发酵”按键，设置35摄氏度，30分钟;发酵完成后，取出水箱加满水，选择“开始烹饪”按键，按屏幕提示操作,cooking_liquid,NUTRITION_USAGE_CONTROLLED_COOKING_LIQUID,pending
201-26,201,鲜肉包子,28,食用油,食用油10ml,,调料,10ml,,,cooking_fat,NUTRITION_USAGE_CONTROLLED_COOKING_FAT,pending
202-10,202,酸菜黑鱼煲,41,水,水1000g,,其他,1000g,1;3,取一碗放在锅盖上，依次称取黑鱼片、生粉、10g料酒和白胡椒粉，取下碗拌匀腌制15分钟后，用厨房纸吸干水分;加入鱼头、鱼骨、30g料酒和1000g水，盖上锅盖和量杯，设置：25分钟/98℃/1档（反转）炖煮,cooking_liquid,NUTRITION_USAGE_CONTROLLED_COOKING_LIQUID,pending
202-7,202,酸菜黑鱼煲,28,食用油,食用油30g,,调料,30g,2;5,主锅中加入10g姜片、15g蒜瓣和15g食用油，盖上锅盖和量杯，设置：2分钟/140℃/1档（反转）煸炒;主锅中插入搅拌棒并卡在刀组上，加入酸菜、黄豆芽、15g瓣蒜、5g姜片、15g食用油、小红辣椒粒、绿线椒段和剁椒粒，盖上锅盖和量杯，设置：5分钟/140℃/1档（反转）煸炒,cooking_fat,NUTRITION_USAGE_CONTROLLED_COOKING_FAT,pending
203-2,203,三味山药泥,41,水,水800g,,其他,800g,2;5,主锅中加入水，盖上锅盖，放上复式蒸锅，设置：30分钟/140℃/1档蒸制;手上沾热水把山药泥分成3份搓圆，每种果酱加5g热水稀释一下，淋上山药泥即可食用,cooking_liquid,NUTRITION_USAGE_CONTROLLED_COOKING_LIQUID,pending
203-7,203,三味山药泥,41,水,热水5g,热,其他,5g,5,手上沾热水把山药泥分成3份搓圆，每种果酱加5g热水稀释一下，淋上山药泥即可食用,cooking_liquid,NUTRITION_USAGE_CONTROLLED_COOKING_LIQUID,pending
204-12,204,泡椒牛蛙,41,水,开水200g,煮沸,其他,200g,6,打开蒸微一体机，往碗内加入开水、料酒、盐、鸡精、生抽、白糖、柠檬片、丝瓜，搅拌均匀，,cooking_liquid,NUTRITION_USAGE_CONTROLLED_COOKING_LIQUID,pending
204-7,204,泡椒牛蛙,169,玉米油,C料：玉米油2汤匙,,蔬菜,2汤匙,4,取微波专用碗，将牛蛙、玉米油、辣椒油、红泡椒、花椒粒、葱段、蒜片、姜片、豆瓣酱搅拌混合均匀,cooking_fat,NUTRITION_USAGE_CONTROLLED_COOKING_FAT,pending
205-4,205,苹果红枣银耳羹,41,水,水1200g,,其他,1200g,2,主锅中加入泡发的银耳、苹果、冰糖和水，盖上锅盖和量杯，设置：60分钟/100℃/1档（反转）熬煮,cooking_liquid,NUTRITION_USAGE_CONTROLLED_COOKING_LIQUID,pending
206-10,206,彩椒酿肉,41,水,水80g,,其他,80g,3,将猪肉末放入料理盆中，依次加入酱油、料酒、盐、水、生粉，每一种原料加入都需顺同一方向搅匀,cooking_liquid,NUTRITION_USAGE_CONTROLLED_COOKING_LIQUID,pending
206-11,206,彩椒酿肉,28,食用油,食用油5g,,调料,5g,,,cooking_fat,NUTRITION_USAGE_CONTROLLED_COOKING_FAT,pending
208-2,208,红豆牛奶冰棍,41,水,水1000g,,其他,1000g,1,主锅中放入滤网蓝，加入泡发红豆，倒入1000g水，盖上锅盖和量杯，设置：75分钟/100℃/3档（反转）蒸制,cooking_liquid,NUTRITION_USAGE_CONTROLLED_COOKING_LIQUID,pending
209-5,209,全麦欧包,41,水,水153g,,其他,153g,1,主锅中加入全麦面包粉、盐、细砂糖、酵母、水、黄油和高筋面粉，盖上锅盖和量杯，设置：6分钟/揉面,cooking_liquid,NUTRITION_USAGE_CONTROLLED_COOKING_LIQUID,pending
213-4,213,榄菜肉碎蒸菜心,605,高汤,辅料：高汤150毫升,,其他,150毫升,9;11,加入高汤;将炒好的肉末和高汤一起倒在菜心上,cooking_liquid,NUTRITION_USAGE_CONTROLLED_COOKING_LIQUID,pending
214-1,214,宫保杏鲍菇,28,食用油,主料：食用油20g,,调料,20g,,,cooking_fat,NUTRITION_USAGE_CONTROLLED_COOKING_FAT,pending
216-18,216,老婆饼,208,猪油,辅料：猪油50克,,肉禽,50克,10;15;16,加入猪油，用手将猪油、糖水充分混匀呈乳化状态，再将其余的面粉与之拌和;静置水油面时，另取低筋粉，加入猪油;用掌根将猪油和面粉向前推擦,cooking_fat,NUTRITION_USAGE_CONTROLLED_COOKING_FAT,pending
216-2,216,老婆饼,208,猪油,猪油60克,,肉禽,60克,10,加入猪油，用手将猪油、糖水充分混匀呈乳化状态，再将其余的面粉与之拌和,cooking_fat,NUTRITION_USAGE_CONTROLLED_COOKING_FAT,pending
216-4,216,老婆饼,41,水,水80克,,其他,80克,1;2;4;9;10;13;15;19;20;21;23,"制作馅料：将冬瓜切成 0.4cm 的厚片，放入开水中煮约 8 分钟，待冬瓜片呈半透明状时，捞出沥干;制作馅料：用干净的纱布包裹冬瓜片，挤干水分，制得冬瓜蓉（约 275g）;制作馅料：将不粘锅烧热，倒入挤去水分的冬瓜蓉，中小火炒散，然后加入白糖，炒约 5 分钟后关火;中间放入白糖，水，用手搅匀;加入猪油，用手将猪油、糖水充分混匀呈乳化状态，再将其余的面粉与之拌和;待成为质地均匀柔软光滑的面团后，即成水油面;静置水油面时，另取低筋粉，加入猪油;将水油面和干油酥各均分为12份，并分别搓成球形(用保鲜膜盖住面团,防止干皮);将水油面擀成约8里米的中间厚边缘略博圆皮，装上油酥放在水油而皮的中间;将水油面皮向上拢并收口;取一个面坯，用擀面杖水平上下推擀呈长椭圆形",cooking_liquid,NUTRITION_USAGE_CONTROLLED_COOKING_LIQUID,pending
216-6,216,老婆饼,208,猪油,猪油30克,,肉禽,30克,,,cooking_fat,NUTRITION_USAGE_CONTROLLED_COOKING_FAT,pending
218-4,218,味噌豆腐汤,41,水,水520g,,其他,520g,1,主锅中加入500g水、鱼露和豆腐块，盖上锅盖，不要放量杯，设置：3分钟/140℃/停刀炖煮,cooking_liquid,NUTRITION_USAGE_CONTROLLED_COOKING_LIQUID,pending
219-4,219,蜜汁烤玉米,28,食用油,食用油5毫升,,调料,5毫升,1;4,在烤盘中铺上锡纸，在烧烤架上刷适量食用油;再刷上少许食用油,cooking_fat,NUTRITION_USAGE_CONTROLLED_COOKING_FAT,pending
222-10,222,荷叶蒸蟹饭,28,食用油,食用油1.5T,,调料,1.5T,5,热锅，倒入食用油，放入C剩余原料炒熟,cooking_fat,NUTRITION_USAGE_CONTROLLED_COOKING_FAT,pending
223-8,223,碳烤猪舌,28,食用油,食用油10毫升,,调料,10毫升,5,在铺有锡纸的烤盘上刷适量食用油，将猪舌放到烤盘上，置入烤箱中,cooking_fat,NUTRITION_USAGE_CONTROLLED_COOKING_FAT,pending
224-1,224,酱香老南瓜,28,食用油,主料：食用油10g,,调料,10g,1,主锅中加入食用油和蒜末，盖上锅盖，不要放量杯，设置：1分钟/140℃/1档（反转）煸炒,cooking_fat,NUTRITION_USAGE_CONTROLLED_COOKING_FAT,pending
224-5,224,酱香老南瓜,41,水,水200g,,其他,200g,2,插入搅拌棒并卡在刀组上，加入南瓜、黄豆酱和水，盖上锅盖和量杯，设置：13分钟/105℃/1档（反转）焖煮,cooking_liquid,NUTRITION_USAGE_CONTROLLED_COOKING_LIQUID,pending
225-4,225,姜母鸭,41,水,水1250克,,其他,1250克,1;4;5,主锅中加入鸭肉块、10g姜片、20g米酒和800g水，盖上锅盖，设置：8分钟/焯水;加入90g姜片、60g米酒、450g水、八角、桂皮、老抽、盐和蚝油，盖上锅盖，设置：40分钟/红烧/大火;烹饪结束，盛出加入泡过水的枸杞装饰，即可食用,cooking_liquid,NUTRITION_USAGE_CONTROLLED_COOKING_LIQUID,pending
228-9,228,滋补养生梨,41,水,辅料：水500g,,其他,500g,1,主锅中加入梨块、苹果块、山楂、枸杞、葡萄干、龙眼肉、花椒、冰糖和水，盖上锅盖和量杯，设置：25分钟/100℃/1档（反转）熬煮,cooking_liquid,NUTRITION_USAGE_CONTROLLED_COOKING_LIQUID,pending
229-5,229,什锦海鲜烩,41,水,水1400g,,其他,1400g,2;4,主锅中加入排骨、姜片、10g料酒和600g水，盖上锅盖和量杯，设置：7分钟/140℃/1档（反转）焯水;主锅中加入焯好的排骨、干贝、香菇和800g水，盖上锅盖和量杯，设置： 30分钟/110℃/1档（反转）烧煮,cooking_liquid,NUTRITION_USAGE_CONTROLLED_COOKING_LIQUID,pending
230-5,230,小白兔馒头,41,水,辅料：水75毫升,,其他,75毫升,2;9,将酵母粉用温水化开，之后倒入面粉中搅拌均匀揉成光滑的面团;放入方太智能烹饪设备，开启电源，取出水箱加满水，选择“开始烹饪”按键，按屏幕提示操作,cooking_liquid,NUTRITION_USAGE_CONTROLLED_COOKING_LIQUID,pending
231-4,231,芒果椰香糯米饭,41,水,水900g,,其他,900g,2,主锅中加入水，盖上锅盖，放上复式蒸锅，设置：50分钟/140℃/1档（反转）蒸煮,cooking_liquid,NUTRITION_USAGE_CONTROLLED_COOKING_LIQUID,pending
236-9,236,蒸咸蛋酿苦瓜,28,食用油,食用油10毫升,,调料,10毫升,,,cooking_fat,NUTRITION_USAGE_CONTROLLED_COOKING_FAT,pending
237-1,237,干烧大虾,28,食用油,A料：食用油30克,,调料,30克,1,"加入食用油、姜粒、蒜粒、番茄酱和豆瓣酱，盖上锅盖,设置：1分30秒/猛火/热炒",cooking_fat,NUTRITION_USAGE_CONTROLLED_COOKING_FAT,pending
237-12,237,干烧大虾,28,食用油,食用油30克,,调料,30克,,,cooking_fat,NUTRITION_USAGE_CONTROLLED_COOKING_FAT,pending
237-16,237,干烧大虾,41,水,水10克,,其他,10克,,,cooking_liquid,NUTRITION_USAGE_CONTROLLED_COOKING_LIQUID,pending
239-9,239,惠灵顿大龙虾,28,食用油,食用油20克,,调料,20克,4,锅中倒入食用油，加入蒜末洋葱末炒香,cooking_fat,NUTRITION_USAGE_CONTROLLED_COOKING_FAT,pending
241-4,241,太白拉糕,169,玉米油,玉米油50克,,蔬菜,50克,2,用刮刀搅拌无颗粒状时，倒入高度白酒、玫瑰露酒、玉米油，充分搅拌均匀，让油、水、粉融为一体,cooking_fat,NUTRITION_USAGE_CONTROLLED_COOKING_FAT,pending
242-8,242,萝卜丝蒸紫菜滑肉,41,水,清水20克,,其他,20克,3;4,猪肉片中加入盐、鸡精、胡椒粉、清水，腌拌入味，放入红薯粉、澄面拌匀;烧一锅开水，将腌制好的肉片，一片片的放入水中烫煮定型,cooking_liquid,NUTRITION_USAGE_CONTROLLED_COOKING_LIQUID,pending
243-3,243,奶香小馒头,41,水,B料：水40克,,其他,40克,1,将面粉、牛奶、水、细砂糖、盐、酵母混合均匀，搅拌成絮状,cooking_liquid,NUTRITION_USAGE_CONTROLLED_COOKING_LIQUID,pending
244-5,244,焦糖鸡蛋布丁,41,水,清水30毫升,,其他,30毫升,7;12,将70g糖、水倒入锅中;烤布丁的碗，放入深烤盘中，烤盘中倒入水,cooking_liquid,NUTRITION_USAGE_CONTROLLED_COOKING_LIQUID,pending
245-4,245,网红牛奶烤吐司,41,水,温水180毫升,温,其他,180毫升,2;8,奶粉加入温水，搅拌均匀备用;蓝莓洗净后用厨房纸吸干表面水份，草莓切片备用,cooking_liquid,NUTRITION_USAGE_CONTROLLED_COOKING_LIQUID,pending
246-6,246,湘西蒸腊肉,28,食用油,食用油10毫升,,调料,10毫升,,,cooking_fat,NUTRITION_USAGE_CONTROLLED_COOKING_FAT,pending
247-7,247,五红粥,41,水,水800g,,其他,800g,2,主锅中加入红小豆、黑米、红米、糯米、红皮花生、红枣和水，盖上锅盖，不要放量杯，设置：55分钟/98℃/2档（反转）熬煮,cooking_liquid,NUTRITION_USAGE_CONTROLLED_COOKING_LIQUID,pending
250-13,250,凤尾小笼,41,水,水30克,,其他,30克,1;5;7,将中筋粉、色拉油混合倒入适量的开水拌匀;调制馅料，根据口味在肉泥中加入蟹粉、盐、糖、水、葱花、胡椒粉、生抽、老抽拌匀备用;放入方太智能烹饪设备第2层，开启电源，取出水箱加满水，选择“开始烹饪”按键，按屏幕提示操作,cooking_liquid,NUTRITION_USAGE_CONTROLLED_COOKING_LIQUID,pending
250-5,250,凤尾小笼,155,色拉油,色拉油150克,,调料,150克,1,将中筋粉、色拉油混合倒入适量的开水拌匀,cooking_fat,NUTRITION_USAGE_CONTROLLED_COOKING_FAT,pending
251-7,251,马拉糕,28,食用油,食用油10毫升,,调料,10毫升,5;6,加入少许食用油，快速地搅拌均匀，制成面浆;将6寸的蛋糕模具（或直径为15-16的蒸碗中）均匀地刷上适量食用油,cooking_fat,NUTRITION_USAGE_CONTROLLED_COOKING_FAT,pending
252-4,252,茭白腊肉丝,28,食用油,食用油15g,,调料,15g,2,主锅中加入食用油、大蒜和腊肉，盖上锅盖和量杯，设置：2分钟/140℃/1档（反转）煸炒,cooking_fat,NUTRITION_USAGE_CONTROLLED_COOKING_FAT,pending
253-15,253,南乳花生猪脚煲,41,水,热水150g,热,其他,150g,1;5,主锅中加入猪脚和水，盖上锅盖和量杯，设置：8分钟/140℃/1档（反转）焯水;加入花生、南乳汁、柱候酱、料酒、生抽、白糖、盐、姜片、八角、胡椒粉和热水，盖上锅盖和量杯，设置：90分钟/98℃/1档（反转）慢炖,cooking_liquid,NUTRITION_USAGE_CONTROLLED_COOKING_LIQUID,pending
253-2,253,南乳花生猪脚煲,41,水,清水600g,,其他,600g,1,主锅中加入猪脚和水，盖上锅盖和量杯，设置：8分钟/140℃/1档（反转）焯水,cooking_liquid,NUTRITION_USAGE_CONTROLLED_COOKING_LIQUID,pending
253-3,253,南乳花生猪脚煲,28,食用油,食用油20g,,调料,20g,3,主锅中加入食用油和蒜片，盖上锅盖，不要放量杯，设置：2分钟/140℃/1档（反转）爆香,cooking_fat,NUTRITION_USAGE_CONTROLLED_COOKING_FAT,pending
254-4,254,千张结烧肉,41,水,水840g,,其他,840g,1;3,主锅中加入五花肉块、15g料酒、10g姜片和600g水，盖上锅盖和量杯，设置：8分钟/140℃/1档（反转）焯水;主锅中插入搅拌棒并卡在刀组上，加入焯好的五花肉块、八角、10g姜片、盐、白砂糖、生抽、老抽、白醋、20g料酒和240g水，盖上锅盖和量杯，设置：20分钟/120℃/ 1档（反转）烧煮,cooking_liquid,NUTRITION_USAGE_CONTROLLED_COOKING_LIQUID,pending
255-5,255,花生酱烤肉串,28,食用油,食用油35毫升,,调料,35毫升,5,烤盘上铺上锡纸，刷上食用油，放入肉串,cooking_fat,NUTRITION_USAGE_CONTROLLED_COOKING_FAT,pending
256-4,256,麻辣对虾,28,食用油,C料：食用油45克,,调料,45克,3,将炒锅加热，倒入C中的食用油、朝天椒、姜末、蒜末，小火煸炒至香辣味出现，盛于小碗中，待冷却后加入料酒、盐、生抽、老抽、鸡精、花椒油拌匀即可,cooking_fat,NUTRITION_USAGE_CONTROLLED_COOKING_FAT,pending
258-2,258,星空吐司,41,水,开水240g,煮沸,其他,240g,1;2;3,蝶豆花放入开水中，浸泡1小时;蝶豆花水备用;主锅中加入180g蝶豆花水、高筋面粉、全麦面粉、盐、细砂糖和酵母，盖上锅盖和量杯，设置：6分钟/揉面,cooking_liquid,NUTRITION_USAGE_CONTROLLED_COOKING_LIQUID,pending
261-1,261,红烧茄子,28,食用油,主料：食用油20g,,调料,20g,1,主锅中加入食用油和大蒜，盖上锅盖和量杯，设置：2分钟/140℃/1档（反转）爆香,cooking_fat,NUTRITION_USAGE_CONTROLLED_COOKING_FAT,pending
261-9,261,红烧茄子,41,水,水30g,,其他,30g,3,加入豆瓣酱、生抽、盐、白胡椒粉和水，盖上锅盖和量杯，设置：3分钟/140℃/1档（反转）炒拌,cooking_liquid,NUTRITION_USAGE_CONTROLLED_COOKING_LIQUID,pending
262-1,262,芹菜炒鱿鱼,41,水,A料：水350克,,其他,350克,1,主锅中加入水，盖上锅盖，设置：3分钟/猛火/热炒,cooking_liquid,NUTRITION_USAGE_CONTROLLED_COOKING_LIQUID,pending
262-3,262,芹菜炒鱿鱼,28,食用油,食用油15克,,调料,15克,3,主锅中加入食用油和姜丝，盖上锅盖，打开滑盖，设置：1分钟/猛火/热炒,cooking_fat,NUTRITION_USAGE_CONTROLLED_COOKING_FAT,pending
263-16,263,嫩烤鱼,28,食用油,食用油20克,,调料,20克,4,酱汁：在炒锅中放入C中食用油烧热，依次放入京葱段、姜片、蒜片炒香，放入豆瓣酱、火锅底料炒出红油，再放入蚝油、老抽、生抽、鸡粉、胡椒粉、啤酒和高汤，大火熬煮3分钟，备用,cooking_fat,NUTRITION_USAGE_CONTROLLED_COOKING_FAT,pending
263-25,263,嫩烤鱼,605,高汤,高汤200克,,其他,200克,4,酱汁：在炒锅中放入C中食用油烧热，依次放入京葱段、姜片、蒜片炒香，放入豆瓣酱、火锅底料炒出红油，再放入蚝油、老抽、生抽、鸡粉、胡椒粉、啤酒和高汤，大火熬煮3分钟，备用,cooking_liquid,NUTRITION_USAGE_CONTROLLED_COOKING_LIQUID,pending
263-6,263,嫩烤鱼,498,菜籽油,菜籽油30克,,蔬菜,30克,6,用刷子在鱼身上刷上30g菜籽油，放入垫有配料的蒸烤盘中，浇上酱汁，放入机器中间层，取出水箱加满水,cooking_fat,NUTRITION_USAGE_CONTROLLED_COOKING_FAT,pending
264-1,264,虎皮蛋糕卷,169,玉米油,主料：玉米油40g,,蔬菜,40g,1,取一料理盆加入玉米油和牛奶，充分混合均匀,cooking_fat,NUTRITION_USAGE_CONTROLLED_COOKING_FAT,pending
265-8,265,南瓜蒸饭,28,食用油,食用油15毫升,,调料,15毫升,,,cooking_fat,NUTRITION_USAGE_CONTROLLED_COOKING_FAT,pending
266-12,266,红枣乌鸡汤,41,水,开水1000克,煮沸,其他,1000克,2;3;4;6,将鸡放入锅中加冷水浸没，加入A 中的姜片、小葱、料酒，大火加热至沸腾，水沸后继续焯水3分钟，捞出用清水洗净;将B中的香菇、枸杞、红枣、干桂圆在碗中泡水15分钟;将鸡放在砂锅中，放入B中姜片、香菇、红枣、桂圆和料酒，并加入开水，没过乌鸡即可;开启电源，取出水箱加满水，按屏幕操作提示，开始烹饪,cooking_liquid,NUTRITION_USAGE_CONTROLLED_COOKING_LIQUID,pending
270-5,270,红枣酿糯米,41,水,水100毫升,,其他,100毫升,2;5;7,往备好的碗中，加入糯米粉、松子仁，再注入70毫升的清水，拌匀制成团状;水箱注水，放入电蒸箱，再放入蒸盘;另起锅注入适量的清水，放入白糖、盐，不停搅拌熬至可拉丝的状态,cooking_liquid,NUTRITION_USAGE_CONTROLLED_COOKING_LIQUID,pending
273-3,273,银耳蛋汤,41,水,水1000g,,其他,1000g,1,主锅中加入泡发的银耳、冰糖和水，盖上锅盖和量杯，设置：50分钟/100℃/1档（反转）熬煮,cooking_liquid,NUTRITION_USAGE_CONTROLLED_COOKING_LIQUID,pending
275-8,275,腊八粥,41,水,水1200g,,其他,1200g,1,主锅中加入浸泡好的花生、莲子、红豆、桂圆肉、白糯米、黑糯米、大米和1000g水，盖上锅盖，不要放量杯，设置：45分钟/98℃/2档（反转）熬煮,cooking_liquid,NUTRITION_USAGE_CONTROLLED_COOKING_LIQUID,pending
279-3,279,东北正宗粘豆包,41,水,开水120毫升,煮沸,其他,120毫升,2;4,适量开水倒入面粉，和成面团，醒面1小时左右;放入方太智能烹饪设备，开启电源，取出水箱加满水，选择“开始烹饪”按键，按屏幕提示操作,cooking_liquid,NUTRITION_USAGE_CONTROLLED_COOKING_LIQUID,pending
280-7,280,水晶韭菜蒸饺,208,猪油,猪油10克,,肉禽,10克,1,将虾肉、五花肉、韭菜末倒入碗中，拌匀，加入盐、白糖，拌匀，放入生粉，拌匀，加入猪油，拌匀，即成馅料,cooking_fat,NUTRITION_USAGE_CONTROLLED_COOKING_FAT,pending
281-4,281,排骨萝卜汤,41,水,水1600g,,其他,1600g,1;3,主锅中插入搅拌棒并卡在刀组上，加入排骨块、10g姜片、料酒和600g水，盖上锅盖和量杯，设置：10分钟/140℃/1档（反转）焯水;主锅中加入焯好的排骨、1000g水、10g姜片和葱白段，盖上锅盖和量杯，设置：10分钟/140℃/1档（反转）烧煮，再设置：30分钟/100℃/1档（反转）焖煮,cooking_liquid,NUTRITION_USAGE_CONTROLLED_COOKING_LIQUID,pending
283-7,283,黑米奶香馒头,169,玉米油,玉米油5g,,蔬菜,5g,3,加入中筋面粉和玉米油，盖上锅盖和量杯，设置：4分钟/揉面,cooking_fat,NUTRITION_USAGE_CONTROLLED_COOKING_FAT,pending
283-8,283,黑米奶香馒头,41,水,水600g,,其他,600g,5,主锅中加入水，盖上锅盖和量杯，设置：25分钟/140℃/1档（蒸制）,cooking_liquid,NUTRITION_USAGE_CONTROLLED_COOKING_LIQUID,pending
285-6,285,姜糖桂圆甜豆花,41,水,水80g,,其他,80g,2,主锅中加入红糖、姜片和水，盖上锅盖和量杯，设置：5分钟/120℃/1档熬煮，倒出后丢弃姜片加入桂圆肉拌匀，放凉即为姜糖桂圆,cooking_liquid,NUTRITION_USAGE_CONTROLLED_COOKING_LIQUID,pending
287-11,287,清蒸粉丝巴沙鱼,356,油,油10毫升,,调料,10毫升,3,碗中加入蒜末、生抽、蚝油、油，搅拌均匀成蒜蓉汁,cooking_fat,NUTRITION_USAGE_CONTROLLED_COOKING_FAT,pending
289-4,289,牛腩腐竹煲,41,水,水1350g,,其他,1350g,1;4,主锅中加入牛腩、10g姜片、15g料酒和800g水，盖上锅盖和量杯，设置：10分钟/140℃/1档（反转）焯水;加入550g水，盖上锅盖和量杯，设置：50分钟/98℃/1档（反转）炖煮,cooking_liquid,NUTRITION_USAGE_CONTROLLED_COOKING_LIQUID,pending
289-5,289,牛腩腐竹煲,28,食用油,食用油15g,,调料,15g,3,主锅中加入食用油、牛腩、黄豆酱、蚝油、葱段、10g姜片、蒜瓣、八角、香叶、冰糖、生抽、老抽和15g料酒，盖上锅盖和量杯，设置：5分钟/140℃/1档（反转）煸炒,cooking_fat,NUTRITION_USAGE_CONTROLLED_COOKING_FAT,pending
290-2,290,花雕红烧肉,41,水,水600g,,其他,600g,1;3;4,主锅中加入五花肉和500g水，盖上锅盖和量杯，设置：6分钟/140℃/1档（反转）焯水;加入焯水后的五花肉、食用油和姜片，盖上锅盖和量杯，设置：4分钟/140℃/1档（反转）煸炒;加入花雕酒、100g水、老抽、生抽、盐、冰糖和白醋，盖上锅盖，不要放量杯，设置：35分钟/100℃停刀烧煮，再设置：5分钟/140℃/1档（反转）收汁,cooking_liquid,NUTRITION_USAGE_CONTROLLED_COOKING_LIQUID,pending
290-3,290,花雕红烧肉,28,食用油,食用油15g,,调料,15g,3,加入焯水后的五花肉、食用油和姜片，盖上锅盖和量杯，设置：4分钟/140℃/1档（反转）煸炒,cooking_fat,NUTRITION_USAGE_CONTROLLED_COOKING_FAT,pending
291-3,291,桂花马蹄水,41,水,水700g,,其他,700g,1,"主锅中加入马蹄、冰糖和水，盖上锅盖和量杯,设置:20分钟/105℃熬煮",cooking_liquid,NUTRITION_USAGE_CONTROLLED_COOKING_LIQUID,pending
292-13,292,翡翠白菜饺,41,水,清水10毫升,,其他,10毫升,2;4;8;15,中筋粉200g加温水180ml左右;菠菜加少许水，用破壁机打成汁;肉糜中放入白菜、胡椒粉、葱姜末、生抽、芝麻油和盐混合，顺时针方向搅拌、加入少量清水继续搅拌均匀;放入方太智能烹饪设备，开启电源，取出水箱加满水，选择“开始烹饪”按键，按屏幕提示操作,cooking_liquid,NUTRITION_USAGE_CONTROLLED_COOKING_LIQUID,pending
293-6,293,蒜蓉扇贝,28,食用油,食用油8毫升,,调料,8毫升,1,在扇贝上撒上盐、白胡椒粉，放入蒜蓉、彩椒末，再淋入适量食用油,cooking_fat,NUTRITION_USAGE_CONTROLLED_COOKING_FAT,pending
294-9,294,苏式蟹黄灌汤包,41,水,水730g,,其他,730g,2;4,主锅中加入中筋面粉和130g水，盖上锅盖和量杯，设置：3分钟/揉面，结束后将面团取出;主锅中加入600g水，盖上锅盖，放上复式蒸锅，设置：25分钟/140℃/2档（反转）蒸制,cooking_liquid,NUTRITION_USAGE_CONTROLLED_COOKING_LIQUID,pending
295-13,295,鱼香春卷,41,水,清水50克,,其他,50克,3;4;5,倒入10毫升食用油拌匀封住肉丝表面，锁住水分，静置腌制15分钟去腥入味;青椒、鲜笋和胡萝卜切丝，干木耳用温水泡发挤去水份切丝，姜、蒜和小米椒切末备用;取1碗调制鱼香汁：加入白糖、香醋、生抽、蚝油、老抽、香油、3克淀粉和清水，搅拌均匀,cooking_liquid,NUTRITION_USAGE_CONTROLLED_COOKING_LIQUID,pending
295-17,295,鱼香春卷,28,食用油,食用油30克,,调料,30克,3;6,倒入10毫升食用油拌匀封住肉丝表面，锁住水分，静置腌制15分钟去腥入味;取1锅，加入20毫升食用油，下入腌制好的肉丝，炒至段生后出锅留底油备用,cooking_fat,NUTRITION_USAGE_CONTROLLED_COOKING_FAT,pending
297-10,297,青团,208,猪油,猪油40克,,肉禽,40克,,,cooking_fat,NUTRITION_USAGE_CONTROLLED_COOKING_FAT,pending
297-4,297,青团,41,水,开水170克,煮沸,其他,170克,1;2;5,将绿苣头泡水后清洗干净，挤干水分后剁碎备用;取A中的糯米粉、面粉50g混合，加入开水，用筷子快速和匀，在案板和手上撒面粉防粘，将面团放在案板上，加入剁好的绿苣头，反复搓揉至颜色均匀;包好的青团放在铺有硅油纸垫的有孔蒸盘上，放入机器中间层，取出水箱加满水,cooking_liquid,NUTRITION_USAGE_CONTROLLED_COOKING_LIQUID,pending
298-3,298,蒸米饭,20,橄榄油,橄榄油5克,,调料,5克,3,浸泡完成后加入橄榄油,cooking_fat,NUTRITION_USAGE_CONTROLLED_COOKING_FAT,pending
299-3,299,烤黑椒西冷牛排,20,橄榄油,橄榄油10毫升,,调料,10毫升,1;3;6,在洗净的牛排两面均匀地撒入盐、鸡粉、黑胡椒碎，淋入4毫升橄榄油，并抹匀;在烤架上刷适量橄榄油;打开箱门，翻面，再刷上适量橄榄油、生抽,cooking_fat,NUTRITION_USAGE_CONTROLLED_COOKING_FAT,pending
300-10,300,牧羊人派,28,食用油,食用油1汤匙,,调料,1汤匙,,,cooking_fat,NUTRITION_USAGE_CONTROLLED_COOKING_FAT,pending
302-1,302,西芹炒百合,28,食用油,A料：食用油20克,,调料,20克,1,主锅中加入食用油、西芹段和胡萝卜片，盖上锅盖，设置：2分钟/猛火/热炒,cooking_fat,NUTRITION_USAGE_CONTROLLED_COOKING_FAT,pending
304-4,304,清炖牛肉汤,41,水,水1800克,,其他,1800克,1;3,主锅中加入牛腩块、15g姜片、20g大葱段、30g料酒和水，盖上锅盖和量杯;主锅中加入焯好的牛腩块、20g姜片、30g大葱段、草果、砂仁和1000g水,cooking_liquid,NUTRITION_USAGE_CONTROLLED_COOKING_LIQUID,pending
306-10,306,家常清蒸鳊鱼,28,食用油,食用油少许,,调料,,,,cooking_fat,NUTRITION_USAGE_CONTROLLED_COOKING_FAT,pending
307-2,307,辣烤花菜,20,橄榄油,辅料：橄榄油1.5茶匙,,调料,1.5茶匙,,,cooking_fat,NUTRITION_USAGE_CONTROLLED_COOKING_FAT,pending
311-7,311,奶黄包,41,水,水600g,,其他,600g,4,主锅中加入600g水，盖上锅盖并放上复式蒸锅，设置：30分钟/110℃/2档蒸制,cooking_liquid,NUTRITION_USAGE_CONTROLLED_COOKING_LIQUID,pending
312-6,312,金银蒜蒸鸡胸肉,356,油,油50克,,调料,50克,5,大蒜切末，一半留用，一半入油锅，炸至金黄后捞出,cooking_fat,NUTRITION_USAGE_CONTROLLED_COOKING_FAT,pending
313-9,313,花胶鸡汤,356,油,油适量,,调料,,8,南瓜切小块，热油炸一下，金黄色即可,cooking_fat,NUTRITION_USAGE_CONTROLLED_COOKING_FAT,pending
316-8,316,手指小面包,41,水,水75g,,其他,75g,1,主锅中加入高筋面粉、奶粉、细砂糖、盐、45g全蛋液、软化黄油、酵母和水，盖上锅盖和量杯，设置：8分钟/揉面,cooking_liquid,NUTRITION_USAGE_CONTROLLED_COOKING_LIQUID,pending
318-10,318,柳叶蒸饺,41,水,清水50克,,其他,50克,1;7,制作饺子馅：五花肉去皮剁成肉糜（或者绞肉机绞碎），加入料酒、老抽、生抽、盐、白糖、鸡蛋清、姜末、葱花拌匀，再分三次加入清水搅打上劲，直到水被肉充分吸收，加入芝麻油拌匀，放冰箱冷藏备用;蒸制：放入设备第2层，开启电源，取出水箱加满水，选择“开始烹饪”按键，按屏幕提示操作,cooking_liquid,NUTRITION_USAGE_CONTROLLED_COOKING_LIQUID,pending
318-13,318,柳叶蒸饺,41,水,温水140~150g（水温约50~60℃）,温,其他,150g,1;2;7,制作饺子馅：五花肉去皮剁成肉糜（或者绞肉机绞碎），加入料酒、老抽、生抽、盐、白糖、鸡蛋清、姜末、葱花拌匀，再分三次加入清水搅打上劲，直到水被肉充分吸收，加入芝麻油拌匀，放冰箱冷藏备用;制作饺子皮：中筋面粉中加入温水，用手揉成光滑面团（或者搅面机2档搅打2分钟，转4档搅打6分钟），静置15分钟醒发面团;蒸制：放入设备第2层，开启电源，取出水箱加满水，选择“开始烹饪”按键，按屏幕提示操作,cooking_liquid,NUTRITION_USAGE_CONTROLLED_COOKING_LIQUID,pending
319-12,319,奶汁烤大白菜,28,食用油,食用油10毫升,,调料,10毫升,,,cooking_fat,NUTRITION_USAGE_CONTROLLED_COOKING_FAT,pending
320-2,320,冬瓜双豆,41,水,水500g,,其他,500g,1;2;3,主锅中加入泡发的黄豆、水和1小勺盐，盖上锅盖和量杯，设置：5分钟/140℃/1档烧煮;加入青豆、胡萝卜和冬瓜，盖上锅盖，不要放量杯，设置：5分钟/140℃/1档（反转）焯水，结束后将锅内食材和水倒出;主锅中加入食用油、1小勺盐、生抽、焯水后的食材，盖上锅盖，不要放量杯，设置：1分钟/140℃/1档（反转）抄拌,cooking_liquid,NUTRITION_USAGE_CONTROLLED_COOKING_LIQUID,pending
320-7,320,冬瓜双豆,28,食用油,食用油10g,,调料,10g,3,主锅中加入食用油、1小勺盐、生抽、焯水后的食材，盖上锅盖，不要放量杯，设置：1分钟/140℃/1档（反转）抄拌,cooking_fat,NUTRITION_USAGE_CONTROLLED_COOKING_FAT,pending
321-2,321,Q弹果冻鸡蛋羹,41,水,开水180克,煮沸,其他,180克,2;4;6,准备两个鸡蛋，两个碗，一个打蛋器，一碗白开水，一个面粉筛;加入盐，温水，搅拌均匀;放入方太智能烹饪设备第2层，开启电源，取出水箱加满水，选择“开始烹饪”按键，按屏幕提示操作,cooking_liquid,NUTRITION_USAGE_CONTROLLED_COOKING_LIQUID,pending
325-12,325,蒜香蟹味菇蒸牛肉,28,食用油,食用油5毫升,,调料,5毫升,3,加入盐、食用油，拌匀，撒上干淀粉，拌匀，腌渍约10分钟,cooking_fat,NUTRITION_USAGE_CONTROLLED_COOKING_FAT,pending
326-5,326,三鲜蛋羹,28,食用油,辅料：食用油10毫升,,调料,10毫升,,,cooking_fat,NUTRITION_USAGE_CONTROLLED_COOKING_FAT,pending
327-3,327,山楂糕,41,水,水50g,,其他,50g,,,cooking_liquid,NUTRITION_USAGE_CONTROLLED_COOKING_LIQUID,pending
329-4,329,缤纷饺子,41,水,水80克,,其他,80克,1;6,准备食材，将面粉、果蔬粉、适量水、少许盐混合一起和面;开启电源，取出水箱加满水，将蒸烤盘/蒸烤架放入中间层，选择【开始烹饪】按键，按屏幕提示操作即可,cooking_liquid,NUTRITION_USAGE_CONTROLLED_COOKING_LIQUID,pending
330-13,330,虾皮香菇蒸冬瓜,28,食用油,食用油10毫升,,调料,10毫升,4,加入盐、鸡粉、生抽、料酒、芝麻油、生粉，浇入适量食用油,cooking_fat,NUTRITION_USAGE_CONTROLLED_COOKING_FAT,pending
331-14,331,皂角银耳羹,41,水,水1200克,,其他,1200克,1;2;6,将干桃胶、干雪燕、干皂角米提前一天用冷水泡发并挑去杂质;银耳用温水泡发40分钟，剪去根部，切小朵备用;放在烤架上，放入蒸烤箱第二层，水箱加满水，按照屏端提示操作，点击确认键开始烹饪,cooking_liquid,NUTRITION_USAGE_CONTROLLED_COOKING_LIQUID,pending
331-5,331,皂角银耳羹,41,水,水1500克,,其他,1500克,6,放在烤架上，放入蒸烤箱第二层，水箱加满水，按照屏端提示操作，点击确认键开始烹饪,cooking_liquid,NUTRITION_USAGE_CONTROLLED_COOKING_LIQUID,pending
332-14,332,意式薄底披萨,20,橄榄油,橄榄油1茶匙,,调料,1茶匙,2;11,再加入橄榄油，揉成光滑面团;在披萨盘上刷上少许橄榄油，放入披萨饼底，用手将面团撑开，均匀覆盖整个模具底部,cooking_fat,NUTRITION_USAGE_CONTROLLED_COOKING_FAT,pending
332-4,332,意式薄底披萨,20,橄榄油,橄榄油7.5g,,调料,7.5g,,,cooking_fat,NUTRITION_USAGE_CONTROLLED_COOKING_FAT,pending
332-6,332,意式薄底披萨,41,水,水40克,,其他,40克,1,制作饼底：将面粉、盐和细砂糖混匀后，加入酵母和水搅拌均匀,cooking_liquid,NUTRITION_USAGE_CONTROLLED_COOKING_LIQUID,pending
333-6,333,粉葛猪骨汤,41,水,清水1000-2000克,,其他,2000克,4;5,方太灶具调至8段火，锅中加入清水，放入猪骨;清水烧开，撇去浮沫，放入葛根及胡萝卜,cooking_liquid,NUTRITION_USAGE_CONTROLLED_COOKING_LIQUID,pending
335-2,335,肉丸,41,水,水50g,,其他,50g,1;4,主锅中加入冷冻的肉块、水和葱姜水，盖上锅盖和量杯，设置：20秒/9档切碎，结束后用刮刀将锅内壁食材刮至锅底并搅拌均匀;取一小团肉糜，从虎口处挤出肉丸，用勺子把肉丸刮下，放入一个装水的汤锅中,cooking_liquid,NUTRITION_USAGE_CONTROLLED_COOKING_LIQUID,pending
335-5,335,肉丸,41,水,葱姜水10g,,其他,,1,主锅中加入冷冻的肉块、水和葱姜水，盖上锅盖和量杯，设置：20秒/9档切碎，结束后用刮刀将锅内壁食材刮至锅底并搅拌均匀,cooking_liquid,NUTRITION_USAGE_CONTROLLED_COOKING_LIQUID,pending
342-4,342,蚝油蘑菇,41,水,水15g,,其他,15g,2;5,取一小碗加入淀粉和水，混匀制成水淀粉备用;加入蚝油、老抽、盐、白糖和水淀粉，盖上锅盖，不要放量杯，设置：2分钟/140℃/1档（反转）炒拌,cooking_liquid,NUTRITION_USAGE_CONTROLLED_COOKING_LIQUID,pending
342-5,342,蚝油蘑菇,28,食用油,食用油20g,,调料,20g,3,主锅中加入食用油和葱白，盖上锅盖和量杯，设置：2分钟/140℃/1档（反转）煸炒,cooking_fat,NUTRITION_USAGE_CONTROLLED_COOKING_FAT,pending
343-5,343,香蕉纸杯蛋糕,155,色拉油,色拉油30克,,调料,30克,,,cooking_fat,NUTRITION_USAGE_CONTROLLED_COOKING_FAT,pending
346-5,346,阿拉棒,461,花生油,花生油17g,,坚果,17g,1,用打蛋器将花生油、糖粉和鸡蛋搅拌均匀，不要打发,cooking_fat,NUTRITION_USAGE_CONTROLLED_COOKING_FAT,pending
347-2,347,柠檬红茶冻撞奶,41,水,清水650g,,其他,650g,1;2;3,主锅中加入红茶包、清水、柠檬片和冰糖，盖上锅盖和量杯，设置：5分钟/100℃/1档（反转）烧煮;烹饪完成后，过滤出茶水备用，并清洗主锅;主锅内加入茶水和白凉粉，设置：1分钟/100℃/2档（反转）烧煮,cooking_liquid,NUTRITION_USAGE_CONTROLLED_COOKING_LIQUID,pending
349-5,349,手工馒头,41,水,清水125毫升,,其他,125毫升,2;4;17,酵母装在碗中，倒入25毫升温水，搅拌溶解，静置10分钟;倒入酵母混合液，及100毫升清水;请取出水箱加满水，选择“开始烹饪”，按屏幕提示操作,cooking_liquid,NUTRITION_USAGE_CONTROLLED_COOKING_LIQUID,pending
350-1,350,蜜糖地瓜,41,水,主料：开水1000g,煮沸,其他,1000g,1,主锅中加入1000g开水和地瓜，盖上锅盖和量杯，设置：8分钟/140℃/1档（反转）烧煮,cooking_liquid,NUTRITION_USAGE_CONTROLLED_COOKING_LIQUID,pending
350-3,350,蜜糖地瓜,28,食用油,食用油10g,,调料,10g,3,主锅中加入地瓜、食用油和白糖，盖上锅盖和量杯，设置：8分钟/110℃/1档（反转）翻炒,cooking_fat,NUTRITION_USAGE_CONTROLLED_COOKING_FAT,pending
351-7,351,黄豆酱蒸鳊鱼,356,油,油10克,,调料,10克,5,蒸好的鱼，在表面淋上1小匙烧热的油，最后在表面洒上葱丝，红椒丝，做装饰即可,cooking_fat,NUTRITION_USAGE_CONTROLLED_COOKING_FAT,pending
355-1,355,清炒芥蓝,41,水,主料：水500g,,其他,500g,1;2;3,主锅中加入水，盖上锅盖和量杯，设置：3分钟/140℃/1档（反转）烧水;烹饪结束，加入芥蓝和2g食用油，盖上锅盖和量杯，设置：2分钟/140℃/1档（反转）焯水;结束后，捞出芥蓝过冷水后沥干水分，洗净主锅,cooking_liquid,NUTRITION_USAGE_CONTROLLED_COOKING_LIQUID,pending
355-3,355,清炒芥蓝,28,食用油,食用油17g,,调料,17g,2;4,烹饪结束，加入芥蓝和2g食用油，盖上锅盖和量杯，设置：2分钟/140℃/1档（反转）焯水;主锅中加入15g食用油、蚝油和蒜片，盖上锅盖和量杯，设置：2分钟/140℃/1档（反转）热油,cooking_fat,NUTRITION_USAGE_CONTROLLED_COOKING_FAT,pending
356-2,356,酥皮绿豆饼,208,猪油,猪油80克,,肉禽,80克,,,cooking_fat,NUTRITION_USAGE_CONTROLLED_COOKING_FAT,pending
356-4,356,酥皮绿豆饼,41,水,水90克,,其他,90克,5;6,水油皮15克一个;水油皮按扁,cooking_liquid,NUTRITION_USAGE_CONTROLLED_COOKING_LIQUID,pending
356-6,356,酥皮绿豆饼,208,猪油,猪油90克,,肉禽,90克,,,cooking_fat,NUTRITION_USAGE_CONTROLLED_COOKING_FAT,pending
356-8,356,酥皮绿豆饼,41,水,水适量,,其他,,,,cooking_liquid,NUTRITION_USAGE_CONTROLLED_COOKING_LIQUID,pending
358-5,358,凤爪猪蹄,41,水,水1600克,,其他,1600克,1;4,主锅中加入猪脚、鸡爪、50g料酒、30g姜片和800g水，盖上锅盖，设置：10分钟/焯水;加入焯好的猪蹄、10g郫县豆瓣酱、10g红方腐乳、15g蚝油、20g生抽、12g老抽和800g水，设置：50分钟/红烧/中火,cooking_liquid,NUTRITION_USAGE_CONTROLLED_COOKING_LIQUID,pending
358-6,358,凤爪猪蹄,28,食用油,食用油20克,,调料,20克,3,加入20g食用油、20g姜片、20g蒜瓣、2个八角、3g桂皮、2片香叶和20g白糖，盖上锅盖，设置：3分钟/热炒/大火,cooking_fat,NUTRITION_USAGE_CONTROLLED_COOKING_FAT,pending
360-6,360,清蒸武昌鱼,41,水,水600g,,其他,600g,1;3,将武昌鱼两面各划两三刀，加入料酒和盐并搓匀，腌制10分钟后用厨房纸擦干水分;主锅中加入600g水，盖上锅盖，放上复式蒸锅，设置：25分钟/140℃/1档蒸制,cooking_liquid,NUTRITION_USAGE_CONTROLLED_COOKING_LIQUID,pending
361-7,361,清蒸西葫芦,28,食用油,食用油10毫升,,调料,10毫升,4,加入盐、食用油，放上蒜末待用,cooking_fat,NUTRITION_USAGE_CONTROLLED_COOKING_FAT,pending
362-8,362,猪肉春笋糯米烧麦,28,食用油,食用油30毫升,,调料,30毫升,8,方太电磁灶调至5段中火，锅中倒入食用油，倒入肉末翻炒,cooking_fat,NUTRITION_USAGE_CONTROLLED_COOKING_FAT,pending
365-3,365,冰糖蒸橙子,41,水,清水300毫升,,其他,300毫升,4;7,加入清水，没过橙子片;开启电源，取出水箱加满水，选择“开始烹饪”按键，按屏幕提示操作,cooking_liquid,NUTRITION_USAGE_CONTROLLED_COOKING_LIQUID,pending
366-9,366,辣烤鱿鱼,28,食用油,食用油5毫升,,调料,5毫升,,,cooking_fat,NUTRITION_USAGE_CONTROLLED_COOKING_FAT,pending
367-5,367,广式荷香糯米鸡,356,油,油5克,,调料,5克,3;7;8,然后加入少许生抽，蚝油，胡椒粉，盐，生粉、姜、葱、麻油腌制10分钟;热锅下油，放入腌制好的鸡丁翻炒，加入香菇，瑶柱虾米继续翻炒，然后加少许生抽，蚝油，老抽继续翻炒至鸡块表面稍微金黄;糯米蒸好取出（100℃，20min），与五香粉、生抽、蚝油充分搅拌均匀,cooking_fat,NUTRITION_USAGE_CONTROLLED_COOKING_FAT,pending
369-4,369,红豆沙南瓜汤圆,41,水,辅料：水500毫升,,其他,500毫升,3;6,碗中放入南瓜泥、糯米粉和适量水揉面至光滑;燃气灶加入适量水，水开放南瓜汤圆炖煮20分钟，烹饪结束，取出即可食用,cooking_liquid,NUTRITION_USAGE_CONTROLLED_COOKING_LIQUID,pending
370-1,370,凉拌海带丝,41,水,主料：水900g,,其他,900g,1;2,主锅中加入水和海带丝，盖上锅盖和量杯，设置：15分钟/140℃/1档（反转）烧煮;捞出海带丝，过凉水后加入生抽、陈醋、盐、白砂糖、姜末和蒜末备用,cooking_liquid,NUTRITION_USAGE_CONTROLLED_COOKING_LIQUID,pending
370-9,370,凉拌海带丝,28,食用油,食用油20g,,调料,20g,3,主锅中食用油和小米椒，盖上锅盖，不要放量杯，设置：2分钟/140℃/1档（反转）炸香,cooking_fat,NUTRITION_USAGE_CONTROLLED_COOKING_FAT,pending
371-4,371,红烧猪蹄,41,水,水1600g,,其他,1600g,1;3,主锅中加入猪蹄、10g姜片、15g料酒和800g水，盖上锅盖和量杯，设置：9分钟/140℃/1档（反转）焯水;主锅中加入焯水后的猪蹄、小葱、15g姜片、大蒜、八角、香叶、40g料酒、生抽、老抽、冰糖和800g水，盖上锅盖和量杯，设置：80分钟/110℃/1档（反转）烧煮,cooking_liquid,NUTRITION_USAGE_CONTROLLED_COOKING_LIQUID,pending
372-3,372,土豆炖排骨,41,水,水1200g,,其他,1200g,1;3;4,主锅中加入排骨、料酒和600g水，盖上锅盖和量杯，设置：7分钟/140℃/1档（反转）焯水;主锅中加入食用油、姜片、蒜片和焯水后的排骨，盖上锅盖和量杯，设置：3分钟/140℃/1档（反转）炒拌;加入600g水、白糖、生抽、葱段和八角，盖上锅盖和量杯，设置：25分钟/100℃/1档（反转）慢炖,cooking_liquid,NUTRITION_USAGE_CONTROLLED_COOKING_LIQUID,pending
372-4,372,土豆炖排骨,28,食用油,食用油20g,,调料,20g,3,主锅中加入食用油、姜片、蒜片和焯水后的排骨，盖上锅盖和量杯，设置：3分钟/140℃/1档（反转）炒拌,cooking_fat,NUTRITION_USAGE_CONTROLLED_COOKING_FAT,pending
381-12,381,蒜蓉土豆蒸排骨,41,水,水1000g,,其他,1000g,3,主锅中加入水，盖上锅盖，放上复式蒸锅，设置：55分钟/140℃/1档蒸制,cooking_liquid,NUTRITION_USAGE_CONTROLLED_COOKING_LIQUID,pending
383-14,383,海带筒骨汤,41,水,开水1000~1500克,煮沸,其他,1500克,1;2;3,不加刀组，主锅中加入筒骨、900g水、30g姜片、20g大葱白段和30g料酒，盖上锅盖，设置：10分钟/焯水;结束后，将锅内食物倒出并用温水洗净筒骨和主锅;不加刀组，主锅中加入焯水后的筒骨段、海带片、10g盐、20g姜片、20g大葱白段和1500g水，盖上锅盖，设置：90分钟/小火/烧煮,cooking_liquid,NUTRITION_USAGE_CONTROLLED_COOKING_LIQUID,pending
383-19,383,海带筒骨汤,41,水,水2100克,,其他,2100克,1;3,不加刀组，主锅中加入筒骨、900g水、30g姜片、20g大葱白段和30g料酒，盖上锅盖，设置：10分钟/焯水;不加刀组，主锅中加入焯水后的筒骨段、海带片、10g盐、20g姜片、20g大葱白段和1500g水，盖上锅盖，设置：90分钟/小火/烧煮,cooking_liquid,NUTRITION_USAGE_CONTROLLED_COOKING_LIQUID,pending
383-3,383,海带筒骨汤,41,水,水2400克,,其他,2400克,,,cooking_liquid,NUTRITION_USAGE_CONTROLLED_COOKING_LIQUID,pending
384-11,384,芹菜猪肉蒸饺,41,水,水600g,,其他,600g,6,主锅中加入水，盖上锅盖，放上复式蒸锅，设置：30分钟/140℃/1档蒸制,cooking_liquid,NUTRITION_USAGE_CONTROLLED_COOKING_LIQUID,pending
385-8,385,家常肉末榨菜蒸豆腐,155,色拉油,色拉油5克,,调料,5克,4,肉末加入料酒、生抽、淀粉、拌匀后加入色拉油搅拌,cooking_fat,NUTRITION_USAGE_CONTROLLED_COOKING_FAT,pending
386-5,386,酒香蒸蛏子,28,食用油,食用油15毫升,,调料,15毫升,,,cooking_fat,NUTRITION_USAGE_CONTROLLED_COOKING_FAT,pending
387-8,387,山药蒸排骨,461,花生油,花生油10毫升,,坚果,10毫升,2,排骨洗净加入糖、盐、生抽、淀粉、花生油、蒜末，拌匀腌制半小时备用,cooking_fat,NUTRITION_USAGE_CONTROLLED_COOKING_FAT,pending
388-7,388,土豆蒸饭,28,食用油,食用油10毫升,,调料,10毫升,,,cooking_fat,NUTRITION_USAGE_CONTROLLED_COOKING_FAT,pending
389-6,389,巧克力马卡龙,41,水,水30g,,其他,30g,2,将B中140g细砂糖和水加热煮至120℃之间，同时将20g细砂糖分次加入C中蛋清，边加入边打发至中性发泡，加入煮好的糖水，继续打发至硬性发泡,cooking_liquid,NUTRITION_USAGE_CONTROLLED_COOKING_LIQUID,pending
390-6,390,蘑菇盅,28,食用油,B料：食用油10毫升,,调料,10毫升,3,装入装入有米饭的碗中，加入盐、白胡椒粉、食用油拌匀,cooking_fat,NUTRITION_USAGE_CONTROLLED_COOKING_FAT,pending
391-12,391,蟹酿橙,28,食用油,食用油22.5克,,调料,22.5克,3,取1锅大火档热锅，下入食用油，油温5成时下入姜片，爆香后捞出姜片,cooking_fat,NUTRITION_USAGE_CONTROLLED_COOKING_FAT,pending
394-4,394,桃胶莲子燕窝羹,41,水,水1130克,,其他,1130克,1;2,取一蒸碗，加入泡发洗净的桃胶和泡发燕窝、去芯莲子、130g水和冰糖待用;将滤网篮放入主锅中，加入1000g水，将蒸碗放在滤网篮上，盖上锅盖，不要放量杯，设置：35分钟/100℃/1档（反转）蒸煮,cooking_liquid,NUTRITION_USAGE_CONTROLLED_COOKING_LIQUID,pending
397-6,397,全麦戚风（6寸）,155,色拉油,色拉油40克,,调料,40克,2,在蛋黄中加入10g白砂糖和色拉油，用蛋抽划Z形搅拌至乳化均匀，再加入牛奶搅拌均匀备用,cooking_fat,NUTRITION_USAGE_CONTROLLED_COOKING_FAT,pending
398-3,398,香菇油菜,28,食用油,食用油25g,,调料,25g,1,主锅中加入食用油和香菇片，盖上锅盖和量杯，设置：3分钟/140℃/1档（反转）煸炒,cooking_fat,NUTRITION_USAGE_CONTROLLED_COOKING_FAT,pending
401-7,401,烤生蚝,28,食用油,食用油10毫升,,调料,10毫升,,,cooking_fat,NUTRITION_USAGE_CONTROLLED_COOKING_FAT,pending
402-5,402,香肠蒸桂鱼,28,食用油,食用油20克,,调料,20克,7,方太灶具调至大火，锅中倒入食用油，将食用油加热至稍冒烟,cooking_fat,NUTRITION_USAGE_CONTROLLED_COOKING_FAT,pending
403-5,403,荠菜豆腐汤,41,水,开水800克,煮沸,其他,800克,1;2,豆腐切小丁用开水冲泡、荠菜焯水后切碎备用;取一汤锅，锅内加入烫好的豆腐丁和800g开水，盖上锅盖,cooking_liquid,NUTRITION_USAGE_CONTROLLED_COOKING_LIQUID,pending
404-12,404,红酒蘑菇炖牛肉,897,肉汤,肉汤80毫升,,其他,80毫升,6,然后倒入烤箱容器中，放入面粉、胡萝卜块、肉汤和腌汁，搅拌,cooking_liquid,NUTRITION_USAGE_CONTROLLED_COOKING_LIQUID,pending
404-6,404,红酒蘑菇炖牛肉,20,橄榄油,橄榄油15毫升,,调料,15毫升,1;4;5,把红酒、盐、黑胡椒、意式香草和橄榄油混合成酱汁，把直径2至3厘米的牛肉丁放入酱汁中腌制备用;把平底锅烧热，加入橄榄油，放入蒜瓣和洋葱末炒至透明，加入蘑菇片和培根丁翻炒3分钟后装出备用;把牛肉丁放入已有10毫升橄榄油的锅中炒干水分，倒入50毫升水煎熟,cooking_fat,NUTRITION_USAGE_CONTROLLED_COOKING_FAT,pending
405-6,405,虾仁玉子豆腐,41,水,水300g,,其他,300g,3,主锅中加入300g水，放上复式蒸锅，设置：10分钟/140℃/2档蒸制,cooking_liquid,NUTRITION_USAGE_CONTROLLED_COOKING_LIQUID,pending
406-5,406,桂花糕,41,水,水970g,,其他,970g,1;3,主锅中加入粘米粉、糯米粉、砂糖和170g水，盖上锅盖和量杯，设置：1分钟/4档混合，结束后，用刮刀取出粗面粉过筛备用并洗净主锅;（主锅中）加入800g水，盖上锅盖，放上复式蒸锅，设置：35分钟/140℃/1档蒸制，烹饪结束，取出桂花糕切块即可享用,cooking_liquid,NUTRITION_USAGE_CONTROLLED_COOKING_LIQUID,pending
407-6,407,清蒸金鲳鱼,28,食用油,食用油30克,,调料,30克,6,将炒锅烧热，倒入C中的食用油，烧至七成热（略微冒烟）时均匀淋在鱼身上，趁热食用,cooking_fat,NUTRITION_USAGE_CONTROLLED_COOKING_FAT,pending
409-4,409,黄金凤尾虾,20,橄榄油,橄榄油10克,,调料,10克,,,cooking_fat,NUTRITION_USAGE_CONTROLLED_COOKING_FAT,pending
409-9,409,黄金凤尾虾,155,色拉油,色拉油适量,,调料,,4,在烤盘上铺烘焙纸，将处理好的虾平铺在烤盘上，表面刷色拉油，撒上适量的黑胡椒粉,cooking_fat,NUTRITION_USAGE_CONTROLLED_COOKING_FAT,pending
410-2,410,无水葱油焖鸡,28,食用油,食用油50克,,调料,50克,6,海豚微压锅中加入50g食用油、50g姜片、50g葱白段、50g蒜瓣和洋葱块，设置：3分钟/一键大火，进行煸炒,cooking_fat,NUTRITION_USAGE_CONTROLLED_COOKING_FAT,pending
411-1,411,青椒豆腐干,28,食用油,主料：食用油15g,,调料,15g,1,主锅中加入食用油、辣豆瓣酱、葱白、姜丝和蒜片，盖上锅盖和量杯，设置：3分钟/140℃/1档（反转）煸炒,cooking_fat,NUTRITION_USAGE_CONTROLLED_COOKING_FAT,pending
411-6,411,青椒豆腐干,41,水,水20g,,其他,20g,2,加入水、酱油和胡萝卜丝，盖上锅盖和量杯，设置：2分钟/140℃/1档（反转）煸炒,cooking_liquid,NUTRITION_USAGE_CONTROLLED_COOKING_LIQUID,pending
412-4,412,清明粿艾饺,41,水,水适量,,其他,,6,放入方太智能烹饪设备，开启电源，取出水箱加满水，选择“开始烹饪”按键，按屏幕提示操作,cooking_liquid,NUTRITION_USAGE_CONTROLLED_COOKING_LIQUID,pending
414-11,414,麻辣手撕烤兔,28,食用油,食用油15克,,调料,15克,,,cooking_fat,NUTRITION_USAGE_CONTROLLED_COOKING_FAT,pending
415-5,415,榨菜肉丝,28,食用油,食用油35g,,调料,35g,3;4,瘦肉中加入淀粉、生抽和5g食用油，抓匀腌制10分钟;主锅中加入30g食用油，盖上锅盖和量杯，设置：3分钟/140℃/1档（反转）热油,cooking_fat,NUTRITION_USAGE_CONTROLLED_COOKING_FAT,pending
417-3,417,能量棒面包,41,水,温水（水温40℃，触水稍微有温感）130克,温,其他,130克,2;12,揉面：在搅拌盆中依次称入水（水温= 56℃-（面粉温度+室温））、酵母、蜂蜜、盐、T65面粉、全麦面粉低速搅拌至面团光滑，具有一定延展性，加入橄榄油、混合坚果、混合果干低速搅拌使其混合即可;开启电源，取出水箱加满水，选择“开始烹饪”按键，按屏幕提示操作,cooking_liquid,NUTRITION_USAGE_CONTROLLED_COOKING_LIQUID,pending
417-7,417,能量棒面包,20,橄榄油,橄榄油5克,,调料,5克,2,揉面：在搅拌盆中依次称入水（水温= 56℃-（面粉温度+室温））、酵母、蜂蜜、盐、T65面粉、全麦面粉低速搅拌至面团光滑，具有一定延展性，加入橄榄油、混合坚果、混合果干低速搅拌使其混合即可,cooking_fat,NUTRITION_USAGE_CONTROLLED_COOKING_FAT,pending
419-2,419,芋泥鲜奶,41,水,水700g,,其他,700g,2,主锅中加入水，盖上锅盖，放上复式蒸锅，设置：35分钟/140℃/1档烧煮,cooking_liquid,NUTRITION_USAGE_CONTROLLED_COOKING_LIQUID,pending
420-2,420,番茄肥牛盖浇饭,28,食用油,食用油15g,,调料,15g,2,加入食用油、番茄酱、西红柿、白糖和盐，盖上锅盖和量杯，设置：5分钟/110℃/1档（反转）熬煮,cooking_fat,NUTRITION_USAGE_CONTROLLED_COOKING_FAT,pending
422-3,422,干烧大虾,28,食用油,食用油30克,,调料,30克,1,加入食用油、番茄酱和豆瓣酱，盖上锅盖和量杯，设置：2分30秒/140℃/1档（反转）爆香,cooking_fat,NUTRITION_USAGE_CONTROLLED_COOKING_FAT,pending
422-7,422,干烧大虾,41,水,水10克,,其他,10克,3,加入水、生抽、料酒和白胡椒粉，盖上锅盖，不要放量杯，设置：3分钟/140℃/1档（反转）烧煮,cooking_liquid,NUTRITION_USAGE_CONTROLLED_COOKING_LIQUID,pending
428-6,428,温州鱼饼,41,水,水20g,,其他,20g,3;4;7,生姜用刀背拍碎后加入20g清水中;稍微按压后取10g生姜水倒入鱼肉末中;手上沾少许水，将鱼肉馅均分成两块，整形成两个长扁形的鱼饼（约长10cm*宽5cm*厚3cm）,cooking_liquid,NUTRITION_USAGE_CONTROLLED_COOKING_LIQUID,pending
429-5,429,酱香羊肉煲,41,水,水1600g,,其他,1600g,1;3;4,主锅中加入羊肉、10g姜片、花椒、香叶和800g水，盖上锅盖和量杯，设置：10分钟/140℃/1档（反转）焯水;主锅中加入食用油、10g姜片、八角、焯水后的羊肉、蚝油、海鲜酱和沙茶酱，盖上锅盖和量杯，设置：4分钟/140℃/1档（反转）煸炒;加入800g水，盖上锅盖和量杯，设置：40分钟/105℃停刀烧煮,cooking_liquid,NUTRITION_USAGE_CONTROLLED_COOKING_LIQUID,pending
429-6,429,酱香羊肉煲,28,食用油,食用油15g,,调料,15g,3,主锅中加入食用油、10g姜片、八角、焯水后的羊肉、蚝油、海鲜酱和沙茶酱，盖上锅盖和量杯，设置：4分钟/140℃/1档（反转）煸炒,cooking_fat,NUTRITION_USAGE_CONTROLLED_COOKING_FAT,pending
430-5,430,菠菜粉丝汤,41,水,水900g,,其他,900g,1,主锅中加入泡发好的粉丝、高汤块、姜丝、海米和900g水，盖上锅盖，不要放量杯，设置：7分钟/140℃/1档（反转）熬煮,cooking_liquid,NUTRITION_USAGE_CONTROLLED_COOKING_LIQUID,pending
432-3,432,麻辣捞汁小海鲜,41,水,水620g,,其他,620g,2;3;4;5,主锅中加入500g水和虾，盖上锅盖和量杯，设置：10分钟/140℃/1档（反转）焯水;捞出虾沥干水分并清洗主锅;主锅中加入120g水、八角、桂皮和花椒，盖上锅盖和量杯，设置：6分钟/140℃/1档（反转）烧煮;取一碗，倒入煮好的八角桂皮水，加入虾、青椒片、红椒片、5g花雕酒、生抽、老抽、蚝油、白砂糖和辣椒油，搅拌均匀，浸泡后即可食用,cooking_liquid,NUTRITION_USAGE_CONTROLLED_COOKING_LIQUID,pending
434-3,434,全麦吐司,41,水,B料：水240ml,,其他,240ml,,,cooking_liquid,NUTRITION_USAGE_CONTROLLED_COOKING_LIQUID,pending
436-2,436,花生酥,208,猪油,猪油220克,,肉禽,220克,4,放入备好的猪油，拌匀，制成面团,cooking_fat,NUTRITION_USAGE_CONTROLLED_COOKING_FAT,pending
437-1,437,鱼香杏鲍菇,41,水,A料：水600克,,其他,600克,1;2;3,主锅中加入600g水，盖上锅盖，设置：6分钟/焯水;加入杏鲍菇丝，盖上锅盖，设置：2分钟/焯水;结束后，取出杏鲍菇丝沥干水份备用，并清洗主锅,cooking_liquid,NUTRITION_USAGE_CONTROLLED_COOKING_LIQUID,pending
437-3,437,鱼香杏鲍菇,28,食用油,食用油20克,,调料,20克,4,主锅中加入食用油、蒜末和郫县豆瓣酱，盖上锅盖，设置：1分钟/热炒/大火,cooking_fat,NUTRITION_USAGE_CONTROLLED_COOKING_FAT,pending
438-10,438,口水鸡,28,食用油,食用油15g,,调料,15g,3,主锅洗净，加入食用油、花椒、蒜末、辣椒油、生抽、盐和陈醋，盖上锅盖和量杯，设置：2分/120℃/1档（反转）爆香,cooking_fat,NUTRITION_USAGE_CONTROLLED_COOKING_FAT,pending
438-8,438,口水鸡,41,水,水800g,,其他,800g,1,主锅中加入鸡腿、小葱、姜片、桂皮、香叶、八角、白醋和水，盖上锅盖和量杯，设置：17分钟/140℃/1档（反转）烧煮,cooking_liquid,NUTRITION_USAGE_CONTROLLED_COOKING_LIQUID,pending
438-9,438,口水鸡,41,水,冰水适量,冰,其他,,2,结束后将鸡腿取出放入冰水中，冷却后切块备用,cooking_liquid,NUTRITION_USAGE_CONTROLLED_COOKING_LIQUID,pending
439-8,439,清蒸牛腱肉,41,水,开水600-800克,煮沸,其他,800克,2;3;4;7,将牛腱肉放入锅中，加冷水浸没，大火加热至沸腾，水沸后继续焯水5分钟;焯好的牛腱肉捞出，用清水洗净备用;取1大碗，放入牛腱肉，并依次放入B中的原料，再倒入开水;开启电源，取出水箱加满水，选择“开始烹饪”按键，按屏幕提示操作,cooking_liquid,NUTRITION_USAGE_CONTROLLED_COOKING_LIQUID,pending
440-12,440,黑森林蛋糕,169,玉米油,玉米油20g,,蔬菜,20g,3,先制作蛋黄糊，将32g牛奶、4g朗姆酒、0.5g盐，20g玉米油与盆中已有的蛋黄混匀后，加入准备好的粉类，搅拌均匀,cooking_fat,NUTRITION_USAGE_CONTROLLED_COOKING_FAT,pending
441-11,441,蟹黄小笼,41,水,水75克,,其他,75克,2;3;5,肉糜加蟹粉、盐、糖、生抽、胡椒粉、少许葱姜水搅拌上劲，用保鲜膜包好放入冰箱冷藏30分钟;面粉加水和成面团揉至光滑，分成8克左右大小的小面剂;放入方太智能烹饪设备，开启电源，取出水箱加满水，选择“开始烹饪”按键，按屏幕提示操作,cooking_liquid,NUTRITION_USAGE_CONTROLLED_COOKING_LIQUID,pending
441-4,441,蟹黄小笼,356,油,油适量,,调料,,,,cooking_fat,NUTRITION_USAGE_CONTROLLED_COOKING_FAT,pending
443-1,443,蒜蓉炒虾球,28,食用油,主料：食用油45g,,调料,45g,1,主锅中加入食用油和60g蒜蓉，盖上锅盖和量杯，设置：2分钟/140℃/1档(反转)煸炒,cooking_fat,NUTRITION_USAGE_CONTROLLED_COOKING_FAT,pending
444-1,444,油渣白菜,208,猪油,主料：猪油10g,,肉禽,10g,1,主锅中加入猪油、姜片和蒜片，盖上锅盖和量杯，设置：2分钟/140℃/1档（反转）爆香,cooking_fat,NUTRITION_USAGE_CONTROLLED_COOKING_FAT,pending
445-1,445,炒三鲜,28,食用油,主料：食用油15g,,调料,15g,1,主锅中加入食用油、姜丝、鱿鱼圈、虾仁和松板肉，盖上锅盖和量杯，设置：5分钟/140℃/1档（反转）煸炒,cooking_fat,NUTRITION_USAGE_CONTROLLED_COOKING_FAT,pending
447-13,447,蒜蓉粉丝龙利鱼,41,水,水400g,,其他,400g,7,主锅中加入400g水，盖上锅盖，放上复式蒸锅，设置：15分钟/140℃/1档蒸制,cooking_liquid,NUTRITION_USAGE_CONTROLLED_COOKING_LIQUID,pending
447-7,447,蒜蓉粉丝龙利鱼,28,食用油,食用油25g,,调料,25g,3,结束后加入食用油，盖上锅盖，不要盖量杯，设置：3分钟/100℃/1档煸炒,cooking_fat,NUTRITION_USAGE_CONTROLLED_COOKING_FAT,pending
448-4,448,蛋黄布丁,41,水,水500g,,其他,500g,3,主锅中加入500g水，盖上锅盖，放上复式蒸锅，设置：30分钟/140℃/1档蒸制,cooking_liquid,NUTRITION_USAGE_CONTROLLED_COOKING_LIQUID,pending
449-4,449,八宝辣酱,41,水,水500克,,其他,500克,1;4,主锅中加入鸭胗丁、猪肚丁、料酒和300g水，盖上锅盖，设置：10分钟/焯水;结束后，加入笋丁、豆干、虾仁、老抽和200g水，盖上锅盖，设置：15分钟/红烧/大火,cooking_liquid,NUTRITION_USAGE_CONTROLLED_COOKING_LIQUID,pending
449-5,449,八宝辣酱,28,食用油,食用油50克,,调料,50克,3,加入50g食用油、辣椒酱、豆瓣酱、甜面酱、猪腿肉丁、猪肚、鸭胗和虾皮，盖上锅盖，设置：5分钟/热炒/大火,cooking_fat,NUTRITION_USAGE_CONTROLLED_COOKING_FAT,pending
450-1,450,家常麻辣香锅,41,水,主料：水1000g,,其他,1000g,1,主锅中加入水、藕片、土豆、香菇、花菜、黑木耳、海带结、对虾、盐和食用油，盖上锅盖和量杯，设置：10分钟/110℃停刀汆烫，结束后取出沥干水分备用,cooking_liquid,NUTRITION_USAGE_CONTROLLED_COOKING_LIQUID,pending
450-10,450,家常麻辣香锅,28,食用油,食用油10g,,调料,10g,1,主锅中加入水、藕片、土豆、香菇、花菜、黑木耳、海带结、对虾、盐和食用油，盖上锅盖和量杯，设置：10分钟/110℃停刀汆烫，结束后取出沥干水分备用,cooking_fat,NUTRITION_USAGE_CONTROLLED_COOKING_FAT,pending
451-2,451,豌豆茶碗蒸,41,水,清水150毫升,,其他,150毫升,2;5,2个鸡蛋打散，加盐少许，清水150毫升，搅打均匀;将小碗放入蒸箱中，取出水箱加满水，选择“开始烹饪”按键，按屏幕提示操作,cooking_liquid,NUTRITION_USAGE_CONTROLLED_COOKING_LIQUID,pending
452-4,452,免揉基础小欧包,41,水,温水（酵母用）6毫升,温,其他,6毫升,2,高粉、全麦粉、盐、糖加上温水搅拌均匀,cooking_liquid,NUTRITION_USAGE_CONTROLLED_COOKING_LIQUID,pending
452-7,452,免揉基础小欧包,41,水,温水(夏25度，冬35度，春秋30度)150毫升,温,其他,150毫升,,,cooking_liquid,NUTRITION_USAGE_CONTROLLED_COOKING_LIQUID,pending
453-1,453,腊肉烧小土豆,28,食用油,主料：食用油10g,,调料,10g,1,主锅中加入食用油和腊肉块，盖上锅盖，不要放量杯，设置：5分钟/140℃/1档（反转）煸炒,cooking_fat,NUTRITION_USAGE_CONTROLLED_COOKING_FAT,pending
453-12,453,腊肉烧小土豆,41,水,水300g,,其他,300g,3,加入青红线椒片、生抽、老抽、盐和水，盖上锅盖和量杯，设置：20分钟/140℃/1档（反转）烧煮,cooking_liquid,NUTRITION_USAGE_CONTROLLED_COOKING_LIQUID,pending
454-3,454,姜饼屋,41,水,水60克,,其他,60克,1;2,姜饼屋饼干制作：黄油放入料理盆中隔热水融化，加入红糖粉融化搅拌均匀;往“步骤1”料理盆中加入水、蜂蜜搅拌均匀，待冷却后依次加入鸡蛋液、糖粉搅匀,cooking_liquid,NUTRITION_USAGE_CONTROLLED_COOKING_LIQUID,pending
455-7,455,海带汤,41,水,水900克,,其他,900克,2,加入蒜末、生抽、盐和水，盖上锅盖和量杯，设置：25分钟/110℃/1档（反转）炖煮,cooking_liquid,NUTRITION_USAGE_CONTROLLED_COOKING_LIQUID,pending
456-2,456,菠萝咕咾肉,28,食用油,食用油20克,,调料,20克,4,里脊肉加入盐、白胡椒粉、蛋黄、食用油、淀粉拌匀腌制15分钟,cooking_fat,NUTRITION_USAGE_CONTROLLED_COOKING_FAT,pending
457-2,457,鲜沙姜生焗文昌鸡,461,花生油,花生油80克,,坚果,80克,2,取出智能锅里的搅拌刀，主锅中加入80g花生油、200g鲜沙姜、2g盐和130g水，将腌好的鸡平铺在锅内，盖上锅盖，设置：28分钟/三汁焖/中火,cooking_fat,NUTRITION_USAGE_CONTROLLED_COOKING_FAT,pending
457-6,457,鲜沙姜生焗文昌鸡,41,水,水130克,,其他,130克,1;2,在智能锅上称取，2片香叶、20g盐、100g鲜沙姜、20g盐焗鸡粉、5g鸡粉、10g家乐牌鸡汁、15g小葱、6g沙姜粉、50g生抽、30g花雕酒和50g老抽，将腌料均匀地抹擦在鸡的全身内外，腌制4小时后，用手沾湿水，将鸡身里外的腌料物清理干净备用;取出智能锅里的搅拌刀，主锅中加入80g花生油、200g鲜沙姜、2g盐和130g水，将腌好的鸡平铺在锅内，盖上锅盖，设置：28分钟/三汁焖/中火,cooking_liquid,NUTRITION_USAGE_CONTROLLED_COOKING_LIQUID,pending
458-10,458,清蒸蛏子,28,食用油,食用油45克,,调料,45克,,,cooking_fat,NUTRITION_USAGE_CONTROLLED_COOKING_FAT,pending
458-6,458,清蒸蛏子,41,水,开水20克,煮沸,其他,20克,1;2;3;5;7,将蛏子放在清水中倒入盐吐沙静置2小时;将粉丝用开水泡5~6分钟，捞出铺在盘子上;取蛏子沥干，放入锅中加冷水浸没，大火煮至开口，大约3~4分钟;将焯水后的蛏子摆在粉丝上，再将切好的姜丝，蒜末撒在蛏子上并均匀的淋上料酒、蚝油，腌制15分钟;开启电源，取出水箱加满水，选择“开始烹饪”按键，按屏幕提示操作,cooking_liquid,NUTRITION_USAGE_CONTROLLED_COOKING_LIQUID,pending
460-1,460,豉汁蒸排骨,28,食用油,主料：食用油15g,,调料,15g,1,主锅中加入食用油、豆豉、大蒜和洋葱，盖上锅盖，不要放量杯，设置：2分钟/140℃/1档（反转）煸炒,cooking_fat,NUTRITION_USAGE_CONTROLLED_COOKING_FAT,pending
460-10,460,豉汁蒸排骨,41,水,水900g,,其他,900g,3,主锅中加入水，盖上锅盖，放上复式蒸锅，设置：50分钟/140℃/1档（反转）蒸制,cooking_liquid,NUTRITION_USAGE_CONTROLLED_COOKING_LIQUID,pending
461-3,461,五香牛肉,41,水,水2100克,,其他,2100克,1;2,主锅中不加刀组，加入牛腱肉块、10g姜片、20g料酒和800g水，盖上锅盖，设置：9分钟/焯水，将锅内食物倒出并洗净牛腱肉块和主锅;主锅中不加刀组，加入焯好的牛腱肉块、50g姜片、50g料酒、老抽、生抽、大葱白、八角桂皮、香叶、小茴香、草果、花椒、干辣椒、盐和1000g水，盖上锅盖，设置：120分钟/中火/酱香卤,cooking_liquid,NUTRITION_USAGE_CONTROLLED_COOKING_LIQUID,pending
462-14,462,鲜肉月饼,41,水,水60克,,其他,60克,1;2;7;8;11;13;17;18;19;21,"制作馅料：在葱段、姜片中加水，用勺子按压出汁，取用葱姜水 10g;制作馅料：将猪前腿肉末、盐、葱姜水混合，用筷子顺一个方向搅拌上劲（约 1 分钟）;中间放入白糖，水，用手搅匀;加入猪油，用手将猪油、糖水充分混匀呈乳化状态，再将其余的面粉与之拌和;待成为质地均匀柔软光滑的面团后，即成水油面;静置水油面时，另取低筋粉，加入猪油;将水油面和干油酥各均分为12份，并分别搓成球形(用保鲜膜盖住面团,防止干皮);将水油面擀成约8里米的中间厚边缘略博圆皮，装上油酥放在水油而皮的中间;将水油面皮向上拢并收口;取一个面坯，用擀面杖水平上下推擀呈长椭圆形",cooking_liquid,NUTRITION_USAGE_CONTROLLED_COOKING_LIQUID,pending
462-2,462,鲜肉月饼,208,猪油,猪油60克,,肉禽,60克,8;13;14,加入猪油，用手将猪油、糖水充分混匀呈乳化状态，再将其余的面粉与之拌和;静置水油面时，另取低筋粉，加入猪油;用掌根将猪油和面粉向前推擦,cooking_fat,NUTRITION_USAGE_CONTROLLED_COOKING_FAT,pending
462-5,462,鲜肉月饼,41,水,水80克,,其他,80克,1;18,制作馅料：在葱段、姜片中加水，用勺子按压出汁，取用葱姜水 10g;将水油面擀成约8里米的中间厚边缘略博圆皮，装上油酥放在水油而皮的中间,cooking_liquid,NUTRITION_USAGE_CONTROLLED_COOKING_LIQUID,pending
462-6,462,鲜肉月饼,208,猪油,猪油30克,,肉禽,30克,8,加入猪油，用手将猪油、糖水充分混匀呈乳化状态，再将其余的面粉与之拌和,cooking_fat,NUTRITION_USAGE_CONTROLLED_COOKING_FAT,pending
464-9,464,香辣烤凤爪,28,食用油,食用油5毫升,,调料,5毫升,2;3,将鸡爪倒入碗中，加入辣椒粉、烧烤汁、辣椒油、烤肉酱、烧烤粉、食用油，再撒入孜然粉、盐，搅拌均匀，腌渍10分钟;在烤盘中铺上锡纸，在烧烤架上刷适量食用油，用烧烤针将鸡爪穿好，将鸡爪放到烧烤架上，置入烤箱中,cooking_fat,NUTRITION_USAGE_CONTROLLED_COOKING_FAT,pending
466-1,466,番茄红汤锅底,28,食用油,主料：食用油30g,,调料,30g,,,cooking_fat,NUTRITION_USAGE_CONTROLLED_COOKING_FAT,pending
466-9,466,番茄红汤锅底,41,水,水1000g,,其他,1000g,1,加入番茄块、白糖、盐、水，盖上锅盖和量杯，设置：10分钟/140℃/1档烧煮，再设置：30秒/7档打碎,cooking_liquid,NUTRITION_USAGE_CONTROLLED_COOKING_LIQUID,pending
468-5,468,鸡肉玉米肠,41,水,水800g,,其他,800g,1;7,主锅中加入400g水、玉米粒和胡萝卜粒，盖上锅盖和量杯，设置：7分钟/140℃/2档熬煮;主锅中加入400g水，盖上锅盖，放上复式蒸锅，设置20分钟/140℃/1档蒸制,cooking_liquid,NUTRITION_USAGE_CONTROLLED_COOKING_LIQUID,pending
469-4,469,酸豇豆煸排骨,41,水,水820g,,其他,820g,1;4,主锅中加入排骨、料酒、姜片和700g水，盖上锅盖和量杯，设置：8分钟/140℃/1档（反转）焯水;加入酸豇豆、盐、白糖、焯好的排骨和120g水，盖上锅盖和量杯，设置：20分钟/105℃/1档（反转）烧煮,cooking_liquid,NUTRITION_USAGE_CONTROLLED_COOKING_LIQUID,pending
469-5,469,酸豇豆煸排骨,28,食用油,食用油20g,,调料,20g,3,主锅中加入食用油、葱花和干辣椒，盖上锅盖，不要放量杯，设置：3分钟/140℃/1档（反转）煸炒,cooking_fat,NUTRITION_USAGE_CONTROLLED_COOKING_FAT,pending
470-11,470,黄椒酱蒸鲜鱿,155,色拉油,色拉油30克,,调料,30克,2,锅中倒入色拉油，放入蒜泥炒香，在放入腌拌好的黄彩椒粒、黄灯笼辣椒酱及其余调料炒匀即可,cooking_fat,NUTRITION_USAGE_CONTROLLED_COOKING_FAT,pending
471-4,471,清蒸核桃梨,41,水,水150克,,其他,150克,2;4;5,用清水把梨洗干净，去皮;用清水把核桃仁冲洗干净，用手掰碎，加入盛梨的碗中，再加入冰糖、水;放入方太智能烹饪设备第2层，开启电源，取出水箱加满水，选择“开始烹饪”按键，按屏幕提示操作,cooking_liquid,NUTRITION_USAGE_CONTROLLED_COOKING_LIQUID,pending
473-4,473,肉末蒸蛋,41,水,水750g,,其他,750g,1;3,主锅中加入鸡蛋、2小勺盐、5g生抽和250g水，盖上锅盖和量杯，设置：1分钟/3档混合;主锅中加入500g水，盖上锅盖，放上复式蒸锅，设置：18分钟/120℃/1档蒸煮,cooking_liquid,NUTRITION_USAGE_CONTROLLED_COOKING_LIQUID,pending
473-5,473,肉末蒸蛋,28,食用油,食用油20g,,调料,20g,5,主锅中加入食用油和姜末，盖上锅盖和量杯，设置：2分钟/140℃/2档（反转）热油,cooking_fat,NUTRITION_USAGE_CONTROLLED_COOKING_FAT,pending
474-12,474,盐水花生,41,水,水1500克,,其他,1500克,1,主锅中加入清洗好的花生、小葱结、姜片、生抽、八角、香叶、桂皮、花椒、干辣椒、盐、白糖和1200g水，盖上锅盖，设置：90分钟/炖煮/中火,cooking_liquid,NUTRITION_USAGE_CONTROLLED_COOKING_LIQUID,pending
475-13,475,皂角银耳羹,41,水,水1200克,,其他,1200克,1,主锅中加入泡发后去根撕小朵的银耳、泡发后的皂角米、冰糖、桃胶、雪燕、红枣和1500g水，盖上锅盖，设置：85分钟/文火/烧煮,cooking_liquid,NUTRITION_USAGE_CONTROLLED_COOKING_LIQUID,pending
475-5,475,皂角银耳羹,41,水,水1500克,,其他,1500克,,,cooking_liquid,NUTRITION_USAGE_CONTROLLED_COOKING_LIQUID,pending
476-5,476,话梅小排,41,水,水1050克,,其他,1050克,1;4,主锅中加入猪肋排段、20g姜片、料酒和600g水，盖上锅盖，设置：7分钟/焯水;加入焯好的肋排、九制话梅、红曲粉、陈醋、盐和450g水，盖上锅盖，设置：40分钟/红烧/大火,cooking_liquid,NUTRITION_USAGE_CONTROLLED_COOKING_LIQUID,pending
476-6,476,话梅小排,28,食用油,食用油15克,,调料,15克,3,主锅中加入食用油、白糖、大葱段和10g姜片，盖上锅盖，设置：3分钟/热炒/猛火,cooking_fat,NUTRITION_USAGE_CONTROLLED_COOKING_FAT,pending
477-2,477,爽口凉皮,41,水,水900g,,其他,900g,1;2;4,主锅中加入中筋面粉和100g水，盖上锅盖和量杯，设置：2分钟/4档（反转）揉面，结束后，用刮刀将面团取出整形成较光滑的面团，盖上保鲜膜醒发约半小时;醒发后的面团用手掰成鸡蛋大小的块，放进主锅中，加入800g水，盖上锅盖和量杯，设置：7分钟/3档（反转）洗面;待溶液分层后，弃去上层清液，剩余的淀粉浆中加少量水混合,cooking_liquid,NUTRITION_USAGE_CONTROLLED_COOKING_LIQUID,pending
478-5,478,姜汁牛肉饭,461,花生油,花生油适量,,坚果,,2,将鲜牛肉切碎，剁成肉糜状，放碟中，加姜汁，拌匀后加入酱油、花生油再拌,cooking_fat,NUTRITION_USAGE_CONTROLLED_COOKING_FAT,pending
480-14,480,蒜蓉粉丝烤茄子,28,食用油,食用油15克,,调料,15克,,,cooking_fat,NUTRITION_USAGE_CONTROLLED_COOKING_FAT,pending
483-6,483,桂花发糕,41,水,水130g,,其他,130g,4,开启电源，取出水箱加满水，选择“发酵”模式，设置35℃、40分钟，按确认键，开始发酵,cooking_liquid,NUTRITION_USAGE_CONTROLLED_COOKING_LIQUID,pending
485-12,485,牛肝菌炖花胶,41,水,水300克,,其他,300克,1;2;3;4;7,将牛肝菌用冷水浸泡30分钟，然后用清水洗净表面泥沙，剪掉根部硬块;将洗净去根部硬块的牛肝菌放入沸水中大火煮1~2分钟，捞出用清水冲洗后沥干备用;将花胶放入锅中，加沸水浸没，大火焯水3分钟，然后加盖焖5分钟，直至用牙签能轻易插进去，捞出用清水冲洗;将洗净的猪里脊切成2cm的立方块，放入锅中，加冷水浸没，大火煮沸后转小火煮2分钟，捞出用清水冲洗;将砂锅放在有孔蒸盘上，将蒸盘放入蒸箱中间层，取出水箱加满水，选择“开始烹饪”按键，按屏幕提示操作,cooking_liquid,NUTRITION_USAGE_CONTROLLED_COOKING_LIQUID,pending
485-9,485,牛肝菌炖花胶,28,食用油,C料：食用油30克,,调料,30克,5,将炒锅烧热，倒入C中的食用油，烧至七成热时（略微冒烟），加入C中葱、姜，小火煸至葱姜变黄后，将油倒出、留下葱姜，然后往锅中加入C中剩余的原料，再加入花胶段，大火煮3分钟，捞出花胶备用,cooking_fat,NUTRITION_USAGE_CONTROLLED_COOKING_FAT,pending
486-5,486,爆炒鱿鱼,41,水,开水1000g,煮沸,其他,1000g,3,切好的鱿鱼放入开水中焯烫30秒后捞出沥干备用,cooking_liquid,NUTRITION_USAGE_CONTROLLED_COOKING_LIQUID,pending
486-6,486,爆炒鱿鱼,28,食用油,食用油20g,,调料,20g,4,主锅中加入食用油、小葱段、姜丝、蚝油、洋葱、青椒和红椒，盖上锅盖和量杯，设置：3分钟/140℃/1档（反转）炒拌,cooking_fat,NUTRITION_USAGE_CONTROLLED_COOKING_FAT,pending
487-3,487,木耳小炒肉,28,食用油,食用油15g,,调料,15g,3,主锅中加入食用油、里脊肉和木耳，盖上锅盖和量杯，设置：2分钟/140℃/1档（反转）煸炒,cooking_fat,NUTRITION_USAGE_CONTROLLED_COOKING_FAT,pending
490-4,490,清明粿,41,水,水250克,,其他,250克,3;5;18,分次加入水;取50克左右的面团 放入沸水中煮熟;放入方太智能烹饪设备，开启电源，取出水箱加满水，选择“开始烹饪”按键，按屏幕提示操作,cooking_liquid,NUTRITION_USAGE_CONTROLLED_COOKING_LIQUID,pending
491-2,491,芹菜炒鱿鱼,28,食用油,食用油15g,,调料,15g,2,主锅中加入食用油和姜丝，盖上锅盖，不要放量杯，设置：1分钟/140℃/1档煸炒,cooking_fat,NUTRITION_USAGE_CONTROLLED_COOKING_FAT,pending
492-3,492,姜饼,41,水,水60g,,其他,60g,,,cooking_liquid,NUTRITION_USAGE_CONTROLLED_COOKING_LIQUID,pending
493-2,493,茶焖虾,41,水,水200g,,其他,200g,5,加入沥干的茶叶和30g茶水，盖上锅盖和量杯，设置：2分钟/140℃/1档（反转）焖煮,cooking_liquid,NUTRITION_USAGE_CONTROLLED_COOKING_LIQUID,pending
493-4,493,茶焖虾,28,食用油,食用油30g,,调料,30g,1;3,主锅中加入15g食用油和泡好的茶叶，盖上锅盖和量杯，设置：3分钟/140℃/1档（反转）煸炒;主锅中加入15g食用油、大葱段和姜丝，盖上锅盖和量杯，设置：3分钟/140℃/1档（反转）煸炒,cooking_fat,NUTRITION_USAGE_CONTROLLED_COOKING_FAT,pending
495-6,495,卤一锅,41,水,水2000g,,其他,2000g,1;4,主锅中加入鸡爪、鸡翅中、10g姜片、大葱段、料酒和800g水，盖上锅盖和量杯，设置：8分钟/140℃/1档（反转）焯水;加入1200g水、生抽、老抽、白糖和盐，盖上锅盖和量杯，设置：7分钟/140℃/1档（反转）烧煮,cooking_liquid,NUTRITION_USAGE_CONTROLLED_COOKING_LIQUID,pending
495-7,495,卤一锅,28,食用油,食用油20g,,调料,20g,3,主锅中加入食用油、20g姜片、八角、草果、桂皮、香叶和花椒，盖上锅盖和量杯，设置：3分钟/140℃/1档（反转）煸炒,cooking_fat,NUTRITION_USAGE_CONTROLLED_COOKING_FAT,pending
496-13,496,家常黄焖鸡,41,水,水100克,,其他,100克,3,加入鸡块、干香菇块、料酒、生抽、老抽、蚝油、冰糖、盐和100g水，盖上锅盖，设置：15分钟,cooking_liquid,NUTRITION_USAGE_CONTROLLED_COOKING_LIQUID,pending
496-2,496,家常黄焖鸡,28,食用油,辅料：食用油20克,,调料,20克,1,锅中加入食用油、姜粒、蒜粒和洋葱块，盖上锅盖，设置：3分钟,cooking_fat,NUTRITION_USAGE_CONTROLLED_COOKING_FAT,pending
500-4,500,洋葱烤黑椒牛仔骨,28,食用油,B料：食用油200克,,调料,200克,2;4;5,制作腌渍酱料:取一深碗，将B中除了食用油外的所有调料搅拌均匀即可;炒锅上火，放入食用油烧热，将土豆块炸制断生，再放入洋葱速炸，捞出沥干油脂，平铺在蒸烤盘上;将腌制好的牛仔骨，逐片摆放在土豆洋葱上面，牛仔骨表面刷上少许食用油即可,cooking_fat,NUTRITION_USAGE_CONTROLLED_COOKING_FAT,pending
501-5,501,蒜香豆豉蒸秋葵,20,橄榄油,橄榄油5毫升,,调料,5毫升,3,热锅内注入橄榄油烧热，倒入蒜泥、豆豉，爆香,cooking_fat,NUTRITION_USAGE_CONTROLLED_COOKING_FAT,pending
502-4,502,啤酒烧排骨,41,水,水600g,,其他,600g,1;3,主锅中加入排骨、料酒、5g姜片和水，盖上锅盖和量杯，设置：6分钟/140℃/1档（反转）焯水，结束后将锅内食物倒出并洗净排骨和主锅;加入焯水后的排骨、生抽和老抽，盖上锅盖和量杯，设置：4分钟/140℃/1档（反转）烧煮,cooking_liquid,NUTRITION_USAGE_CONTROLLED_COOKING_LIQUID,pending
502-5,502,啤酒烧排骨,28,食用油,食用油10g,,调料,10g,2,主锅中加入食用油、5g姜片、八角、花椒、干辣椒和冰糖，盖上锅盖，不要放量杯，设置：2分钟/140℃/1档（反转）煸炒,cooking_fat,NUTRITION_USAGE_CONTROLLED_COOKING_FAT,pending
503-4,503,山药莲子排骨汤,41,水,水1900g,,其他,1900g,1;3,主锅中加入排骨、料酒、姜片和700g水，盖上锅盖和量杯，设置：8分钟/140℃/1档（反转）焯水;主锅中加入焯水后的排骨、山药、泡发好的薏米、莲子、干百合、盐和1200g水，盖上锅盖和量杯，设置：60分钟/105℃停刀烧煮,cooking_liquid,NUTRITION_USAGE_CONTROLLED_COOKING_LIQUID,pending
505-1,505,排骨茶树菇煲,41,水,主料：水700g,,其他,700g,1;3,主锅中加入500g水和排骨，盖上锅盖和量杯，设置：5分钟/140℃/1档（反转）焯水;主锅中加入排骨、食用油、生抽、老抽、料酒、八角和200g水，盖上锅盖和量杯，设置：25分钟/120℃/1档（反转）炖煮,cooking_liquid,NUTRITION_USAGE_CONTROLLED_COOKING_LIQUID,pending
505-3,505,排骨茶树菇煲,28,食用油,食用油15g,,调料,15g,3,主锅中加入排骨、食用油、生抽、老抽、料酒、八角和200g水，盖上锅盖和量杯，设置：25分钟/120℃/1档（反转）炖煮,cooking_fat,NUTRITION_USAGE_CONTROLLED_COOKING_FAT,pending
506-4,506,黄桃罐头,41,水,水800克,,其他,800克,1,主锅中加入水、去皮黄桃、冰糖粉和盐，盖上锅盖，设置：32分钟/中火/烧煮,cooking_liquid,NUTRITION_USAGE_CONTROLLED_COOKING_LIQUID,pending
507-3,507,沙爹酱鱿鱼,41,水,水600g,,其他,600g,1,主锅中加入鱿鱼圈、10g料酒和600g水，盖上锅盖和量杯，设置：4分30秒/140℃/1档（反转）焯水,cooking_liquid,NUTRITION_USAGE_CONTROLLED_COOKING_LIQUID,pending
507-7,507,沙爹酱鱿鱼,28,食用油,食用油15g,,调料,15g,3,主锅中加入焯好的鱿鱼圈、小米辣、姜丝、蒜片和食用油，盖上锅盖和量杯，设置：2分钟/140℃/1档（反转）煸炒,cooking_fat,NUTRITION_USAGE_CONTROLLED_COOKING_FAT,pending
508-6,508,串烤莲藕片,28,食用油,食用油10毫升,,调料,10毫升,3;5,在烤盘里铺上锡纸，在烧烤架上刷适量食用油;在莲藕串上刷适量食用油,cooking_fat,NUTRITION_USAGE_CONTROLLED_COOKING_FAT,pending
509-12,509,中式炒组合菜,356,油,油80克,,调料,80克,1;2;3;4;6;7;8,辣椒炒肉：五花肉切薄片，加入1克盐、10克生抽、1克老抽和10克油搅拌均匀后腌制10-20分钟，腌制好的五花肉均匀平铺在耐高温盘中;辣椒炒肉备用食材：青、红椒去籽切小块，加入10g蒜片、1克盐和5克油拌匀备用;辣子鸡：鸡腿肉切小块，加入5克姜片、5克蒜片、5克小葱段、10克生抽、2克盐、5克料酒、10克蚝油、15克油、10克油泼辣子、1克黑胡椒粉、1克五香粉和1克辣椒粉，搅拌均匀后腌制10-20分钟，腌制好的鸡腿肉均匀平铺在平铺在耐高温盘中;辣子鸡备用食材：将20克干辣椒段和2克花椒粒用清水浸泡5分钟，沥干水份，加入5克油拌匀备用;烤带鱼：用厨房纸巾把带鱼水吸干，表面划刀，加入10克小葱段、10克姜片、10克油、15克料酒、10克蚝油、10克生抽、1克盐和黑2克胡椒粉拌匀后腌制10-20分钟，盘子表面刷适量食用油，将腌好的带鱼平铺在盘中;干煸四季豆：四季豆洗净，去两头和筋，切约5cm段，加入30克油搅拌均匀，将四季豆平铺在盘中;干煸四季豆备用食材：10克干辣椒段用清水浸泡5分钟后，沥干水份，加入5克油、10克蒜片、2克盐、10克生抽拌匀备用,cooking_fat,NUTRITION_USAGE_CONTROLLED_COOKING_FAT,pending
511-2,511,油焖小龙虾,28,食用油,食用油75克,,调料,75克,1,主锅中加入食用油、姜片、大葱段、大蒜片、草果、豆蔻、陈皮、八角、桂皮、干辣椒段、香叶、花椒和辣椒酱，设置：3分钟/9档，持续翻炒,cooking_fat,NUTRITION_USAGE_CONTROLLED_COOKING_FAT,pending
512-11,512,蟹酿橙,28,食用油,食用油20克,,调料,20克,4,海豚微压锅中加入食用油、蟹壳&蟹脚和30g姜片,cooking_fat,NUTRITION_USAGE_CONTROLLED_COOKING_FAT,pending
513-6,513,一人食鸡蛋羹,41,水,温水50克,温,其他,50克,2;4,鸡蛋加适量盐打散，然后加入40毫升温水;放入方太智能烹饪设备第2层，开启电源，取出水箱加满水，选择“开始烹饪”按键，按屏幕提示操作,cooking_liquid,NUTRITION_USAGE_CONTROLLED_COOKING_LIQUID,pending
514-6,514,巧克力杯子蛋糕,155,色拉油,B料：色拉油28毫升,,调料,28毫升,7,加入色拉油，快速搅拌均匀，制成蛋糕浆,cooking_fat,NUTRITION_USAGE_CONTROLLED_COOKING_FAT,pending
515-7,515,柠檬鳕鱼,20,橄榄油,橄榄油12毫升,,调料,12毫升,5,锅中倒入橄榄油，放入鳕鱼块，用方太燃气灶小火3档将其两面煎呈金黄色即可,cooking_fat,NUTRITION_USAGE_CONTROLLED_COOKING_FAT,pending
516-1,516,刀豆土豆,28,食用油,主料：食用油20g,,调料,20g,1,主锅中加入食用油、土豆条和刀豆，盖上锅盖，不要放量杯，设置：3分钟/140℃/1档（反转）煸炒,cooking_fat,NUTRITION_USAGE_CONTROLLED_COOKING_FAT,pending
518-8,518,冷吃牛肉,28,食用油,食用油30g,,调料,30g,3,主锅中加入食用油、腌制好的牛肉和辅料，盖上锅盖和量杯，设置：7分钟/140℃/1档（反转）煸炒,cooking_fat,NUTRITION_USAGE_CONTROLLED_COOKING_FAT,pending
519-2,519,莴笋木耳肉片,28,食用油,食用油25g,,调料,25g,1,主锅中加入猪里脊肉片、食用油、姜片、蒜片、小红辣椒段、老抽和生抽，盖上锅盖和量杯，设置：3分钟/140℃/1档（反转）煸炒,cooking_fat,NUTRITION_USAGE_CONTROLLED_COOKING_FAT,pending
520-2,520,蔚蓝星空,41,水,冷水120g,冷,其他,120g,2,结束后，倒入装有冰块的杯中，加入蝶豆花水，待用,cooking_liquid,NUTRITION_USAGE_CONTROLLED_COOKING_LIQUID,pending
521-7,521,燕麦雪饼,169,玉米油,玉米油100毫升,,蔬菜,100毫升,3,少量多次加入玉米油（每次大约加入10毫升），每一次充分搅拌均匀再加入下一次,cooking_fat,NUTRITION_USAGE_CONTROLLED_COOKING_FAT,pending
525-6,525,蟹柳蒸金针菇,41,水,水50毫升,,其他,50毫升,2;3;6,将金针菇切去根部，放入盐水中泡一下;将金针菇放入开水里焯烫一下，然后摆在盘子里;开启电源，取出水箱加满水，将蒸烤盘/蒸烤架放入中间层，选择【开始烹饪】按键，按屏幕提示操作即可,cooking_liquid,NUTRITION_USAGE_CONTROLLED_COOKING_LIQUID,pending
526-5,526,什锦蔬菜汤,41,水,水800g,,其他,800g,1,主锅中插入搅拌棒并卡在刀组上，加入胡萝卜块、玉米块、泡发香菇、西芹和800g水，盖上锅盖和量杯，设置：20分钟/98℃/1档（反转）炖煮,cooking_liquid,NUTRITION_USAGE_CONTROLLED_COOKING_LIQUID,pending
527-2,527,三色百合,41,水,水500g,,其他,500g,1;2,主锅中加入白果仁和500g水，盖上锅盖和量杯，设置：7分钟/140℃/1档（反转）焯水;结束后，取出白果过凉水备用并洗净主锅,cooking_liquid,NUTRITION_USAGE_CONTROLLED_COOKING_LIQUID,pending
527-3,527,三色百合,28,食用油,食用油20g,,调料,20g,3,主锅中加入食用油、焯好的白果仁和西芹段，盖上锅盖，不要放量杯，设置：4分钟/140℃/1档（反转）煸炒,cooking_fat,NUTRITION_USAGE_CONTROLLED_COOKING_FAT,pending
528-6,528,腊肠焗饭,28,食用油,食用油10毫升,,调料,10毫升,,,cooking_fat,NUTRITION_USAGE_CONTROLLED_COOKING_FAT,pending
529-7,529,抱蛋豆腐,41,水,清水30毫升,,其他,30毫升,5;7,鸡蛋中加入30ml清水搅拌均匀，倒入装有豆腐块的大碗中;开启电源，取出水箱加满水，将蒸烤盘/蒸烤架放入中间层，选择【开始烹饪】按键，按屏幕提示操作即可,cooking_liquid,NUTRITION_USAGE_CONTROLLED_COOKING_LIQUID,pending
530-9,530,烤香辣鸡中翅,28,食用油,食用油10毫升,,调料,10毫升,1;2;4,洗净的鸡翅倒入碗中，加入鸡粉、辣椒酱、烧烤粉、盐，再放入孜然粉、烧烤汁、花生酱、食用油，拌匀，腌渍约10分钟;在烤盘中铺上锡纸，在烤盘上刷适量食用油，将鸡翅放到锡纸上，置入烤箱;翻面，刷上少许食用油,cooking_fat,NUTRITION_USAGE_CONTROLLED_COOKING_FAT,pending
531-12,531,意式肉酱面,20,橄榄油,橄榄油50克,,调料,50克,1,主锅中加入橄榄油和烟熏肉碎，盖上锅盖，设置：5分钟/热炒/中火,cooking_fat,NUTRITION_USAGE_CONTROLLED_COOKING_FAT,pending
531-13,531,意式肉酱面,1079,鸡汤,鸡汤100克,,肉禽,100克,4,加入粉碎的去皮番茄和鸡汤，盖上锅盖，设置：90分钟/烧煮/小火,cooking_liquid,NUTRITION_USAGE_CONTROLLED_COOKING_LIQUID,pending
531-18,531,意式肉酱面,41,水,开水700克,煮沸,其他,700克,6;7,主锅中加入意大利细面、2g盐和开水，盖上锅盖，设置：10分钟/烧煮/大火;结束后，倒掉热水,cooking_liquid,NUTRITION_USAGE_CONTROLLED_COOKING_LIQUID,pending
532-2,532,烤金针菇,155,色拉油,B料：色拉油25克,,调料,25克,,,cooking_fat,NUTRITION_USAGE_CONTROLLED_COOKING_FAT,pending
533-2,533,麦香馒头,41,水,水240g,,其他,240g,3,放入设备中间层，取出水箱加满水，选择“开始烹饪”按键，按屏幕提示操作,cooking_liquid,NUTRITION_USAGE_CONTROLLED_COOKING_LIQUID,pending
534-5,534,栗子龙眼粥,41,水,水550克,,其他,550克,1,将去壳栗子切碎，与龙眼肉、粳米装入砂锅中，加水,cooking_liquid,NUTRITION_USAGE_CONTROLLED_COOKING_LIQUID,pending
535-5,535,莲蓉包,208,猪油,猪油5克,,肉禽,5克,3,将材料搅拌匀，揉搓成面团，把猪油放到面团中间,cooking_fat,NUTRITION_USAGE_CONTROLLED_COOKING_FAT,pending
536-4,536,小吊梨汤,41,水,水900克,,其他,900克,1,主锅中加入梨肉、梨皮、银耳、黄冰糖和水，盖上锅盖和量杯，设置：40分钟/98℃/1档（反转）熬煮,cooking_liquid,NUTRITION_USAGE_CONTROLLED_COOKING_LIQUID,pending
541-2,541,北海道杯子蛋糕,169,玉米油,玉米油30g,,蔬菜,30g,1,主锅中加入4个蛋黄、玉米油和纯牛奶，盖上锅盖和量杯，设置：2分钟/4档混合,cooking_fat,NUTRITION_USAGE_CONTROLLED_COOKING_FAT,pending
542-1,542,海鲜日本豆腐烧,28,食用油,主料：食用油40g,,调料,40g,1,主锅中加入10g食用油、姜片和洋葱片，盖上锅盖和量杯，设置：3分钟/140℃/1档（反转）煸炒,cooking_fat,NUTRITION_USAGE_CONTROLLED_COOKING_FAT,pending
543-4,543,燠梨方,41,水,清水250g,,其他,250g,2,将B中的面粉和清水混匀，揉成面团，用保鲜膜包裹静置10分钟，擀成厚度约2cm的圆皮，包裹住塞入蜀椒的黄梨，置于浅盘中,cooking_liquid,NUTRITION_USAGE_CONTROLLED_COOKING_LIQUID,pending
544-4,544,黄金玉米烙,28,食用油,食用油200毫升,,调料,200毫升,,,cooking_fat,NUTRITION_USAGE_CONTROLLED_COOKING_FAT,pending
545-13,545,惠山油酥,155,色拉油,色拉油7g,,调料,7g,,,cooking_fat,NUTRITION_USAGE_CONTROLLED_COOKING_FAT,pending
545-3,545,惠山油酥,155,色拉油,色拉油40g,,调料,40g,,,cooking_fat,NUTRITION_USAGE_CONTROLLED_COOKING_FAT,pending
545-4,545,惠山油酥,208,猪油,熟猪油40g,熟,肉禽,40g,,,cooking_fat,NUTRITION_USAGE_CONTROLLED_COOKING_FAT,pending
545-6,545,惠山油酥,41,水,温水（约45℃左右）18g,温,其他,18g,3,将白芝麻放入料理盆中，倒入开水，浸泡5分钟后用漏筛捞出备用,cooking_liquid,NUTRITION_USAGE_CONTROLLED_COOKING_LIQUID,pending
547-16,547,香辣烤鱼,28,食用油,食用油40克,,调料,40克,5,取一炒锅，放入C中食用油烧热，依次放入京葱段、姜片、蒜片炒香，放入豆瓣酱、火锅底料炒出红油，再放入蚝油、老抽、生抽、鸡粉、胡椒粉、啤酒和高汤，大火熬煮3分钟,cooking_fat,NUTRITION_USAGE_CONTROLLED_COOKING_FAT,pending
547-25,547,香辣烤鱼,605,高汤,高汤300克,,其他,300克,5,取一炒锅，放入C中食用油烧热，依次放入京葱段、姜片、蒜片炒香，放入豆瓣酱、火锅底料炒出红油，再放入蚝油、老抽、生抽、鸡粉、胡椒粉、啤酒和高汤，大火熬煮3分钟,cooking_liquid,NUTRITION_USAGE_CONTROLLED_COOKING_LIQUID,pending
547-6,547,香辣烤鱼,498,菜籽油,菜籽油50克,,蔬菜,50克,3,腌制结束，把A中的中筋面粉拍在鱼身上，用刷子在鱼身上刷上菜籽油，放入蒸烤盘中,cooking_fat,NUTRITION_USAGE_CONTROLLED_COOKING_FAT,pending
549-13,549,香菇蒸鸡块,28,食用油,食用油15g,,调料,15g,,,cooking_fat,NUTRITION_USAGE_CONTROLLED_COOKING_FAT,pending
549-14,549,香菇蒸鸡块,41,水,水600g,,其他,600g,1,主锅中加入水，盖上锅盖并放上复式蒸锅，设置：20分钟/140℃/1档蒸制，烹饪结束，取下复式蒸锅，取出盘子撒上葱花即可食用,cooking_liquid,NUTRITION_USAGE_CONTROLLED_COOKING_LIQUID,pending
550-12,550,可乐大虾,41,水,水10g,,其他,10g,2;6,淀粉加水混匀制成水淀粉;加入水淀粉，盖上锅盖和量杯，设置：30秒/140℃/1档（反转）烧煮,cooking_liquid,NUTRITION_USAGE_CONTROLLED_COOKING_LIQUID,pending
550-5,550,可乐大虾,28,食用油,食用油15g,,调料,15g,3,主锅中加入食用油、小葱段、姜片和蒜片，盖上锅盖和量杯，设置：2分钟/140℃/1档（反转）煸香,cooking_fat,NUTRITION_USAGE_CONTROLLED_COOKING_FAT,pending
551-1,551,牛奶麻辣烫,28,食用油,主料：食用油20g,,调料,20g,1,主锅中加入食用油、姜片、蒜片、葱段、郫县豆瓣酱和花椒粒，盖上锅盖和量杯，设置：3分钟/140℃/1档（反转）煸炒,cooking_fat,NUTRITION_USAGE_CONTROLLED_COOKING_FAT,pending
551-8,551,牛奶麻辣烫,41,水,水250g,,其他,250g,2,加入牛奶、水、鱼丸、蟹肉棒、肉肠、料酒和盐，盖上锅盖和量杯，设置：10分钟/105℃停刀烧煮,cooking_liquid,NUTRITION_USAGE_CONTROLLED_COOKING_LIQUID,pending
552-6,552,蒜蓉蒸茄子,28,食用油,食用油少许,,调料,,7,烹饪结束，茄子取出撒上葱花，淋上香油，打开方太电磁灶开至6段大火，起锅注入少许食用油烧热，下蒜蓉爆香片刻，关火，加入生抽拌匀，淋到蒸好的茄子上即可享用,cooking_fat,NUTRITION_USAGE_CONTROLLED_COOKING_FAT,pending
554-10,554,闽南荔枝肉,28,食用油,食用油300g,,调料,300g,1;2,不粘锅中加入食用油250g，小火六成热放入裹好的里脊肉，炸成金黄色捞起，再放入锅中复炸盛出备用，再将土豆炸熟捞出备用;主锅中加入食用油50g、调料汁、炸好的里脊肉和土豆，盖上锅盖和量杯，设置：2分钟/140℃/2档（反转）煸炒,cooking_fat,NUTRITION_USAGE_CONTROLLED_COOKING_FAT,pending
554-4,554,闽南荔枝肉,41,水,水50g,,其他,50g,,,cooking_liquid,NUTRITION_USAGE_CONTROLLED_COOKING_LIQUID,pending
556-6,556,鸡汤香菇盒,1079,鸡汤,辅料：鸡汤100毫升,,肉禽,100毫升,8,燃气灶小火3档加入鸡汤、淀粉、酱油制成酱料，直至香菇盒蒸制完成 ，淋在食材上，烹饪完成即可享用,cooking_liquid,NUTRITION_USAGE_CONTROLLED_COOKING_LIQUID,pending
556-9,556,鸡汤香菇盒,356,油,油2毫升,,调料,2毫升,,,cooking_fat,NUTRITION_USAGE_CONTROLLED_COOKING_FAT,pending
557-8,557,豆豉蒸黄骨鱼,169,玉米油,玉米油40克,,蔬菜,40克,4;8,炒锅上火，倒入玉米油30g，加入姜末、蒜末、豆豉小火炒香，再加入生抽调味，盛出备用;将炒锅上火，倒入玉米油10g，烧至七成热时均匀的淋在鱼身上，充分释放葱香，再均匀倒入蒸鱼豉油，即可食用,cooking_fat,NUTRITION_USAGE_CONTROLLED_COOKING_FAT,pending
560-8,560,肉末榨菜蒸豆腐,28,食用油,食用油10克,,调料,10克,,,cooking_fat,NUTRITION_USAGE_CONTROLLED_COOKING_FAT,pending
561-10,561,小吊梨汤,41,水,水900克,,其他,900克,2,锅中加入梨肉、梨皮、泡好的银耳、30g黄冰糖和1000g水，盖上锅盖，设置：55分钟/炖煮,cooking_liquid,NUTRITION_USAGE_CONTROLLED_COOKING_LIQUID,pending
561-4,561,小吊梨汤,41,水,水1000克,,其他,1000克,,,cooking_liquid,NUTRITION_USAGE_CONTROLLED_COOKING_LIQUID,pending
562-1,562,藜蒿炒腊肉,28,食用油,主料：食用油10g,,调料,10g,1,主锅中加入食用油、腊肉和蒜片，盖上锅盖，不要放量杯，设置：3分钟/140°C/1档（反转）煸炒,cooking_fat,NUTRITION_USAGE_CONTROLLED_COOKING_FAT,pending
563-6,563,核桃果味发糕(宝宝辅食),356,油,油15克,,调料,15克,4,在模具的内侧和底部薄薄涂一层油,cooking_fat,NUTRITION_USAGE_CONTROLLED_COOKING_FAT,pending
564-4,564,手抓饼热狗,356,油,辅料：油15毫升,,调料,15毫升,4,烤盘上铺上锡纸刷上油，放入卷好的香肠，刷上蛋液,cooking_fat,NUTRITION_USAGE_CONTROLLED_COOKING_FAT,pending
565-1,565,红烧栗子鸡,28,食用油,主料：食用油15g,,调料,15g,1,主锅中加入食用油、姜末和蒜末，盖上锅盖和量杯，设置：1分钟/140℃/1档（反转）炒香,cooking_fat,NUTRITION_USAGE_CONTROLLED_COOKING_FAT,pending
565-8,565,红烧栗子鸡,41,水,水300g,,其他,300g,3,结束后加入300g水，盖上锅盖和量杯，设置：15分钟/100℃/1档（反转）炖煮,cooking_liquid,NUTRITION_USAGE_CONTROLLED_COOKING_LIQUID,pending
567-13,567,烤鱿鱼须,28,食用油,食用油5毫升,,调料,5毫升,,,cooking_fat,NUTRITION_USAGE_CONTROLLED_COOKING_FAT,pending
569-6,569,豌豆荚馒头,356,油,油10毫升,,调料,10毫升,2,将150克面粉，20克菠菜粉，80毫升水，10克糖，2克酵母、10毫升油搅拌均匀揉成光滑的面团 ，150克面粉，80毫升水，10克糖，2克酵母搅拌均匀揉成光滑的面团 ，都发酵至两倍大，之后将菠菜面团揉搓排气，擀成面片，用模具，压出圆形,cooking_fat,NUTRITION_USAGE_CONTROLLED_COOKING_FAT,pending
569-7,569,豌豆荚馒头,41,水,水160毫升,,其他,160毫升,2;5,将150克面粉，20克菠菜粉，80毫升水，10克糖，2克酵母、10毫升油搅拌均匀揉成光滑的面团 ，150克面粉，80毫升水，10克糖，2克酵母搅拌均匀揉成光滑的面团 ，都发酵至两倍大，之后将菠菜面团揉搓排气，擀成面片，用模具，压出圆形;然后白色小圆，撒上水，放在菠菜面皮上,cooking_liquid,NUTRITION_USAGE_CONTROLLED_COOKING_LIQUID,pending
572-4,572,南瓜红枣甜汤,41,水,水700g,,其他,700g,1,主锅中加入南瓜、红枣、红糖和水，盖上锅盖和量杯，设置：20分钟/105℃停刀烧煮,cooking_liquid,NUTRITION_USAGE_CONTROLLED_COOKING_LIQUID,pending
573-7,573,玉米面甜甜圈,28,食用油,食用油1茶匙,,调料,1茶匙,1,将玉米面、中筋面粉和糯米粉混合，加入白糖和干酵母，加入牛奶，用筷子搅拌，再加入食用油，揉成光滑的面团,cooking_fat,NUTRITION_USAGE_CONTROLLED_COOKING_FAT,pending
574-5,574,无水蜂蜜蛋糕,155,色拉油,辅料：色拉油30克,,调料,30克,,,cooking_fat,NUTRITION_USAGE_CONTROLLED_COOKING_FAT,pending
575-4,575,姜母茶,41,水,水300g,,其他,300g,1;4,主锅中加入老姜、去核红枣、枸杞和水，盖上锅盖和量杯，设置：10秒/10档研磨;烹饪结束，放入消毒后的密封容器中，冷藏保存，食用时取1-2勺泡水即可,cooking_liquid,NUTRITION_USAGE_CONTROLLED_COOKING_LIQUID,pending
577-5,577,山药黑芝麻糊,41,水,水500g,,其他,500g,2,主锅中加入山药、黑芝麻、大米、红糖和水，盖上锅盖，不要放量杯，设置：25分钟/98℃/2档（反转）熬煮,cooking_liquid,NUTRITION_USAGE_CONTROLLED_COOKING_LIQUID,pending
578-1,578,红焖猪蹄,28,食用油,A料：食用油15克,,调料,15克,,,cooking_fat,NUTRITION_USAGE_CONTROLLED_COOKING_FAT,pending
578-12,578,红焖猪蹄,41,水,水1500克,,其他,1500克,1,锅中加入焯好的猪蹄、40g姜片、50g大葱片、15g郫县豆瓣酱、25g老干妈（风味豆豉）、5个干辣椒、1大勺花椒、15g生抽、20g红烧汁、5g老抽和1000g水，盖上锅盖，设置：70分钟/红烧,cooking_liquid,NUTRITION_USAGE_CONTROLLED_COOKING_LIQUID,pending
579-3,579,豆豉蒸青椒,208,猪油,猪油10克,,肉禽,10克,3,取小碗，倒入豆豉和猪油，放入生抽、盐、鸡粉，拌匀,cooking_fat,NUTRITION_USAGE_CONTROLLED_COOKING_FAT,pending
581-5,581,葱烧蘑菇,41,水,水610g,,其他,610g,3;4;5;6;9,淀粉加10g水混匀制成水淀粉备用;主锅中加入600g水，盖上锅盖和量杯，设置：5分钟/140℃/1档烧煮;加入香菇和杏鲍菇，盖上锅盖和量杯，设置：1分钟/140℃/1档（反转）焯水;结束后，取出沥水备用并洗净主锅;加入水淀粉和葱叶，盖上锅盖和量杯，设置：1分钟/140℃/1档（反转）煸炒,cooking_liquid,NUTRITION_USAGE_CONTROLLED_COOKING_LIQUID,pending
581-6,581,葱烧蘑菇,28,食用油,食用油20g,,调料,20g,7,主锅中加入食用油、葱白和冰糖，盖上锅盖和量杯，设置：3分钟/140℃/1档（反转）爆香,cooking_fat,NUTRITION_USAGE_CONTROLLED_COOKING_FAT,pending
582-13,582,酱烧牛小排,41,水,水1900g,,其他,1900g,1;2;4,主锅中加入牛小排块、30g姜片、30g大葱白段、30g料酒和1000g水，盖上锅盖，设置：10分钟/焯水;结束后取出牛小排用温水洗净沥干水分，洗净擦干主锅备用;加入焯水后的牛小排、生抽、老抽、冰糖、八角、香叶、小茴香、腐乳、西红柿块、30g料酒和900g水，盖上锅盖，设置：150分钟/中火/酱香卤,cooking_liquid,NUTRITION_USAGE_CONTROLLED_COOKING_LIQUID,pending
582-5,582,酱烧牛小排,28,食用油,食用油35g,,调料,35g,3,主锅中加入35g食用油、30g姜片、30g大葱段、黄豆酱、豆瓣酱、花椒和干辣椒段，盖上锅盖，设置：2分钟/大火/热炒,cooking_fat,NUTRITION_USAGE_CONTROLLED_COOKING_FAT,pending
583-9,583,粉蒸鸭块,28,食用油,食用油10毫升,,调料,10毫升,3,淋入食用油，搅拌均匀，腌渍10分钟,cooking_fat,NUTRITION_USAGE_CONTROLLED_COOKING_FAT,pending
585-13,585,豉汁蒸牛柳,28,食用油,食用油10毫升,,调料,10毫升,4,往腌渍好的牛柳中倒入生粉，拌至均匀，倒入食用油，拌匀，装盘,cooking_fat,NUTRITION_USAGE_CONTROLLED_COOKING_FAT,pending
586-1,586,冬瓜虾皮汤,28,食用油,主料：食用油15克,,调料,15克,,,cooking_fat,NUTRITION_USAGE_CONTROLLED_COOKING_FAT,pending
586-5,586,冬瓜虾皮汤,41,水,水600克,,其他,600克,1,加入冬瓜、盐和水，盖上锅盖和量杯，设置：7分钟/140℃/1档（反转）烧煮,cooking_liquid,NUTRITION_USAGE_CONTROLLED_COOKING_LIQUID,pending
588-4,588,蜜糖蛋糕,155,色拉油,色拉油25毫升,,调料,25毫升,1,将色拉油、牛奶倒入大玻璃碗中,cooking_fat,NUTRITION_USAGE_CONTROLLED_COOKING_FAT,pending
589-3,589,小葱金针豆腐,28,食用油,B料：食用油1汤匙,,调料,1汤匙,3;8,将炒锅加热，加入原料B中的食用油，倒入切好的五花肉末煸炒，先加入蒜末炒出香味，然后加入盐、生抽翻炒均匀即可;将炒锅烧热，倒入原料C中的食用油，烧至七成热（略微冒烟）时均匀淋在葱花上，即可趁热食用,cooking_fat,NUTRITION_USAGE_CONTROLLED_COOKING_FAT,pending
589-8,589,小葱金针豆腐,28,食用油,C料：食用油1汤匙,,调料,1汤匙,,,cooking_fat,NUTRITION_USAGE_CONTROLLED_COOKING_FAT,pending
590-6,590,南瓜海鲜盅,605,高汤,高汤300毫升,,其他,300毫升,4,熟南瓜与松仁入料理机打成汁，后倒入高汤中一起煮开,cooking_liquid,NUTRITION_USAGE_CONTROLLED_COOKING_LIQUID,pending
591-8,591,麻辣翅尖,28,食用油,食用油10毫升,,调料,10毫升,4;6,在垫有锡纸的烤盘上刷上适量食用油，将鸡翅尖放到烤盘上，放入烤箱中;打开箱门，翻面，刷上少许食用油，撒上白芝麻,cooking_fat,NUTRITION_USAGE_CONTROLLED_COOKING_FAT,pending
594-1,594,口蘑滑鸡,28,食用油,主料：食用油20g,,调料,20g,1,主锅中加入食用油、姜末和葱段，盖上锅盖和量杯，设置：3分钟/140℃/1档（反转）煸炒,cooking_fat,NUTRITION_USAGE_CONTROLLED_COOKING_FAT,pending
598-8,598,陈皮肉饼蒸膏蟹,28,食用油,食用油30毫升,,调料,30毫升,,,cooking_fat,NUTRITION_USAGE_CONTROLLED_COOKING_FAT,pending
599-2,599,绿豆冰棍,41,水,水650g,,其他,650g,1;2,主锅中加入绿豆和500g水，盖上锅盖和量杯，设置：25分钟/100℃/2档熬煮;加入150g水、白糖和玉米淀粉（从主锅侧壁加入），盖上锅盖和量杯，设置：5分钟/100℃/3档（反转）熬煮,cooking_liquid,NUTRITION_USAGE_CONTROLLED_COOKING_LIQUID,pending
600-5,600,莴笋菜饭,356,油,辅料：油20毫升,,调料,20毫升,5,热锅起油，放入切碎的莴笋叶，加盐，加咸肉丁适当翻炒下出锅,cooking_fat,NUTRITION_USAGE_CONTROLLED_COOKING_FAT,pending
601-1,601,清炒小河虾,28,食用油,主料：食用油20g,,调料,20g,1,主锅中加入食用油和蒜蓉，盖上锅盖，不要放量杯，设置：2分钟/140℃/1档（反转）煸炒,cooking_fat,NUTRITION_USAGE_CONTROLLED_COOKING_FAT,pending
603-9,603,蒸肠粉,41,水,水125克,,其他,125克,2;4;6,肠粉用水混合备用;放入设备中间层，取出水箱加满水，选择“开始烹饪”按键，按屏幕提示操作;取出蒸好的肠粉，将其切成数段，放上焯过水的小油菜，放入切好的肠粉，淋上酱汁即可,cooking_liquid,NUTRITION_USAGE_CONTROLLED_COOKING_LIQUID,pending
604-9,604,洋葱炒牛肉,28,食用油,食用油35g,,调料,35g,1;2;6,牛肉切片，加入五香粉、孜然粉、老抽、淀粉、料酒、白糖、1小勺盐和5g食用油，拌匀腌制10分钟;主锅中加入20g食用油和蒜片，盖上锅盖和量杯;主锅中加入10g食用油、洋葱块和1小勺盐，盖上锅盖和量杯，设置：2分钟/140℃/1档（反转）煸炒,cooking_fat,NUTRITION_USAGE_CONTROLLED_COOKING_FAT,pending
609-4,609,韭黄牛肉丝,28,食用油,食用油30g,,调料,30g,1;4,主锅中加入20g食用油、大蒜片和新鲜红辣椒段，盖上锅盖和量杯，设置：3 分钟/130℃/1档爆香;主锅中加入10g食用油和韭黄段，盖上锅盖和量杯，设置：3分/140℃/1档（反转）煸炒,cooking_fat,NUTRITION_USAGE_CONTROLLED_COOKING_FAT,pending
610-10,610,芝士泡菜面包,155,色拉油,色拉油1汤匙,,调料,1汤匙,1,将泡菜切末，火腿肠切细丁，锅中加色拉油烧热后加入火腿肠略煸炒出香味，加入泡菜和细砂糖，稍稍煸炒后出锅放凉备用,cooking_fat,NUTRITION_USAGE_CONTROLLED_COOKING_FAT,pending
610-6,610,芝士泡菜面包,41,水,水125g,,其他,125g,,,cooking_liquid,NUTRITION_USAGE_CONTROLLED_COOKING_LIQUID,pending
611-2,611,葱香饼干,41,水,水50g,,其他,50g,2;3,将发酵好的水油皮用手按压排气，再搓圆松弛10分钟;将松弛好的水油皮面团按扁，将油酥面团完全包在水油皮面团里面,cooking_liquid,NUTRITION_USAGE_CONTROLLED_COOKING_LIQUID,pending
611-5,611,葱香饼干,28,食用油,食用油45g,,调料,45g,1,取一小碗放在锅盖上，碗中加入玉米淀粉、2小勺盐、葱花和30g食用油，用筷子搅拌均匀后搓圆即为油酥面团,cooking_fat,NUTRITION_USAGE_CONTROLLED_COOKING_FAT,pending
613-21,613,盐葱烤猪排,155,色拉油,色拉油50克,,调料,50克,6,取一碗，把葱花20g、洋葱末10g、蒜末10g、姜末5g、盐1.5g、鸡粉2g、糖1g、黑胡椒粉0.2g、柠檬汁3g、蚝油3g、芝麻油5g，混合后用50g色拉油烧热后爆香，搅拌均匀，做好盐葱酱备用,cooking_fat,NUTRITION_USAGE_CONTROLLED_COOKING_FAT,pending
615-2,615,奶酪果干软欧包,41,水,水175克,,其他,175克,1;9,搅面：在搅拌盆中依次称入水、干酵母、面粉、红糖、盐，低速搅拌8-10分钟，加入软化的黄油低速搅拌约3-4分钟，此时面团光滑，具有一定延展性，加入蔓越莓干、黄桃干、蓝莓干高速搅拌使其混合即可;开启电源，取出水箱加满水，选择“开始烹饪”按键，按屏幕提示操作,cooking_liquid,NUTRITION_USAGE_CONTROLLED_COOKING_LIQUID,pending
616-1,616,素什锦,28,食用油,主料：食用油20g,,调料,20g,,,cooking_fat,NUTRITION_USAGE_CONTROLLED_COOKING_FAT,pending
620-13,620,豉汁蒸鲍鱼,28,食用油,食用油30毫升,,调料,30毫升,,,cooking_fat,NUTRITION_USAGE_CONTROLLED_COOKING_FAT,pending
621-9,621,无米“炒饭”,20,橄榄油,橄榄油20克,,调料,20克,1,料理盆中加入花菜末、胡萝卜末、玉米粒、青豆粒、胡椒碎、1g盐、橄榄油、生抽，充分搅拌均匀后放入盘中,cooking_fat,NUTRITION_USAGE_CONTROLLED_COOKING_FAT,pending
623-1,623,蛤蜊蘑菇鸡,28,食用油,主料：食用油20g,,调料,20g,1,主锅中加入食用油、蒜粒、姜粒和洋葱片，盖上锅盖，不要放量杯，设置：3分钟/140℃/1档（反转）煸炒,cooking_fat,NUTRITION_USAGE_CONTROLLED_COOKING_FAT,pending
624-4,624,滋补鸡汤,41,水,水1800克,,其他,1800克,1;2,主锅中加入鸡块、15g姜片、15g料酒和600g水，盖上锅盖，设置：7分钟/焯水，结束后将主锅内食物倒出并清洗鸡块和主锅;加入焯水后的鸡块、山药块、玉米块、20g姜片和1200g水，盖上锅盖，设置：45分钟/中火/烧煮,cooking_liquid,NUTRITION_USAGE_CONTROLLED_COOKING_LIQUID,pending
625-3,625,蒸芋艿,41,水,水650g,,其他,650g,1;3,主锅中加入600g水，盖上锅盖并放上复式蒸锅，设置：25分钟/140℃/1档蒸制;主锅洗净后，加入食用油、葱花、生抽、蚝油、蒸鱼豉油和50g水，盖上锅盖，不要放量杯，设置：5分钟/120℃/1档熬煮,cooking_liquid,NUTRITION_USAGE_CONTROLLED_COOKING_LIQUID,pending
625-4,625,蒸芋艿,28,食用油,食用油25g,,调料,25g,3,主锅洗净后，加入食用油、葱花、生抽、蚝油、蒸鱼豉油和50g水，盖上锅盖，不要放量杯，设置：5分钟/120℃/1档熬煮,cooking_fat,NUTRITION_USAGE_CONTROLLED_COOKING_FAT,pending
626-1,626,盐水河虾,41,水,A料：水800克,,其他,800克,1;2,主锅中加入水、盐、小葱和姜片，盖上锅盖，设置：5分钟/焯水;加入河虾和料酒，盖上锅盖，设置：2分钟/焯水,cooking_liquid,NUTRITION_USAGE_CONTROLLED_COOKING_LIQUID,pending
627-10,627,奶黄包,41,水,水138克,,其他,138克,4;5,将混合液放在有孔蒸盘（蒸烤架）上，取出水箱加满水，选择“普通蒸100℃、30分钟”;将B中面粉中依次加入B中白糖、盐，搅拌均匀后加入酵母并混匀，再加入水，边加边搅拌,cooking_liquid,NUTRITION_USAGE_CONTROLLED_COOKING_LIQUID,pending
631-13,631,抹茶红豆白玉卷,41,水,水20ml,,其他,20ml,1;7,红豆沙55g加水20ml拌匀，放入方太蒸箱，温度为100℃，蒸3分钟;混合水60ml和色拉油25ml，筛入低粉60g和抹茶粉10g搅拌拌匀，加入4个蛋黄，搅拌成顺滑的抹茶蛋黄糊,cooking_liquid,NUTRITION_USAGE_CONTROLLED_COOKING_LIQUID,pending
631-7,631,抹茶红豆白玉卷,41,水,水60ml,,其他,60ml,,,cooking_liquid,NUTRITION_USAGE_CONTROLLED_COOKING_LIQUID,pending
631-8,631,抹茶红豆白玉卷,1183,植物油,植物油25g,,调料,25g,,,cooking_fat,NUTRITION_USAGE_CONTROLLED_COOKING_FAT,pending
632-4,632,蜜汁烤紫薯,28,食用油,食用油5毫升,,调料,5毫升,1;4,在烤盘中铺上锡纸，在烧烤架上刷适量食用油;翻面，刷上适量食用油、蜂蜜,cooking_fat,NUTRITION_USAGE_CONTROLLED_COOKING_FAT,pending
634-4,634,姜辣凤爪,41,水,水850g,,其他,850g,1;4,主锅中加入鸡爪、5g姜片、料酒和700g水，盖上锅盖，不要放量杯，设置：8分钟/140℃/1档（反转）焯水烧煮;加入凤爪、郫县豆瓣酱、生抽、蚝油和150g水，盖上锅盖和量杯，设置：15分钟/120℃/1档（反转）,cooking_liquid,NUTRITION_USAGE_CONTROLLED_COOKING_LIQUID,pending
634-5,634,姜辣凤爪,28,食用油,食用油15g,,调料,15g,3,主锅中加入食用油、八角、桂皮、小米椒、干辣椒和30g姜片，盖上锅盖和量杯，设置：2分钟/140℃/1档（反转）爆香,cooking_fat,NUTRITION_USAGE_CONTROLLED_COOKING_FAT,pending
636-3,636,南汇扣甜肉,28,食用油,食用油10克,,调料,10克,15,往锅中加入食用油，下小上海青煮，煮好捞出，围绕着肉摆放于盘子边缘,cooking_fat,NUTRITION_USAGE_CONTROLLED_COOKING_FAT,pending
637-7,637,清蒸小黄鱼,28,食用油,食用油30克,,调料,30克,8,将炒锅烧热，倒入C中的食用油，烧至七成热（略微冒烟）时均匀淋在鱼身上，趁热食用,cooking_fat,NUTRITION_USAGE_CONTROLLED_COOKING_FAT,pending
638-1,638,素卤,28,食用油,主料：食用油20g,,调料,20g,1,主锅中加入食用油、姜片、大蒜瓣、八角、桂皮、草果和干辣椒，盖上锅盖和量杯，设置：3分钟/140℃/1档（反转）煸炒,cooking_fat,NUTRITION_USAGE_CONTROLLED_COOKING_FAT,pending
638-11,638,素卤,41,水,水1000g,,其他,1000g,2,加入生抽、老抽、白糖、盐和水，盖上锅盖和量杯，设置：7分钟/140℃/3档（反转）加热,cooking_liquid,NUTRITION_USAGE_CONTROLLED_COOKING_LIQUID,pending
640-2,640,碳烤广式腊肠,28,食用油,辅料：食用油10毫升,,调料,10毫升,1,备好烤箱，取出烤盘，放上锡纸，刷上适量食用油,cooking_fat,NUTRITION_USAGE_CONTROLLED_COOKING_FAT,pending
643-6,643,烤豆腐,28,食用油,食用油10毫升,,调料,10毫升,,,cooking_fat,NUTRITION_USAGE_CONTROLLED_COOKING_FAT,pending
644-3,644,糖霜花生,41,水,水50g,,其他,50g,2,主锅中加入白糖和水，盖上锅盖，不要放量杯，设置：6分钟/140℃/2档熬煮,cooking_liquid,NUTRITION_USAGE_CONTROLLED_COOKING_LIQUID,pending
648-3,648,桂花糖烤栗子,41,水,水300克,,其他,300克,2;3,主锅中加入栗子、干桂花、水和白砂糖，盖上锅盖和量杯，设置：16分钟/140℃/1档（反转）烧煮;烹饪结束，取出栗子并保留一些煮栗子的糖水,cooking_liquid,NUTRITION_USAGE_CONTROLLED_COOKING_LIQUID,pending
648-5,648,桂花糖烤栗子,28,食用油,食用油适量,,调料,,,,cooking_fat,NUTRITION_USAGE_CONTROLLED_COOKING_FAT,pending
652-3,652,杏仁酪,41,水,水150g,,其他,150g,2,加入水，盖上锅盖和量杯，设置：12分钟/98℃/2档慢煮,cooking_liquid,NUTRITION_USAGE_CONTROLLED_COOKING_LIQUID,pending
655-4,655,桂花荔枝扣饭,41,水,清水200克,,其他,200克,2,放入大碗中，加入清水,cooking_liquid,NUTRITION_USAGE_CONTROLLED_COOKING_LIQUID,pending
656-9,656,鸳鸯蒸饺,1183,植物油,植物油适量,,调料,,4,再加入适量的植物油搅拌成饺馅,cooking_fat,NUTRITION_USAGE_CONTROLLED_COOKING_FAT,pending
658-5,658,南京鸭血粉丝,41,水,水800g,,其他,800g,1;3,主锅中加入鸭胗、鸭肠和300g水，盖上锅盖和量杯，设置：10分钟/140℃/1档（反转）焯水，结束后将主锅内食物倒出并清洗主锅;烹饪结束，加入浓汤宝和500g水，盖上锅盖和量杯，设置：6分钟/100℃/1档（反转）烧煮,cooking_liquid,NUTRITION_USAGE_CONTROLLED_COOKING_LIQUID,pending
658-6,658,南京鸭血粉丝,28,食用油,食用油10g,,调料,10g,2,主锅中加入食用油、葱和姜片，盖上锅盖和量杯，设置：4分钟/140℃/1档（反转）煸炒,cooking_fat,NUTRITION_USAGE_CONTROLLED_COOKING_FAT,pending
659-7,659,开心果香草嫩烤小羊排,20,橄榄油,橄榄油30克,,调料,30克,1;3,羊排解冻清洗后用厨房纸巾吸干血水，两面各撒上盐1/4茶匙，表面刷上少许橄榄油，连同蒜2瓣（切片）、迷迭香一起装入专用食品密封袋并抽真空;烹饪结束后取出羊排，在平底锅中放入橄榄油、蒜片，油温上升至180℃时放入羊排及土豆，中火（1600w）煎至两面微焦（约2min），土豆先盛出装盘，锅内倒入红酒，白糖，稍收汁后放入新鲜迷迭香叶，装盘淋汁即可,cooking_fat,NUTRITION_USAGE_CONTROLLED_COOKING_FAT,pending
660-2,660,韩式炒年糕,41,水,水1200g,,其他,1200g,1;2;5,主锅中加入条状年糕和水，盖上锅盖，不要放量杯，设置：15分钟/100℃/2档（反转）熬煮;结束后，取出年糕倒入滤网篮内，用流水冲洗几遍后，沥干水分，置于一旁备用，洗净擦干主锅;加入焯水后的年糕，盖上锅盖和量杯，设置：2分钟/100℃/1档炒拌,cooking_liquid,NUTRITION_USAGE_CONTROLLED_COOKING_LIQUID,pending
660-3,660,韩式炒年糕,28,食用油,食用油25g,,调料,25g,3,主锅中加入食用油、小块洋葱和大葱片，盖上锅盖和量杯，设置：3分钟/120℃/2档煸炒,cooking_fat,NUTRITION_USAGE_CONTROLLED_COOKING_FAT,pending
661-1,661,糖醋藕丁,28,食用油,主料：食用油20克,,调料,20克,,,cooking_fat,NUTRITION_USAGE_CONTROLLED_COOKING_FAT,pending
661-8,661,糖醋藕丁,41,水,水50克,,其他,50克,1,加入老抽、白醋、白糖、盐、淀粉和水，盖上锅盖，不要放量杯，设置：5分钟/140℃/1档（反转）煸炒,cooking_liquid,NUTRITION_USAGE_CONTROLLED_COOKING_LIQUID,pending
663-1,663,兰花豆腐干,28,食用油,主料：食用油20g,,调料,20g,1,主锅中加入食用油、姜片、八角、桂皮和干辣椒，盖上锅盖和量杯，设置：3分钟/140℃/1档（反转）煸炒,cooking_fat,NUTRITION_USAGE_CONTROLLED_COOKING_FAT,pending
663-9,663,兰花豆腐干,41,水,水800g,,其他,800g,2,加入生抽、老抽、冰糖和水，盖上锅盖和量杯，设置：8分钟/140℃/1档（反转）烧煮,cooking_liquid,NUTRITION_USAGE_CONTROLLED_COOKING_LIQUID,pending
665-8,665,肉松面包卷,41,水,水70g,,其他,70g,9,烘烤完成后取出，用喷壶在面包表面喷撒凉开水，再用保鲜膜包住整个面包，室温放凉后，切除面包不规则的四边，在面包背面刷上适量沙拉酱，从长边卷起来，用保鲜膜包住静置约15分钟，使面包卷定型,cooking_liquid,NUTRITION_USAGE_CONTROLLED_COOKING_LIQUID,pending
666-12,666,荷叶粉蒸羊肉,41,水,水800g,,其他,800g,3,主锅中加入800g水，盖上锅盖，放上复式蒸锅，设置：50分钟/140℃/1档蒸制,cooking_liquid,NUTRITION_USAGE_CONTROLLED_COOKING_LIQUID,pending
667-9,667,烤香辣鸡中翅,28,食用油,食用油10毫升,,调料,10毫升,2;3;6,倒入食用油，拌匀，腌渍30分钟，至其入味;在垫有锡纸的烤盘上刷上食用油;开箱门，将鸡中翅翻面，刷上食用油、烧烤汁，撒上芝麻,cooking_fat,NUTRITION_USAGE_CONTROLLED_COOKING_FAT,pending
668-11,668,蒜蓉蘸汁素鸡,41,水,清水45克,,其他,45克,7,开启电源，取出水箱加满水，选择“开始烹饪”按键，按屏幕提示操作,cooking_liquid,NUTRITION_USAGE_CONTROLLED_COOKING_LIQUID,pending
668-2,668,蒜蓉蘸汁素鸡,28,食用油,B料：食用油30克,,调料,30克,4,将炒锅加热，加入原料B中食用油，放入切好的蒜末和小米椒碎，小火煸香后倒入步骤3中准备好的调味汁，煮开后盛出备用,cooking_fat,NUTRITION_USAGE_CONTROLLED_COOKING_FAT,pending
669-9,669,清蒸鲈鱼（台式）,28,食用油,食用油2汤匙,,调料,2汤匙,6,炒锅烧热，倒入C中的食用油，烧至七成热（略微冒烟）时均匀淋在鱼身上，,cooking_fat,NUTRITION_USAGE_CONTROLLED_COOKING_FAT,pending
670-8,670,冰皮月饼（米博）,41,水,水600克,,其他,600克,1,主锅中加入600g水，盖上锅盖并放上复式蒸锅，设置：45分钟/140℃/2档（反转）蒸制,cooking_liquid,NUTRITION_USAGE_CONTROLLED_COOKING_LIQUID,pending
672-7,672,泰式马蹄虾饼,28,食用油,食用油100g,,调料,100g,4,不粘锅中倒入食用油放入虾饼，小火煎2分钟至金黄反面再煎2分钟,cooking_fat,NUTRITION_USAGE_CONTROLLED_COOKING_FAT,pending
673-7,673,锡纸包鲈鱼,28,食用油,食用油10毫升,,调料,10毫升,3;5,取烤盘，铺上锡纸，刷上一层食用油;再在鲈鱼身下放上姜片，鱼身刷上一层食用油,cooking_fat,NUTRITION_USAGE_CONTROLLED_COOKING_FAT,pending
676-5,676,黑椒猪肚汤,41,水,水1300g,,其他,1300g,2;3,主锅中加入600g水和猪肚，盖上锅盖和量杯，设置：10分钟/140℃/1档（反转）焯水，结束后取出猪肚清洗干净，切条备用;主锅中插入搅拌棒并卡在刀组上，加入腌好的鸡肉块、焯好的猪肚条、黑胡椒粉、姜丝和700g水，盖上锅盖和量杯，设置：60分钟/100℃/1档（反转）炖煮,cooking_liquid,NUTRITION_USAGE_CONTROLLED_COOKING_LIQUID,pending
677-3,677,蒜蓉蒸生蚝,28,食用油,B料：食用油30克,,调料,30克,3,油蒜末：将炒锅加热，放入原料B中的食用油，加入一半的蒜末，小火煸香，待蒜末呈淡黄色时用小碗盛出备用,cooking_fat,NUTRITION_USAGE_CONTROLLED_COOKING_FAT,pending
678-4,678,香菇卤肉包子,41,水,辅料：水250克,,其他,250克,2;3;5;8,将酵母+温水化开;面粉，白糖，用手拌匀和好面，干了一点点的加水，不可一次加太多;猪肉馅+香菇丁+葱花+胡萝卜丝+盐+生抽+耗油，往一个方向拌匀，可稍加一些水，这样做出来的肉馅鲜嫩有汤汁;放入方太智能烹饪设备，开启电源，取出水箱加满水，选择“开始烹饪”按键，按屏幕提示操作,cooking_liquid,NUTRITION_USAGE_CONTROLLED_COOKING_LIQUID,pending
679-5,679,葱油烹大虾,28,食用油,食用油20g,,调料,20g,2,主锅中插入搅拌棒并卡在刀组上，加入腌好的鲜虾和食用油，盖上锅盖和量杯，设置：7分钟/140℃/1档（反转）煸炒,cooking_fat,NUTRITION_USAGE_CONTROLLED_COOKING_FAT,pending
680-4,680,黄金凤尾虾（台式）,20,橄榄油,橄榄油10克,,调料,10克,,,cooking_fat,NUTRITION_USAGE_CONTROLLED_COOKING_FAT,pending
681-1,681,酱爆牛肉卷,28,食用油,主料：食用油20g,,调料,20g,1,主锅中加入食用油、蒜瓣、姜片、豆瓣酱、葱白段和干辣椒段，盖上锅盖和量杯，设置：3 分钟/120°C/2档（反转）爆香,cooking_fat,NUTRITION_USAGE_CONTROLLED_COOKING_FAT,pending
681-13,681,酱爆牛肉卷,41,水,水20g,,其他,20g,2,加入鲜肥牛卷、料酒、白砂糖、生抽、老抽、黑胡椒粉和水，盖上锅盖，不要放量杯，设置：6分钟/140°C /1档（反转）煸炒,cooking_liquid,NUTRITION_USAGE_CONTROLLED_COOKING_LIQUID,pending
682-1,682,虾皮紫菜汤,41,水,主料：水600g,,其他,600g,2,主锅中加入水，盖上锅盖和量杯，设置：5分钟/140℃/2档烧煮,cooking_liquid,NUTRITION_USAGE_CONTROLLED_COOKING_LIQUID,pending
683-7,683,椰汁鸡汤,41,水,水600g,,其他,600g,2,主锅中插入搅拌棒并卡在刀组上，加入腌好的鸡肉、椰汁、椰肉、盐和水，盖上锅盖和量杯，设置：50分钟/98℃/1档（反转）炖煮,cooking_liquid,NUTRITION_USAGE_CONTROLLED_COOKING_LIQUID,pending
684-2,684,骨肉相连（多层）,28,食用油,食用油4汤匙,,调料,4汤匙,,,cooking_fat,NUTRITION_USAGE_CONTROLLED_COOKING_FAT,pending
685-4,685,红枣蒸山药泥,41,水,水600g,,其他,600g,3,主锅中加入水，盖上锅盖，放上复式蒸锅，设置：25分钟/140℃/1档蒸制,cooking_liquid,NUTRITION_USAGE_CONTROLLED_COOKING_LIQUID,pending
689-12,689,韭菜鸡蛋豆腐粉条包子,28,食用油,食用油10毫升,,调料,10毫升,6,取一个碗，倒入炒好的料，加入韭菜，放入盐、鸡粉、花椒粉、食用油，拌匀,cooking_fat,NUTRITION_USAGE_CONTROLLED_COOKING_FAT,pending
691-1,691,黄焖小龙虾,28,食用油,主料：食用油30g,,调料,30g,1,主锅中加入食用油和白砂糖，盖上锅盖，不要放量杯，设置：3分钟/140℃/2档熬煮,cooking_fat,NUTRITION_USAGE_CONTROLLED_COOKING_FAT,pending
692-2,692,凉拌米豆腐,41,水,清水400毫升,,其他,400毫升,3;6;8,将大米倒入破壁机中，加入400毫升的清水打成米浆;请取出水箱加满水，选择“开始烹饪”，按屏幕提示操作;再调一碗酱汁， 5大勺水、2大勺醋、1大勺生抽、1小勺花椒油、1小勺盐，搅拌均匀浇在米豆腐上,cooking_liquid,NUTRITION_USAGE_CONTROLLED_COOKING_LIQUID,pending
693-6,693,娃娃菜卷金针菇,28,食用油,食用油15毫升,,调料,15毫升,3,方太灶具调至9段火，锅中加入清水，倒入5毫升食用油,cooking_fat,NUTRITION_USAGE_CONTROLLED_COOKING_FAT,pending
695-7,695,抹茶马卡龙,41,水,水30毫升,,其他,30毫升,4,将锅置于电磁炉上，倒入细砂糖、水,cooking_liquid,NUTRITION_USAGE_CONTROLLED_COOKING_LIQUID,pending
697-5,697,南瓜蒸饺,356,油,辅料：油20毫升,,调料,20毫升,4,肉糜、虾碎、南瓜丝加油、盐、五香粉搅拌均匀,cooking_fat,NUTRITION_USAGE_CONTROLLED_COOKING_FAT,pending
697-8,697,南瓜蒸饺,41,水,开水100毫升,煮沸,其他,100毫升,5;10,面粉里加入温水搅拌均匀，揉光滑;放入方太智能烹饪设备，开启电源，取出水箱加满水，选择“开始烹饪”按键，按屏幕提示操作,cooking_liquid,NUTRITION_USAGE_CONTROLLED_COOKING_LIQUID,pending
698-1,698,奶茶,41,水,主料：水1000g,,其他,1000g,,,cooking_liquid,NUTRITION_USAGE_CONTROLLED_COOKING_LIQUID,pending
701-6,701,红豆面包,41,水,水95克,,其他,95克,1,主锅中加入高筋面粉、耐高糖酵母、盐、50g全蛋液、细砂糖和水，盖上锅盖和量杯，设置：6分钟/揉面,cooking_liquid,NUTRITION_USAGE_CONTROLLED_COOKING_LIQUID,pending
707-3,707,开花红糖发糕,41,水,辅料：水200克,,其他,200克,2;4;6,用开水将红糖化开，放凉备用;放凉的红糖水倒入装粉的容器中混合，用蛋抽不断搅拌均匀;放入方太智能烹饪设备第2层，开启电源，取出水箱加满水，选择“开始烹饪”按键，按屏幕提示操作,cooking_liquid,NUTRITION_USAGE_CONTROLLED_COOKING_LIQUID,pending
709-8,709,豆皮香菜卷,155,色拉油,色拉油30克,,调料,30克,,,cooking_fat,NUTRITION_USAGE_CONTROLLED_COOKING_FAT,pending
709-9,709,豆皮香菜卷,41,水,水15克,,其他,15克,,,cooking_liquid,NUTRITION_USAGE_CONTROLLED_COOKING_LIQUID,pending
711-2,711,糖烤栗子,155,色拉油,B料：色拉油1茶匙,,调料,1茶匙,3,将栗子放入一碗中，倒入色拉油拌匀，使其表面沾满油,cooking_fat,NUTRITION_USAGE_CONTROLLED_COOKING_FAT,pending
711-4,711,糖烤栗子,41,水,开水10克,煮沸,其他,10克,4,将细砂糖和开水混合至糖完全融化，将糖水倒入碗中与栗子混合均匀,cooking_liquid,NUTRITION_USAGE_CONTROLLED_COOKING_LIQUID,pending
712-4,712,马蹄糕,41,水,水1500毫升,,其他,1500毫升,2;4;7,用750毫升的水把250克的马蹄粉开成浆;方太燃气灶开中火（5档），锅内倒入750毫升水，加入红糖和切好的马蹄，在锅里煮融;放入方太智能烹饪设备，开启电源，取出水箱加满水，选择“开始烹饪”按键，按屏幕提示操作,cooking_liquid,NUTRITION_USAGE_CONTROLLED_COOKING_LIQUID,pending
714-9,714,粉蒸藕丁,28,食用油,食用油20克,,调料,20克,,,cooking_fat,NUTRITION_USAGE_CONTROLLED_COOKING_FAT,pending
716-2,716,番茄牛腩,41,水,辅料：水1000克,,其他,1000克,3,加入焯水牛腩、番茄块150g、1000g水、2个八角、1片香叶、50g番茄酱、30g生抽、10g白糖、1大勺盐和20g料酒，盖上锅盖，设置：80分钟,cooking_liquid,NUTRITION_USAGE_CONTROLLED_COOKING_LIQUID,pending
716-3,716,番茄牛腩,28,食用油,食用油20克,,调料,20克,1,锅中加入食用油20g、姜片20g、大葱段20g和250g番茄块，盖上锅盖，设置：5分钟,cooking_fat,NUTRITION_USAGE_CONTROLLED_COOKING_FAT,pending
718-5,718,枣花馍馍,41,水,辅料：清水105克,,其他,105克,2,酵母加少许糖和水溶解并慢慢加入面粉里，并揉成光滑的面团,cooking_liquid,NUTRITION_USAGE_CONTROLLED_COOKING_LIQUID,pending
719-7,719,腊味芥蓝炒饭,28,食用油,食用油20克,,调料,20克,,,cooking_fat,NUTRITION_USAGE_CONTROLLED_COOKING_FAT,pending
720-6,720,桂圆白果糖水,41,水,清水200毫升,,其他,200毫升,3;4,注入200毫升清水，盖上保鲜膜;在电蒸箱的水箱中注入清水，安装在电蒸箱内，将装有食材的盘子放入蒸箱,cooking_liquid,NUTRITION_USAGE_CONTROLLED_COOKING_LIQUID,pending
721-2,721,荠菜粥,41,水,水1000g,,其他,1000g,2,主锅中加入粳米和水，盖上锅盖，不要放量杯，设置：20分钟/98℃/2档（反转）熬煮,cooking_liquid,NUTRITION_USAGE_CONTROLLED_COOKING_LIQUID,pending
722-4,722,葱油饼,208,猪油,猪油5克,,肉禽,5克,2,将泡打粉倒入面粉，拌匀，放猪油，揉成面团,cooking_fat,NUTRITION_USAGE_CONTROLLED_COOKING_FAT,pending
723-7,723,鲜虾蒸豆腐,28,食用油,食用油5毫升,,调料,5毫升,2,虾仁洗净切丁，加盐、鸡粉、生粉拌匀，淋入芝麻油、食用油拌匀，腌渍10分钟,cooking_fat,NUTRITION_USAGE_CONTROLLED_COOKING_FAT,pending
725-2,725,核桃芝麻糊,41,水,水600g,,其他,600g,1,主锅中加入生糯米、水、熟黑芝麻、核桃仁和白糖，盖上锅盖和量杯，设置：25分钟/95℃/1档烧煮，再设置：2分钟/10档打浆,cooking_liquid,NUTRITION_USAGE_CONTROLLED_COOKING_LIQUID,pending
726-23,726,荷香糯米鸡,155,色拉油,色拉油10克,,调料,10克,,,cooking_fat,NUTRITION_USAGE_CONTROLLED_COOKING_FAT,pending
727-4,727,低温减脂鸡胸,20,橄榄油,橄榄油10克,,调料,10克,1;4,鸡胸肉均匀涂上海盐、3小勺黑胡椒粉和10g橄榄油，用叉子在鸡胸肉上插些孔，放冰箱腌制一夜;取一小碗加入20g柠檬汁、5g醋、15g橄榄油、3小勺盐和3小勺黑胡椒粉，搅拌均匀可以调制成油醋汁,cooking_fat,NUTRITION_USAGE_CONTROLLED_COOKING_FAT,pending
727-6,727,低温减脂鸡胸,41,水,水1000克,,其他,1000克,3,主锅中加入水和抽真空的鸡胸肉，盖上锅盖和量杯，设置：70分钟/65℃慢煮,cooking_liquid,NUTRITION_USAGE_CONTROLLED_COOKING_LIQUID,pending
728-9,728,香菜牛肉,28,食用油,食用油20g,,调料,20g,3,主锅中加入食用油、姜片、蒜片和小米椒，盖上锅盖，不要放量杯，设置：2分钟/140℃/1档（反转）爆香,cooking_fat,NUTRITION_USAGE_CONTROLLED_COOKING_FAT,pending
729-5,729,奶油焗螃蟹,28,食用油,食用油10毫升,,调料,10毫升,4,往铺上锡纸的烤盘中，刷上一层食用油,cooking_fat,NUTRITION_USAGE_CONTROLLED_COOKING_FAT,pending
731-4,731,番茄牛肉汤,41,水,水1500g,,其他,1500g,1;2;4,主锅中加入牛肉、料酒、姜片和800g水，盖上锅盖和量杯，设置：8分钟/140℃/1档（反转）焯水，结束后将主锅内食物倒出并洗净牛肉和主锅;主锅中加入食用油、八角和焯水后的牛肉，盖上锅盖，不要放量杯，设置：4分钟/140℃/1档（反转）煸炒;加入700g水，盖上锅盖和量杯，设置：50分钟/100℃/1档（反转）炖煮,cooking_liquid,NUTRITION_USAGE_CONTROLLED_COOKING_LIQUID,pending
731-5,731,番茄牛肉汤,28,食用油,食用油15g,,调料,15g,2,主锅中加入食用油、八角和焯水后的牛肉，盖上锅盖，不要放量杯，设置：4分钟/140℃/1档（反转）煸炒,cooking_fat,NUTRITION_USAGE_CONTROLLED_COOKING_FAT,pending
734-5,734,肉末豆腐蒸蛋,356,油,油5毫升,,调料,5毫升,5,锅里放油，方太燃气灶开3档小火，将油烧热放入肉沫，姜末翻炒，炒至肉末发白,cooking_fat,NUTRITION_USAGE_CONTROLLED_COOKING_FAT,pending
735-8,735,蒜蓉迷迭香烤虾,28,食用油,食用油10毫升,,调料,10毫升,3;4,取一个空碗，倒入蒜蓉，放入迷迭香，加入盐、黑胡椒粉、料酒、适量食用油，拌匀，制成调味酱;备好烤箱，取出烤盘，放上锡纸，刷上适量食用油,cooking_fat,NUTRITION_USAGE_CONTROLLED_COOKING_FAT,pending
738-7,738,红酱肉丸意面,20,橄榄油,橄榄油1大匙,,调料,1大匙,6,平底锅中注入橄榄油烧热，用洋葱碎爆香,cooking_fat,NUTRITION_USAGE_CONTROLLED_COOKING_FAT,pending
739-1,739,洋葱炒肉,28,食用油,主料：食用油15g,,调料,15g,1,主锅中加入食用油和蒜片，盖上锅盖，不要放量杯，设置：2分钟/140℃/1档（反转）爆香,cooking_fat,NUTRITION_USAGE_CONTROLLED_COOKING_FAT,pending
740-11,740,韭香双笋蛏肉百叶卷,41,水,清水10克,,其他,10克,1;3;5,锅中放入少许色拉油，打开方太磁控电磁灶，调至6档中火，将油烧热，放入鲜青花椒、烧椒酱爆香，加入少许清水，放入鸡汁、蒸鱼豉油、白砂糖，制作成酱汁备用;春笋放入开水中煮熟捞出;将厚百叶切成宽度为5厘米，长10厘米的片，放入开水中烫一下,cooking_liquid,NUTRITION_USAGE_CONTROLLED_COOKING_LIQUID,pending
740-12,740,韭香双笋蛏肉百叶卷,155,色拉油,色拉油5克,,调料,5克,1,锅中放入少许色拉油，打开方太磁控电磁灶，调至6档中火，将油烧热，放入鲜青花椒、烧椒酱爆香，加入少许清水，放入鸡汁、蒸鱼豉油、白砂糖，制作成酱汁备用,cooking_fat,NUTRITION_USAGE_CONTROLLED_COOKING_FAT,pending
741-7,741,葱油香肠蒸茄子,356,油,油5克,,调料,5克,5,小碗中倒入酱油、盐、少许油、1汤匙凉白开，混匀,cooking_fat,NUTRITION_USAGE_CONTROLLED_COOKING_FAT,pending
742-4,742,蒸海鲜豆腐,41,水,水1300g,,其他,1300g,1;6,淡菜干，用清水泡发洗净沥干;主锅洗净，加入500g水，盖上锅盖，放上复式蒸锅，设置：25分钟 /140℃/1档蒸煮,cooking_liquid,NUTRITION_USAGE_CONTROLLED_COOKING_LIQUID,pending
742-5,742,蒸海鲜豆腐,28,食用油,食用油15g,,调料,15g,4,主锅中加入食用油和蒜末，盖上锅盖和量杯，设置：2分钟/140℃/1档（反转）爆香,cooking_fat,NUTRITION_USAGE_CONTROLLED_COOKING_FAT,pending
744-2,744,糖醋藕带,41,水,水15g,,其他,15g,1;4,取一小碗加入淀粉和水，混匀制成水淀粉备用;加入盐、白糖、香醋、生抽、老抽和水淀粉，盖上锅盖和量杯，设置：1分30秒/120℃/1档（反转）翻炒,cooking_liquid,NUTRITION_USAGE_CONTROLLED_COOKING_LIQUID,pending
744-3,744,糖醋藕带,28,食用油,食用油15g,,调料,15g,2,主锅中加入食用油和蒜末，盖上锅盖，不要放量杯，设置：2分钟/140℃/1档（反转）爆香,cooking_fat,NUTRITION_USAGE_CONTROLLED_COOKING_FAT,pending
745-4,745,紫米红枣米糊,41,水,水800g,,其他,800g,1,主锅中加入大米、紫米、去核红枣和水，盖上锅盖，不要放量杯，设置：30分钟/98℃/2档（反转）熬煮,cooking_liquid,NUTRITION_USAGE_CONTROLLED_COOKING_LIQUID,pending
746-3,746,醋溜山药,41,水,水20g,,其他,20g,1,取一碗加入白糖、白醋和水，混匀为糖醋汁备用,cooking_liquid,NUTRITION_USAGE_CONTROLLED_COOKING_LIQUID,pending
746-4,746,醋溜山药,28,食用油,食用油10g,,调料,10g,2,主锅中加入食用油、姜丝和葱白段，盖上锅盖和量杯，设置：3分钟/140℃/1档（反转）爆香,cooking_fat,NUTRITION_USAGE_CONTROLLED_COOKING_FAT,pending
747-6,747,粉蒸藕夹,41,水,水40g,,其他,40g,2;5,将莲藕去皮，切成后0.2~0.4cm的薄片，泡入水中待用;开启电源，取出水箱加满水，选择“开始烹饪”按键，按屏幕提示操作,cooking_liquid,NUTRITION_USAGE_CONTROLLED_COOKING_LIQUID,pending
748-4,748,红烧鸭爪,41,水,水1100g,,其他,1100g,1;3,主锅中加入鸭爪、10g姜片、料酒和800g水，盖上锅盖和量杯，设置：8分钟/140℃/1档（反转）焯水，结束后洗净鸭爪和主锅;加入鸭爪、生抽、老抽、蚝油、冰糖、八角、桂皮、香叶、干辣椒、花椒和300g水，盖上锅盖和量杯，设置：40分钟/110℃/1档（反转）烧煮,cooking_liquid,NUTRITION_USAGE_CONTROLLED_COOKING_LIQUID,pending
748-5,748,红烧鸭爪,28,食用油,食用油30g,,调料,30g,2,主锅中加入食用油、小葱、10g姜片和豆瓣酱，盖上锅盖和量杯，设置：3分钟/140℃/1档（反转）爆香,cooking_fat,NUTRITION_USAGE_CONTROLLED_COOKING_FAT,pending
750-4,750,香蕉烤吐司,356,油,辅料：油10毫升,,调料,10毫升,4,放上香蕉片，表面再刷上一层油，撒上白砂糖,cooking_fat,NUTRITION_USAGE_CONTROLLED_COOKING_FAT,pending
753-2,753,妩媚妃子笑,41,水,冰水200g,冰,其他,200g,,,cooking_liquid,NUTRITION_USAGE_CONTROLLED_COOKING_LIQUID,pending
754-13,754,红咖喱松板肉,28,食用油,食用油20克,,调料,20克,1,主锅中加入食用油、小葱段、姜片和蒜片，盖上锅盖，设置：1分钟/大火/热炒,cooking_fat,NUTRITION_USAGE_CONTROLLED_COOKING_FAT,pending
759-1,759,番茄焖肉,28,食用油,主料：食用油20g,,调料,20g,1;4,主锅中加入10g食用油和鸡腿肉，盖上锅盖和量杯，设置：2分钟/140℃/2档（反转）煸炒;主锅中加入10g食用油和番茄，盖上锅盖和量杯，设置：2分钟/140℃/1档（反转）煸炒,cooking_fat,NUTRITION_USAGE_CONTROLLED_COOKING_FAT,pending
759-12,759,番茄焖肉,41,水,水150g,,其他,150g,5,加入炒熟的菜、番茄酱、2小勺盐、胡椒粉和水，用刮刀轻轻搅拌均匀，盖上锅盖和量杯，设置：5分钟/110℃停刀烧煮,cooking_liquid,NUTRITION_USAGE_CONTROLLED_COOKING_LIQUID,pending
760-9,760,豉汁蒸鲈鱼,28,食用油,食用油10毫升,,调料,10毫升,,,cooking_fat,NUTRITION_USAGE_CONTROLLED_COOKING_FAT,pending
761-2,761,葱花花卷,41,水,辅料：温水255ml,温,其他,255ml,1;7,将温水和酵母混合拌匀备用;放入设备中间层，取出水箱加满水，选择“开始烹饪”按键，按屏幕提示操作,cooking_liquid,NUTRITION_USAGE_CONTROLLED_COOKING_LIQUID,pending
761-6,761,葱花花卷,28,食用油,食用油15ml,,调料,15ml,4,将面团揉至表面光滑后用擀面杖擀成0.2cm薄面皮，表面刷一层食用油，均匀撒上4g盐和葱花,cooking_fat,NUTRITION_USAGE_CONTROLLED_COOKING_FAT,pending
763-15,763,地中海风味纸包鳕鱼,20,橄榄油,橄榄油30克,,调料,30克,2;4,取一张烘焙纸，将蛤蜊铺在最底下，把辅料中除意大利芹碎、罗勒叶、 橄榄油 、七味粉外的所有配料混合在一起放入烘焙纸;然后摆放在蛤蜊上面，淋入橄榄油,cooking_fat,NUTRITION_USAGE_CONTROLLED_COOKING_FAT,pending
765-4,765,玫瑰黄桃雪耳羹,41,水,水800g,,其他,800g,1,主锅中加入雪耳、冰糖和水，盖上锅盖和量杯，设置60分钟/98℃/1档（反转）慢炖,cooking_liquid,NUTRITION_USAGE_CONTROLLED_COOKING_LIQUID,pending
767-4,767,手撕杏鲍菇,28,食用油,食用油25g,,调料,25g,3,结束后用刮刀将锅内壁食材刮至锅底，加入食用油，盖上锅盖和量杯，设置：2分钟/140℃/1档（反转）爆香,cooking_fat,NUTRITION_USAGE_CONTROLLED_COOKING_FAT,pending
768-5,768,蒜香面包,41,水,清水100毫升,,其他,100毫升,1;3,将酵母倒入清水中，拌匀，至酵母溶化;加入酵母水,cooking_liquid,NUTRITION_USAGE_CONTROLLED_COOKING_LIQUID,pending
772-1,772,绝味卤毛豆,28,食用油,主料：食用油20g,,调料,20g,1,主锅中加入食用油和郫县豆瓣酱，盖上锅盖和量杯，设置：2分钟/140℃/1档（反转）煸炒,cooking_fat,NUTRITION_USAGE_CONTROLLED_COOKING_FAT,pending
772-11,772,绝味卤毛豆,41,水,水700g,,其他,700g,4,加入水、老抽、十三香、盐、白糖、蚝油和麻油，盖上锅盖，不要放量杯，设置：7分钟/140℃/停刀加热,cooking_liquid,NUTRITION_USAGE_CONTROLLED_COOKING_LIQUID,pending
773-7,773,状元糍,28,食用油,食用油15毫升,,调料,15毫升,8,将面团加入15毫升食用油，搅拌均匀,cooking_fat,NUTRITION_USAGE_CONTROLLED_COOKING_FAT,pending
774-1,774,羊肉焖饭,41,水,主料：水1710g,,其他,1710g,1;5;6,主锅中加入500g水、羊肉和姜片，盖上锅盖和量杯，设置：6分钟/140℃/1档（反转）焯水;取一大碗，加入洗净的大米和210g水，将炒好的羊肉连同汤汁倒在大米上，放入蒸锅并盖上蒸盖;主锅洗净，加入1000g水，盖上锅盖，放上复式蒸锅，设置：65分钟/140℃/2档蒸制,cooking_liquid,NUTRITION_USAGE_CONTROLLED_COOKING_LIQUID,pending
774-4,774,羊肉焖饭,28,食用油,食用油10g,,调料,10g,3,主锅洗净，加入食用油和羊肉块，盖上锅盖和量杯，设置：3分钟/140℃/1档（反转）煸炒,cooking_fat,NUTRITION_USAGE_CONTROLLED_COOKING_FAT,pending
776-2,776,小米粥,41,水,水1000克,,其他,1000克,1,主锅中加入洗净小米、水和白砂糖，盖上锅盖，不要放量杯，设置：28分钟/98℃/2档（反转）熬煮,cooking_liquid,NUTRITION_USAGE_CONTROLLED_COOKING_LIQUID,pending
777-4,777,咸菜笋丁肉馅青团,356,油,油5毫升,,调料,5毫升,2,锅里放油，油热放入咸菜丁、肉馅、笋丁一起翻炒熟备用分成10份放入冰箱冷冻2小时,cooking_fat,NUTRITION_USAGE_CONTROLLED_COOKING_FAT,pending
777-8,777,咸菜笋丁肉馅青团,41,水,温水180毫升,温,其他,180毫升,4,之后将艾草粉和温水混合均匀倒入到糯米粉里，搅拌呈絮状，揉成光滑面团,cooking_liquid,NUTRITION_USAGE_CONTROLLED_COOKING_LIQUID,pending
777-9,777,咸菜笋丁肉馅青团,155,色拉油,色拉油12毫升,,调料,12毫升,3,将糯米粉、粘米粉、澄粉、色拉油混合在一起备用,cooking_fat,NUTRITION_USAGE_CONTROLLED_COOKING_FAT,pending
778-1,778,清炒苕尖,28,食用油,主料：食用油20g,,调料,20g,1,主锅中加入食用油、蒜片，盖上锅盖和量杯，设置：2分钟/140℃/1档（反转）煸炒,cooking_fat,NUTRITION_USAGE_CONTROLLED_COOKING_FAT,pending
779-9,779,烤鱿鱼,155,色拉油,色拉油30克,,调料,30克,,,cooking_fat,NUTRITION_USAGE_CONTROLLED_COOKING_FAT,pending
780-10,780,小吊梨汤,41,水,水900克,,其他,900克,2,主锅中加入梨肉、梨皮、银耳、黄冰糖和水，盖上锅盖，设置：55分钟/中火/烧煮,cooking_liquid,NUTRITION_USAGE_CONTROLLED_COOKING_LIQUID,pending
780-4,780,小吊梨汤,41,水,水1000克,,其他,1000克,,,cooking_liquid,NUTRITION_USAGE_CONTROLLED_COOKING_LIQUID,pending
782-1,782,茄子烧肉,28,食用油,主料：食用油30g,,调料,30g,1,主锅中加入食用油、蒜末和小米辣，盖上锅盖和量杯，设置：3分钟/140℃/1档（反转）爆香,cooking_fat,NUTRITION_USAGE_CONTROLLED_COOKING_FAT,pending
782-8,782,茄子烧肉,41,水,水20g,,其他,20g,3,插入搅拌棒并卡在刀组上，加入茄子、盐、老抽和水，盖上锅盖和量杯，设置：7分钟/120℃/1档（反转）翻炒,cooking_liquid,NUTRITION_USAGE_CONTROLLED_COOKING_LIQUID,pending
783-4,783,红焖羊肉面,41,水,水2400g,,其他,2400g,1;4;5;9,主锅中加入羊肉、10g料酒、10g姜片和600g水，盖上锅盖和量杯，设置：8分钟/140℃/1档（反转）焯水;加入焯水后的羊肉、白糖、10g料酒、生抽和黄豆酱，盖上锅盖和量杯，设置：4分钟/140℃/1档（反转）煸炒;加入八角、桂皮、花椒、香叶、枸杞、3小勺盐和800g水，盖上锅盖和量杯;主锅洗净，加入5g食用油、1小勺盐和1000g水，盖上锅盖和量杯，设置：8分钟/140℃/ 1档（反转）加热,cooking_liquid,NUTRITION_USAGE_CONTROLLED_COOKING_LIQUID,pending
783-5,783,红焖羊肉面,28,食用油,食用油15g,,调料,15g,3;9,主锅中加入食用油、葱段、10g姜片和蒜片，盖上锅盖和量杯，设置：2分钟/140℃/1档（反转）煸香;主锅洗净，加入5g食用油、1小勺盐和1000g水，盖上锅盖和量杯，设置：8分钟/140℃/ 1档（反转）加热,cooking_fat,NUTRITION_USAGE_CONTROLLED_COOKING_FAT,pending
785-1,785,蚕豆炒韭菜,28,食用油,主料：食用油20g,,调料,20g,1,主锅中加入食用油和新鲜蚕豆，盖上锅盖和量杯，设置：4分钟/140℃/1档（反转）煸炒,cooking_fat,NUTRITION_USAGE_CONTROLLED_COOKING_FAT,pending
786-3,786,雪梨百合菊杞饮,41,水,水900g,,其他,900g,1,主锅中加入雪梨、百合和水，盖上锅盖和量杯，设置：20分钟/105℃停刀烧煮,cooking_liquid,NUTRITION_USAGE_CONTROLLED_COOKING_LIQUID,pending
787-7,787,烤羊排,155,色拉油,色拉油30g,,调料,30g,,,cooking_fat,NUTRITION_USAGE_CONTROLLED_COOKING_FAT,pending
788-3,788,蜜汁桂花虾,28,食用油,食用油20g,,调料,20g,2,主锅中加入食用油、姜末、冰糖和盐，盖上锅盖，不要放量杯，设置：2分钟/140℃/1档热油,cooking_fat,NUTRITION_USAGE_CONTROLLED_COOKING_FAT,pending
790-4,790,虾仁豆腐蒸水蛋,41,水,B料：清水100克,,其他,100克,2;4,虾仁盐揉搓后马上冲洗干净，沥干水份后，加入淀粉稍微拌均匀备用;再加入100毫升的温水，搅匀,cooking_liquid,NUTRITION_USAGE_CONTROLLED_COOKING_LIQUID,pending
792-1,792,蒜蓉塔菜,28,食用油,主料：食用油15g,,调料,15g,1,主锅中加入食用油和蒜蓉，盖上锅盖和量杯，设置：2分钟/140℃/1档（反转）爆香,cooking_fat,NUTRITION_USAGE_CONTROLLED_COOKING_FAT,pending
793-6,793,羊肚菌芦笋百合,605,高汤,高汤20克,,其他,20克,2,加入水发羊肚菌、盐、鸡粉和高汤，盖上锅盖，设置：3分钟/大火/热炒,cooking_liquid,NUTRITION_USAGE_CONTROLLED_COOKING_LIQUID,pending
795-4,795,蜜汁叉烧包,41,水,水130克,,其他,130克,2,中筋面粉加水、酵母揉至面团表面光滑状态，盖上保鲜膜放入方太烤箱中，发酵至两倍大,cooking_liquid,NUTRITION_USAGE_CONTROLLED_COOKING_LIQUID,pending
796-1,796,小炒四季豆,28,食用油,主料：食用油20g,,调料,20g,2,主锅中加入食用油和五花肉片，盖上锅盖，不要放量杯，设置：4分钟/140℃/2档（反转）煸炒，结束后用刮刀将锅内壁食材刮至锅底,cooking_fat,NUTRITION_USAGE_CONTROLLED_COOKING_FAT,pending
799-1,799,醋溜娃娃菜,28,食用油,主料：食用油15g,,调料,15g,1,主锅中加入食用油、大蒜和小米椒，盖上锅盖，不要放量杯，设置：1分钟/140℃/1档（反转）爆香,cooking_fat,NUTRITION_USAGE_CONTROLLED_COOKING_FAT,pending
800-1,800,蒸山药,41,水,主料：水500g,,其他,500g,1,主锅中加入500g水，将山药段放入滤网篮中再将滤网篮放入主锅中，盖上锅盖和量杯，设置：35分钟/110℃/2档蒸煮,cooking_liquid,NUTRITION_USAGE_CONTROLLED_COOKING_LIQUID,pending
801-10,801,抹茶达克瓦兹,41,水,水20mL,,其他,20mL,8;10,锅中加入20mL清水，倒入60g细砂糖，沸腾后冷却，制成糖浆;一边用手动打蛋器搅拌，一边隔水加热，直至蛋黄完全受热,cooking_liquid,NUTRITION_USAGE_CONTROLLED_COOKING_LIQUID,pending
802-3,802,豉椒花蛤,28,食用油,食用油20g,,调料,20g,2,主锅中加入食用油、杭椒段、蒜末、豆豉和小米椒圈，盖上锅盖和量杯，设置：2分钟/140℃/1档（反转）爆香,cooking_fat,NUTRITION_USAGE_CONTROLLED_COOKING_FAT,pending
804-4,804,黄芪小米粥,41,水,水950g,,其他,950g,1;2,主锅中加入黄芪和水，盖上锅盖和量杯，设置：30分钟/98℃/1档（反转）熬煮;结束后，取出黄芪留汤水备用,cooking_liquid,NUTRITION_USAGE_CONTROLLED_COOKING_LIQUID,pending
806-2,806,香椿虾球,20,橄榄油,橄榄油30毫升,,调料,30毫升,3,香椿碎中加入橄榄油，打成泥,cooking_fat,NUTRITION_USAGE_CONTROLLED_COOKING_FAT,pending
807-13,807,韭菜饺,28,食用油,食用油10毫升,,调料,10毫升,3,洗净的虾仁装入碗中，加入1克盐、生粉，倒入适量食用油，拌匀，腌渍20分钟，至其入味,cooking_fat,NUTRITION_USAGE_CONTROLLED_COOKING_FAT,pending
807-7,807,韭菜饺,208,猪油,辅料：猪油10克,,肉禽,10克,6;8;9,倒入适量清水，搅匀，放入虾仁，搅拌匀，加入适量鸡粉、胡椒粉、芝麻油，拌匀，放入猪油，拌匀，制成肉馅;将适量生粉放入装有澄面的碗中，加入少许盐，分两次倒入已和猪油混合的70℃、450毫升的开水;烫至凝固，揉搓成面团，加入猪油，搅拌匀，揉搓成光滑的面团，用保鲜膜将面团包好，静置5分钟,cooking_fat,NUTRITION_USAGE_CONTROLLED_COOKING_FAT,pending
808-5,808,葱油蒸金针菇,155,色拉油,色拉油30克,,调料,30克,,,cooking_fat,NUTRITION_USAGE_CONTROLLED_COOKING_FAT,pending
809-8,809,早餐鸡蛋杯,20,橄榄油,橄榄油30g,,调料,30g,2,开中火，锅里放入橄榄油，把青椒丁，洋葱丁和蘑菇丁以及培根先煸炒一下，蘑菇会出水，加一点盐和黑胡椒调味,cooking_fat,NUTRITION_USAGE_CONTROLLED_COOKING_FAT,pending
811-2,811,蒜香蒸烤茄子,28,食用油,B料：食用油30克,,调料,30克,2,锅中加入30g食用油，油热后加蒜蓉炒成浅金黄色，倒入小碗，加入B中其余原料混合均匀,cooking_fat,NUTRITION_USAGE_CONTROLLED_COOKING_FAT,pending
812-6,812,小猪包,41,水,温水280克,温,其他,280克,1;7;8,酵母粉用少量温水调匀，分次倒入面粉中，再加适量清水，加入泡打粉，揉成光滑的面团;取一小撮搓成扁圆，用筷子头在上面扎两个小孔做成猪鼻子，再取两小块捏成猪耳朵形，做好的猪鼻子、猪耳朵沾上清水，粘在豆沙包上，再用芝麻做眼睛;放入方太智能烹饪设备，开启电源，取出水箱加满水，选择“开始烹饪”按键，按屏幕提示操作,cooking_liquid,NUTRITION_USAGE_CONTROLLED_COOKING_LIQUID,pending
813-6,813,嫩烤牛肉杏鲍菇,28,食用油,食用油10毫升,,调料,10毫升,3,将杏鲍菇放入盘中，用刷子将杏鲍菇两面刷上少许食用油,cooking_fat,NUTRITION_USAGE_CONTROLLED_COOKING_FAT,pending
813-7,813,嫩烤牛肉杏鲍菇,41,水,水10毫升,,其他,10毫升,1;2,杏鲍菇洗净，擦干表面水分，去除根部，剩余横切成5片约0.5厘米厚的片;牛肉末装碗，加盐、黑胡椒碎、地瓜粉，水、搅拌均匀，制成牛肉馅,cooking_liquid,NUTRITION_USAGE_CONTROLLED_COOKING_LIQUID,pending
814-7,814,北芪淮山猪骨汤,41,水,水1500克,,其他,1500克,1,锅中加入焯好的猪骨、8g北芪、200g淮山药块、20g白扁豆、5g枸杞和1500g水，盖上锅盖，设置：1小时/煲汤,cooking_liquid,NUTRITION_USAGE_CONTROLLED_COOKING_LIQUID,pending
815-5,815,咽炎茶,41,水,热水500g,热,其他,500g,1,主锅中加入胖大海、麦冬、金银花、枸杞和热水，盖上锅盖和量杯，设置：20分钟/105℃/1档（反转）熬煮,cooking_liquid,NUTRITION_USAGE_CONTROLLED_COOKING_LIQUID,pending
816-4,816,重庆烧鸡公,41,水,水1100克,,其他,1100克,1;3;4,主锅中加入公鸡、料酒、10g姜片和600g水，盖上锅盖，设置：7分钟/焯水;主锅中加入食用油、焯水后的鸡肉、葱白、10g姜片、大蒜、干辣椒、郫县豆瓣酱、八角和花椒，盖上锅盖，设置：5分钟/热炒/大火;加入土豆、生抽、老抽、蚝油、盐和500g水，盖上锅盖，设置：30分钟/红烧/大火,cooking_liquid,NUTRITION_USAGE_CONTROLLED_COOKING_LIQUID,pending
816-5,816,重庆烧鸡公,28,食用油,食用油30克,,调料,30克,3,主锅中加入食用油、焯水后的鸡肉、葱白、10g姜片、大蒜、干辣椒、郫县豆瓣酱、八角和花椒，盖上锅盖，设置：5分钟/热炒/大火,cooking_fat,NUTRITION_USAGE_CONTROLLED_COOKING_FAT,pending
817-13,817,酱汁蒸虎皮凤爪,28,食用油,食用油200ml,,调料,200ml,3,热锅倒入食用油，烧至三成热，倒入鸡爪，炸至转色后捞出,cooking_fat,NUTRITION_USAGE_CONTROLLED_COOKING_FAT,pending
819-4,819,剁椒蒸豆腐,41,水,水600g,,其他,600g,1,主锅中加入水，盖上锅盖并放上复式蒸锅，设置：15分钟/140℃/1档蒸制,cooking_liquid,NUTRITION_USAGE_CONTROLLED_COOKING_LIQUID,pending
820-8,820,鸡丝玉米粥,28,食用油,食用油5克,,调料,5克,3,取一砂锅，加入洗净大米、玉米粒、胡萝卜丁和水，滴入几滴食用油，盖上锅盖,cooking_fat,NUTRITION_USAGE_CONTROLLED_COOKING_FAT,pending
821-5,821,芝麻薄脆饼干,169,玉米油,玉米油30克,,蔬菜,30克,,,cooking_fat,NUTRITION_USAGE_CONTROLLED_COOKING_FAT,pending
822-4,822,口味鸭,41,水,水800g,,其他,800g,1;4,主锅中加入麻鸭块、15g姜片、10g料酒和600g水，盖上锅盖和量杯，设置：7分钟/140℃/1档(反转）焯水;加入啤酒和200g水，盖上锅盖，不要盖量杯，设置：35分钟/140℃/1档（反转）炖煮,cooking_liquid,NUTRITION_USAGE_CONTROLLED_COOKING_LIQUID,pending
822-7,822,口味鸭,28,食用油,食用油20g,,调料,20g,3,主锅中插入搅拌棒并卡在刀组上，加入鸭肉块、豆瓣酱、辣椒酱、食用油、辣椒油、生抽、老抽、八角、15g姜片和20g料酒，盖上锅盖和量杯，设置：8分钟/140℃/1档（反转）煸炒,cooking_fat,NUTRITION_USAGE_CONTROLLED_COOKING_FAT,pending
823-10,823,雪菜蒸黄鱼,41,水,水600g,,其他,600g,3,主锅中加入水，盖上锅盖并放上复式蒸锅，设置：15分钟/140℃/1档蒸煮,cooking_liquid,NUTRITION_USAGE_CONTROLLED_COOKING_LIQUID,pending
823-4,823,雪菜蒸黄鱼,28,食用油,食用油10g,,调料,10g,,,cooking_fat,NUTRITION_USAGE_CONTROLLED_COOKING_FAT,pending
824-3,824,明虾鸡爪煲,41,水,水1050g,,其他,1050g,1;2;5;6;7,主锅中加入鸡爪、料酒和600g水，盖上锅盖和量杯，设置：15分钟/130℃/1档（反转）焯水;结束后捞出鸡爪过凉水，洗净主锅;主锅中加入焯过水的鸡爪、洋葱片、姜片、蒜片、30g食用油、豆瓣酱、生抽、蚝油、老抽和花椒，盖上锅盖和量杯，设置：6分钟/140℃/1档（反转）煸炒;加入400g水、土豆块和黄瓜块，盖上锅盖和量杯，设置：12分钟/140℃/1档（反转）炖煮;加入盐和焯水后明虾，盖上锅盖和量杯，设置：1分钟/140℃/1档（反转）煸炒,cooking_liquid,NUTRITION_USAGE_CONTROLLED_COOKING_LIQUID,pending
824-4,824,明虾鸡爪煲,28,食用油,食用油50g,,调料,50g,3;5,主锅中加入20g食用油和明虾，盖上锅盖和量杯，设置：5分钟/140℃/1档（反转）煸炒;主锅中加入焯过水的鸡爪、洋葱片、姜片、蒜片、30g食用油、豆瓣酱、生抽、蚝油、老抽和花椒，盖上锅盖和量杯，设置：6分钟/140℃/1档（反转）煸炒,cooking_fat,NUTRITION_USAGE_CONTROLLED_COOKING_FAT,pending
827-12,827,开韭蒸鳜鱼,356,油,油15克,,调料,15克,,,cooking_fat,NUTRITION_USAGE_CONTROLLED_COOKING_FAT,pending
827-9,827,开韭蒸鳜鱼,41,水,葱姜水500克,,其他,,3;4,姜切片，葱切段，放入水中制成葱姜水;把鳜鱼放入葱姜水中浸泡，可以去除鱼腥味,cooking_liquid,NUTRITION_USAGE_CONTROLLED_COOKING_LIQUID,pending
829-7,829,笋干老鸭煲,41,水,水2400克,,其他,2400克,1;2,主锅中加入鸭块、30g料酒、30g姜片和900g水，盖上锅盖，设置：10分钟/焯水，将锅内食物倒出并洗净鸭块和主锅;取下刀组，加入焯好的鸭块、笋干条、火腿片、20g姜片、小葱结、30g料酒和1500g水，盖上锅盖，设置：90分钟/小火/烧煮,cooking_liquid,NUTRITION_USAGE_CONTROLLED_COOKING_LIQUID,pending
830-1,830,芝麻糖,28,食用油,主料：食用油15g,,调料,15g,1,主锅中加入食用油、白糖、饴糖和水，盖上锅盖，不要放量杯，设置：25分钟/130℃/1档熬煮,cooking_fat,NUTRITION_USAGE_CONTROLLED_COOKING_FAT,pending
830-4,830,芝麻糖,41,水,水50g,,其他,50g,1,主锅中加入食用油、白糖、饴糖和水，盖上锅盖，不要放量杯，设置：25分钟/130℃/1档熬煮,cooking_liquid,NUTRITION_USAGE_CONTROLLED_COOKING_LIQUID,pending
831-11,831,状元饺,41,水,葱姜水10毫升,,其他,,4;12,再倒入葱姜水拌匀;放入方太智能烹饪设备，开启电源，取出水箱加满水，选择“开始烹饪”按键，按屏幕提示操作,cooking_liquid,NUTRITION_USAGE_CONTROLLED_COOKING_LIQUID,pending
831-2,831,状元饺,41,水,温水50克,温,其他,50克,5;12,面粉里加入温水，揉成光洁面团;放入方太智能烹饪设备，开启电源，取出水箱加满水，选择“开始烹饪”按键，按屏幕提示操作,cooking_liquid,NUTRITION_USAGE_CONTROLLED_COOKING_LIQUID,pending
831-6,831,状元饺,41,水,水7克,,其他,7克,,,cooking_liquid,NUTRITION_USAGE_CONTROLLED_COOKING_LIQUID,pending
834-5,834,香葱咸蛋黄麻饼,41,水,清水110克,,其他,110克,3;13,将面粉，酵母，泡打粉，糖和水倒入一起;放入方太智能烹饪设备第2层，开启电源，取出水箱加满水，选择“开始烹饪”按键，按屏幕提示操作,cooking_liquid,NUTRITION_USAGE_CONTROLLED_COOKING_LIQUID,pending
835-8,835,豉汁蒸鲈鱼,41,水,水600g,,其他,600g,4,主锅中加入水，盖上锅盖，放上复式蒸锅，设置：22分钟/140℃/1档（反转）蒸制,cooking_liquid,NUTRITION_USAGE_CONTROLLED_COOKING_LIQUID,pending
836-5,836,沙律虾,28,食用油,食用油10克,,调料,10克,4,另取1碗，加入面包糠和食用油混合均匀,cooking_fat,NUTRITION_USAGE_CONTROLLED_COOKING_FAT,pending
837-7,837,清蒸多宝鱼,356,油,油10毫升,,调料,10毫升,7,锅里放油，油热大火将油烧热淋在鱼上，再淋上酱油即可,cooking_fat,NUTRITION_USAGE_CONTROLLED_COOKING_FAT,pending
838-4,838,荷兰豆炒虾仁,28,食用油,食用油20g,,调料,20g,2;4,主锅中加入10g食用油、姜片和葱花，盖上锅盖和量杯，设置：2分钟/140℃/1档（反转）爆香;主锅中加入10g食用油、荷兰豆和玉米粒，盖上锅盖，不要放量杯，设置：4分钟/140℃/1档（反转）炒拌,cooking_fat,NUTRITION_USAGE_CONTROLLED_COOKING_FAT,pending
839-1,839,青椒猪肚,28,食用油,主料：食用油20g,,调料,20g,1,主锅中加入食用油、葱段和姜片，盖上锅盖，不要放量杯，设置：2分钟/140℃/1档（反转）爆香,cooking_fat,NUTRITION_USAGE_CONTROLLED_COOKING_FAT,pending
840-2,840,胡萝卜羊肉包子,41,水,温水200克,温,其他,200克,1;2,温水融化酵母静置5分钟;面粉中倒入温水、糖、酵母水,cooking_liquid,NUTRITION_USAGE_CONTROLLED_COOKING_LIQUID,pending
841-10,841,笋干扣肉,28,食用油,食用油30毫升,,调料,30毫升,6;7,方太灶具调至9段火，锅中加入食用油（以能没过肉块为准）加热升温;待食用油表面有青烟冒出，调至5段火，即可把五花肉放入炸,cooking_fat,NUTRITION_USAGE_CONTROLLED_COOKING_FAT,pending
842-5,842,柠香三文鱼,41,水,水600g,,其他,600g,1,主锅中加入水，盖上锅盖并放上复式蒸锅，设置：26分钟/110℃/2档蒸制,cooking_liquid,NUTRITION_USAGE_CONTROLLED_COOKING_LIQUID,pending
843-3,843,肚脐包,41,水,温水150毫升,温,其他,150毫升,2;3,酵母加温水浸泡化开，静止5分钟;面粉中加入糖、盐、色拉油和混合好的酵母水搅拌成面絮，慢慢揉成光滑的面团,cooking_liquid,NUTRITION_USAGE_CONTROLLED_COOKING_LIQUID,pending
843-7,843,肚脐包,155,色拉油,色拉油10毫升,,调料,10毫升,3,面粉中加入糖、盐、色拉油和混合好的酵母水搅拌成面絮，慢慢揉成光滑的面团,cooking_fat,NUTRITION_USAGE_CONTROLLED_COOKING_FAT,pending
845-6,845,茄汁牛腩,41,水,水1400g,,其他,1400g,2;4,主锅中加入牛腩、20g料酒、姜片和800g水，盖上锅盖和量杯，设置：8分钟/140℃/1档（反转）焯水，结束后将锅内食物倒出并洗净牛腩和主锅;加入焯水后的牛腩、白糖、生抽、老抽、20g料酒、盐、干山楂片和600g水，盖上锅盖和量杯，设置：50分钟/110℃停刀烧煮,cooking_liquid,NUTRITION_USAGE_CONTROLLED_COOKING_LIQUID,pending
845-7,845,茄汁牛腩,28,食用油,食用油15g,,调料,15g,3,加入食用油和番茄，盖上锅盖和量杯，设置：5分钟/140℃/1档（反转）煸炒,cooking_fat,NUTRITION_USAGE_CONTROLLED_COOKING_FAT,pending
846-2,846,白米粥,41,水,水1200克,,其他,1200克,1,主锅中加入大米和水，盖上锅盖，设置：35分钟/中火/慢煮粥,cooking_liquid,NUTRITION_USAGE_CONTROLLED_COOKING_LIQUID,pending
847-19,847,清蒸豆腐肉丸子,41,水,清水100克,,其他,100克,4;7;8,打开方太电磁灶，开大火（9档），将豆腐放入沸水锅中焯水3分钟，去除豆腥味，然后捞出放入干净纱布中挤干水分;放入方太智能烹饪设备，开启电源，取出水箱加满水，选择“开始烹饪”按键，按屏幕提示操作;打开方太电磁灶，开大火（9档），锅内倒入一小碗清水，放入A中原料，不断搅拌，勾芡,cooking_liquid,NUTRITION_USAGE_CONTROLLED_COOKING_LIQUID,pending
848-6,848,蔓越莓核桃薄饼,155,色拉油,B料：色拉油10毫升,,调料,10毫升,,,cooking_fat,NUTRITION_USAGE_CONTROLLED_COOKING_FAT,pending
849-1,849,栗子烧鸡,28,食用油,A料：食用油15克,,调料,15克,1,锅中加入15g食用油、5g姜末和10g蒜末，盖上锅盖，设置：1分钟/一键大火,cooking_fat,NUTRITION_USAGE_CONTROLLED_COOKING_FAT,pending
849-8,849,栗子烧鸡,41,水,水300克,,其他,300克,2,锅中加入400g鸡腿肉块、15g料酒、10g生抽、5g老抽、100g板栗肉、2小勺盐和300g水，盖上锅盖，先设置：18分钟/红烧,cooking_liquid,NUTRITION_USAGE_CONTROLLED_COOKING_LIQUID,pending
850-5,850,香菇土鱿焖猪手,41,水,水800克,,其他,800克,1,取出智能锅里的搅拌刀，主锅中加入1000g猪手、80g带皮蒜、40g干鱿鱼、泡发好的小香菇、70g生抽、100g花生油、20g鸡饭老抽和800g水，盖上锅盖，设置：70分钟/红烧/大火,cooking_liquid,NUTRITION_USAGE_CONTROLLED_COOKING_LIQUID,pending
850-7,850,香菇土鱿焖猪手,461,花生油,花生油100克,,坚果,100克,1,取出智能锅里的搅拌刀，主锅中加入1000g猪手、80g带皮蒜、40g干鱿鱼、泡发好的小香菇、70g生抽、100g花生油、20g鸡饭老抽和800g水，盖上锅盖，设置：70分钟/红烧/大火,cooking_fat,NUTRITION_USAGE_CONTROLLED_COOKING_FAT,pending
852-9,852,烤土豆条,28,食用油,食用油10毫升,,调料,10毫升,,,cooking_fat,NUTRITION_USAGE_CONTROLLED_COOKING_FAT,pending
853-1,853,凉拌秋葵,41,水,主料：水1050克,,其他,1050克,1;3,加入秋葵，盖上锅盖和量杯，设置：3分钟/140℃/1档（反转）焯水，结束后取出秋葵过凉水，去头对半切后装盘;加入10g食用油、生抽、香醋、蚝油、香油、盐、白糖和50g 水，盖上锅盖和量杯，设置：3分钟/140℃/1档熬煮,cooking_liquid,NUTRITION_USAGE_CONTROLLED_COOKING_LIQUID,pending
853-3,853,凉拌秋葵,28,食用油,食用油20克,,调料,20克,3,加入10g食用油、生抽、香醋、蚝油、香油、盐、白糖和50g 水，盖上锅盖和量杯，设置：3分钟/140℃/1档熬煮,cooking_fat,NUTRITION_USAGE_CONTROLLED_COOKING_FAT,pending
856-7,856,烤原汁鲍鱼,20,橄榄油,橄榄油10毫升,,调料,10毫升,2;6;9,把蒜蓉、紫苏、盐、白胡椒粉、黑胡椒粉、烧烤粉、烧烤汁、柠檬汁、橄榄油加入到鲍鱼肉中，拌匀，腌渍10分钟;翻面，刷上烧烤汁、橄榄油;浇上烧烤汁、橄榄油,cooking_fat,NUTRITION_USAGE_CONTROLLED_COOKING_FAT,pending
857-1,857,红烧鸡翅根,28,食用油,主料：食用油20g,,调料,20g,1,主锅中加入食用油、姜片、葱段和八角，盖上锅盖和量杯，设置：3分钟/140℃/1档（反转）爆香,cooking_fat,NUTRITION_USAGE_CONTROLLED_COOKING_FAT,pending
857-11,857,红烧鸡翅根,41,水,热水200g,热,其他,200g,3,加入生抽、老抽、料酒、盐、糖和热水，盖上锅盖和量杯，设置：20分钟/120℃/1档（反转）熬煮,cooking_liquid,NUTRITION_USAGE_CONTROLLED_COOKING_LIQUID,pending
858-6,858,蒸香干,208,猪油,猪油7克,,肉禽,7克,2,红剁椒30g、蒜末10g、豆豉6g、白砂糖2g、生抽6g、老抽1g、猪油6g、纯净水25g混合均匀,cooking_fat,NUTRITION_USAGE_CONTROLLED_COOKING_FAT,pending
861-6,861,蒜苔小炒鸡杂,28,食用油,食用油15g,,调料,15g,3,主锅中加入食用油、姜末、蒜末和葱花，盖上锅盖和量杯，设置：2分钟/140℃/1档（反转）爆香,cooking_fat,NUTRITION_USAGE_CONTROLLED_COOKING_FAT,pending
862-10,862,茼蒿粉丝鱼丸汤,41,水,冷水150g,冷,其他,150g,5;6;8;9,把姜切片，葱、料酒入水中，用手把姜和葱捏出汁;把汁水、蛋清、同时加入鱼丸泥搅拌，充分搅打上劲，用手捏出小鱼丸，放入水盘中;茼蒿洗干净，粉丝泡水;热锅，加油加水，倒入茼蒿粉丝鱼丸，炖10-15分钟，加少许盐，起锅,cooking_liquid,NUTRITION_USAGE_CONTROLLED_COOKING_LIQUID,pending
864-6,864,鳕鱼豆腐汤,41,水,水600克,,其他,600克,2;3,豆腐丁加1g盐、鳕鱼丁分别用开水浸泡3分钟后沥干水分备用;将处理好的豆腐丁和鳕鱼丁、600g水、5g盐、1g味精和1g白胡椒粉放入汤锅中,cooking_liquid,NUTRITION_USAGE_CONTROLLED_COOKING_LIQUID,pending
865-2,865,快手清蒸黄花鱼,356,油,辅料：油10克,,调料,10克,6,蒸鱼的水、姜片、葱段都倒掉，放入新鲜的姜丝和葱丝，热油浇淋在鱼身上即可,cooking_fat,NUTRITION_USAGE_CONTROLLED_COOKING_FAT,pending
866-2,866,蛋黄卷,28,食用油,食用油10g,,调料,10g,1,主锅中加入牛奶、食用油和白糖，盖上锅盖和量杯，设置：15秒/3档搅打均匀,cooking_fat,NUTRITION_USAGE_CONTROLLED_COOKING_FAT,pending
867-1,867,豆豉鲮鱼油麦菜,28,食用油,主料：食用油30g,,调料,30g,1;2,主锅中加入20g食用油、油麦菜、5g蒜末和盐，盖上锅盖和量杯，设置：3分钟/140℃/1档（反转）炒拌，结束后取出装盘;主锅中加入10g食用油、豆豉鲮鱼、白糖和生抽，盖上锅盖和量杯，设置：2分钟/140℃/1档（反转）炒拌,cooking_fat,NUTRITION_USAGE_CONTROLLED_COOKING_FAT,pending
869-8,869,辣烤鸭舌,28,食用油,食用油15毫升,,调料,15毫升,,,cooking_fat,NUTRITION_USAGE_CONTROLLED_COOKING_FAT,pending
870-2,870,叶儿粑,41,水,温水400毫升,温,其他,400毫升,4;7,在叶儿粑粉里分次加入温水，水粉比大概为5︰4，和匀成团;放入方太智能烹饪设备，开启电源，取出水箱加满水，选择“开始烹饪”按键，按屏幕提示操作,cooking_liquid,NUTRITION_USAGE_CONTROLLED_COOKING_LIQUID,pending
870-9,870,叶儿粑,208,猪油,猪油30克,,肉禽,30克,2,在黑芝麻、白芝麻、花生碎、核桃碎中加入白砂糖和融化的猪油搅匀，增加粘性,cooking_fat,NUTRITION_USAGE_CONTROLLED_COOKING_FAT,pending
871-3,871,老豆花,41,水,水1010g,,其他,1010g,1;4;6;7,"主锅中放入泡好的黄豆和900g水，盖上锅盖和量杯，设置：20分钟/100℃/2档（反转）煮制;取一大碗放在锅盖上，依次称取内脂和10g水，取下碗备用;主锅中加入白糖和100g水，盖上锅盖,不盖量杯，设置：5分钟/140档/2档煮制;煮好的糖水浇在豆花上即可食用",cooking_liquid,NUTRITION_USAGE_CONTROLLED_COOKING_LIQUID,pending
872-3,872,实蛋,41,水,辅料：水20毫升,,其他,20毫升,2;3;6,用水把碱融化;鸡蛋打散，倒入碱水混合均匀，再用勺子把泡沫撇出;放入方太智能烹饪设备，开启电源，取出水箱加满水，选择“开始烹饪”按键，按屏幕提示操作,cooking_liquid,NUTRITION_USAGE_CONTROLLED_COOKING_LIQUID,pending
873-5,873,锡纸烤花甲,28,食用油,食用油10毫升,,调料,10毫升,1;4,在铺有锡纸的烤盘上刷适量食用油;打开烤箱，撒入适量盐，刷上适量食用油，再撒上烧烤粉、孜然粉,cooking_fat,NUTRITION_USAGE_CONTROLLED_COOKING_FAT,pending
876-7,876,烤尖椒,28,食用油,食用油10毫升,,调料,10毫升,3,在烤盘中铺上锡纸，将尖椒串放到烧烤架上，刷上少许食用油、烧烤汁,cooking_fat,NUTRITION_USAGE_CONTROLLED_COOKING_FAT,pending
881-7,881,自制健康美味午餐肉,1183,植物油,植物油5毫升,,调料,5毫升,,,cooking_fat,NUTRITION_USAGE_CONTROLLED_COOKING_FAT,pending
882-4,882,培根土豆卷,28,食用油,食用油10毫升,,调料,10毫升,5;8,烤盘上铺上一层锡纸，刷上食用油;打开箱门，翻面，刷上适量食用油、烧烤汁,cooking_fat,NUTRITION_USAGE_CONTROLLED_COOKING_FAT,pending
883-2,883,红糖糍粑,356,油,辅料：油10克,,调料,10克,1,取一烤盘，垫上油纸，刷上食用油，间隔摆上糍粑，放入蒸烤一体机第2层，开启电源，选择“开始烹饪”按键，按屏幕提示操作,cooking_fat,NUTRITION_USAGE_CONTROLLED_COOKING_FAT,pending
885-4,885,云朵馒头,461,花生油,花生油3克,,坚果,3克,,,cooking_fat,NUTRITION_USAGE_CONTROLLED_COOKING_FAT,pending
886-6,886,酿莴苣,28,食用油,食用油10毫升,,调料,10毫升,6,倒入食用油、食盐、生抽、生粉,cooking_fat,NUTRITION_USAGE_CONTROLLED_COOKING_FAT,pending
887-2,887,泡菜牛奶炖大连鲍,20,橄榄油,橄榄油25克,,调料,25克,1,主锅中加入橄榄油、泡菜块、洋葱丝、红甜椒粉、韩国辣椒酱和姜片，盖上锅盖，设置：3分钟/大火/热炒,cooking_fat,NUTRITION_USAGE_CONTROLLED_COOKING_FAT,pending
888-2,888,温烫羊肉,41,水,水1800g,,其他,1800g,1;3,主锅中加入羊肉和800g水，盖上锅盖和量杯，设置：10分钟/140℃/1档（反转）焯水;主锅中加入焯好的羊肉和1000g水，盖上锅盖和量杯，设置：10分钟/140℃/1档（反转）烧煮,cooking_liquid,NUTRITION_USAGE_CONTROLLED_COOKING_LIQUID,pending
889-1,889,农家小炒肉,28,食用油,主料：食用油15g,,调料,15g,1,主锅中加入食用油、五花肉片、姜片、蒜片和大葱白圈，盖上锅盖，不要放量杯，设置：3分钟/140℃/1档（反转）煸炒,cooking_fat,NUTRITION_USAGE_CONTROLLED_COOKING_FAT,pending
890-13,890,红酒烩牛肉,20,橄榄油,橄榄油适量,,调料,,5,珐琅锅明火加热，加入橄榄油与牛肉，使牛肉煎至金黄色，加入适量的黄油使其增香，倒出牛肉过滤出多余的油，锅中留有少量的油,cooking_fat,NUTRITION_USAGE_CONTROLLED_COOKING_FAT,pending
890-5,890,红酒烩牛肉,1079,鸡汤,鸡汤800克,,肉禽,800克,7,再把牛肉放回锅中，撒入炒熟的面粉，搅拌均匀，加入红酒，鸡汤和香料，煮沸加盖一起放进预热好的蒸烤箱中，进行烘烤,cooking_liquid,NUTRITION_USAGE_CONTROLLED_COOKING_LIQUID,pending
892-1,892,五香卤蛋,41,水,主料：水1600g,,其他,1600g,1;2;3,主锅中加入800g水、鸡蛋和2小勺盐，盖上锅盖和量杯，设置：15分钟/120℃/停刀烧煮;结束后，取出食材放入冷水中放凉剥壳备用，并洗净主锅;主锅中加入800g水、八角、老抽、花椒、香叶、冰糖、干辣椒、姜片、3小勺盐和煮好的鸡蛋，盖上锅盖和量杯，设置：25分钟/98℃/停刀卤煮,cooking_liquid,NUTRITION_USAGE_CONTROLLED_COOKING_LIQUID,pending
893-7,893,水晶白菜蒸饺,41,水,开水85毫升,煮沸,其他,85毫升,2,将澄面和玉米淀粉放入大碗中，加入开水搅拌均匀，把烫好的面粉放到案板上用手搓匀,cooking_liquid,NUTRITION_USAGE_CONTROLLED_COOKING_LIQUID,pending
893-9,893,水晶白菜蒸饺,208,猪油,猪油5克,,肉禽,5克,3,面团放入猪油，用手再次揉匀,cooking_fat,NUTRITION_USAGE_CONTROLLED_COOKING_FAT,pending
894-6,894,蒜泥烤生蚝,28,食用油,食用油10毫升,,调料,10毫升,6,打开烤箱，在生蚝上刷上适量食用油,cooking_fat,NUTRITION_USAGE_CONTROLLED_COOKING_FAT,pending
895-2,895,卤蛋,41,水,水600g,,其他,600g,,,cooking_liquid,NUTRITION_USAGE_CONTROLLED_COOKING_LIQUID,pending
896-6,896,咸肉蒸豆腐,28,食用油,食用油15克,,调料,15克,7,将炒锅烧热，倒入B中的食用油，烧至七成热（略微冒烟）时均匀淋在小葱、辣椒和蒜末上，趁热食用,cooking_fat,NUTRITION_USAGE_CONTROLLED_COOKING_FAT,pending
897-9,897,蒸肉龙,41,水,水620g,,其他,620g,3;5;8,主锅中加入面粉、酵母和70g水，盖上锅盖和量杯，设置：5分钟/揉面;将发酵好的面团揉匀排气，擀成约30cm*25cm的面片，均匀铺上肉馅，面片边缘约1cm刷少量水;主锅中加入550g水，盖上锅盖，放上复式蒸锅，设置：30分钟/140℃/1档（反转）蒸煮,cooking_liquid,NUTRITION_USAGE_CONTROLLED_COOKING_LIQUID,pending
900-7,900,虫草花玉米排骨汤,41,水,开水1500克,煮沸,其他,1500克,3;5;6;8,将枸杞用凉水浸泡;将排骨放入冷水锅焯水，水开后，继续焯2分钟即可，捞出沥干水分;在砂锅里倒入开水1500g，放入焯水的排骨、虫草花、玉米、葱段、姜片，盖上盖子;开启电源，取出水箱加满水，选择“开始烹饪”按键，按屏幕提示操作,cooking_liquid,NUTRITION_USAGE_CONTROLLED_COOKING_LIQUID,pending
902-1,902,番茄酱炒小鱼干,28,食用油,主料：食用油20g,,调料,20g,1,主锅中加入食用油、蒜末、姜末和小鱼干，盖上锅盖，不要放量杯，设置：2分钟/110℃/1档（反转）煸炒,cooking_fat,NUTRITION_USAGE_CONTROLLED_COOKING_FAT,pending
904-6,904,核桃果味发糕,356,油,B料：油15克,,调料,15克,2,在模具的内侧和底部薄薄涂一层油,cooking_fat,NUTRITION_USAGE_CONTROLLED_COOKING_FAT,pending
906-1,906,小鸡炖蘑菇,28,食用油,A料：食用油15克,,调料,15克,1,主锅中加入食用油、姜片、葱白段、八角、桂皮和香叶，盖上锅盖，设置：1分钟/热炒/大火,cooking_fat,NUTRITION_USAGE_CONTROLLED_COOKING_FAT,pending
906-12,906,小鸡炖蘑菇,41,水,开水450克,煮沸,其他,450克,3,结束后加入料酒、生抽、老抽、蚝油和350g开水，盖上锅盖，设置：20分钟/红烧/中火,cooking_liquid,NUTRITION_USAGE_CONTROLLED_COOKING_LIQUID,pending
907-4,907,榨菜肉丝汤,28,食用油,食用油20克,,调料,20克,2,主锅中加入食用油和榨菜，盖上锅盖，设置：2分钟/猛火/热炒,cooking_fat,NUTRITION_USAGE_CONTROLLED_COOKING_FAT,pending
907-9,907,榨菜肉丝汤,41,水,水1100克,,其他,1100克,3,加入水，盖上锅盖，设置：6分钟/大火/水煮类,cooking_liquid,NUTRITION_USAGE_CONTROLLED_COOKING_LIQUID,pending
908-1,908,凉拌空心菜,41,水,主料：水1050g,,其他,1050g,1;2;4,主锅中加入1000g水和5g食用油，盖上锅盖和量杯，设置：8分钟/140℃/1档烧煮;加入空心菜，盖上锅盖和量杯，设置：3分钟/140℃/1档（反转）烧煮，结束后取出空心菜，过凉水擦干水分装盘;加入盐、蚝油、生抽、香醋、香油和50g水，盖上锅盖和量杯，设置：1分钟/140℃/1档（反转）熬煮,cooking_liquid,NUTRITION_USAGE_CONTROLLED_COOKING_LIQUID,pending
908-2,908,凉拌空心菜,28,食用油,食用油15g,,调料,15g,1;3,主锅中加入1000g水和5g食用油，盖上锅盖和量杯，设置：8分钟/140℃/1档烧煮;主锅洗净，加入10g食用油、蒜末、葱花和小米椒，盖上锅盖和量杯，设置：1分钟/140℃/1档（反转）爆香,cooking_fat,NUTRITION_USAGE_CONTROLLED_COOKING_FAT,pending
910-8,910,八宝粥,41,水,水1200克,,其他,1200克,1,主锅中加入浸泡好的花生、莲子、红豆、桂圆肉、白糯米、黑糯米、大米和1000g水，盖上锅盖，不要放量杯，设置：45分钟/98℃/2档（反转）熬煮,cooking_liquid,NUTRITION_USAGE_CONTROLLED_COOKING_LIQUID,pending
911-5,911,年年有余—清蒸东星斑,461,花生油,花生油20克,,坚果,20克,4,将鱼肉放入碗中，加入盐、淀粉、蛋清和5克花生油，轻轻抓拌30秒,cooking_fat,NUTRITION_USAGE_CONTROLLED_COOKING_FAT,pending
913-7,913,懒人蔬菜蒸包,28,食用油,食用油50毫升,,调料,50毫升,11,浇上烧好的食用油，制成蘸料即可,cooking_fat,NUTRITION_USAGE_CONTROLLED_COOKING_FAT,pending
914-12,914,藿香泡椒蒸黄鱼,41,水,水100克,,其他,100克,8,加入水煮开，加入糖、藿香、香菜、小葱，再加入水淀粉勾芡，关火备用,cooking_liquid,NUTRITION_USAGE_CONTROLLED_COOKING_LIQUID,pending
914-13,914,藿香泡椒蒸黄鱼,356,油,油10克,,调料,10克,6,取一锅，倒入油，加入豆瓣酱小火炒香,cooking_fat,NUTRITION_USAGE_CONTROLLED_COOKING_FAT,pending
916-4,916,爆炒蛤蜊,41,水,水820g,,其他,820g,1;4,主锅中插入搅拌棒并卡在刀组上，加入蛤蜊、葱段、姜丝和水，盖上锅盖，不要放量杯，设置：10分钟/140℃/1档（反转）焯水;插入搅拌并卡在刀组上，加入焯好的蛤蜊、料酒、生抽和水，盖上锅盖和量杯，设置：4分钟/140℃/1档（反转）煸炒,cooking_liquid,NUTRITION_USAGE_CONTROLLED_COOKING_LIQUID,pending
916-5,916,爆炒蛤蜊,28,食用油,食用油20g,,调料,20g,3,主锅洗净，加入食用油、蒜片、花椒、干辣椒段、八角和豆瓣酱，盖上锅盖，不要放量杯，设置：3分钟/140℃/1档（反转）爆香,cooking_fat,NUTRITION_USAGE_CONTROLLED_COOKING_FAT,pending
917-5,917,孜然牛肉粒,20,橄榄油,橄榄油10克,,调料,10克,2,将切好的牛肉放入碗中，加入食盐、五香粉、辣椒粉、孜然粒和橄榄油，用手抓匀，腌制10分钟,cooking_fat,NUTRITION_USAGE_CONTROLLED_COOKING_FAT,pending
918-7,918,宫廷酸梅汤,41,水,水2750克,,其他,2750克,1;3,主锅中加入乌梅、乌枣、生山楂干、豆蔻、甘草、洛神花、75g冰糖和1250g水，盖上锅盖，设置：23分钟/大火/水煮类;主锅中加入第一次熬煮的食材、90g冰糖和1500g水，盖上锅盖，设置：23分钟/大火/水煮类,cooking_liquid,NUTRITION_USAGE_CONTROLLED_COOKING_LIQUID,pending
920-8,920,珍珠圆子,41,水,水15克,,其他,15克,1;4,将A中糯米用清水浸泡30分钟后充分沥干至表面无水状态;将蒸盘放入设备中间层，开启电源，取出水箱加满水，选择“开始烹饪”按键，按屏幕提示操作,cooking_liquid,NUTRITION_USAGE_CONTROLLED_COOKING_LIQUID,pending
921-4,921,玉米虫草花煲龙骨,41,水,水2300克,,其他,2300克,1;2;3,主锅中加入脊骨块、20g姜片、料酒和800g水，盖上锅盖，设置：7分钟/焯水;结束后，取出脊骨用温水洗净备用，并清洗主锅;主锅中加入焯好的猪脊骨块、25g姜片、玉米段、1500g水和盐，盖上锅盖，设置：60分钟/大火/老火汤,cooking_liquid,NUTRITION_USAGE_CONTROLLED_COOKING_LIQUID,pending
923-7,923,上海素鸭,28,食用油,食用油40毫升,,调料,40毫升,,,cooking_fat,NUTRITION_USAGE_CONTROLLED_COOKING_FAT,pending
925-5,925,腐竹炒木耳,41,水,水5g,,其他,5g,3;5,淀粉和水混匀制备成淀粉水备用;加入腐竹、酱油、盐、白糖和淀粉水，盖上锅盖和量杯，设置：2分钟/140℃/2档（反转）炒拌,cooking_liquid,NUTRITION_USAGE_CONTROLLED_COOKING_LIQUID,pending
925-6,925,腐竹炒木耳,28,食用油,食用油5g,,调料,5g,4,主锅中加入食用油、木耳和娃娃菜，盖上锅盖和量杯，设置：5分钟/140℃/1档（反转）煸炒,cooking_fat,NUTRITION_USAGE_CONTROLLED_COOKING_FAT,pending
926-10,926,豆香排骨,28,食用油,食用油10毫升,,调料,10毫升,3,加入黄豆酱，拌匀，加入少许生粉，拌匀，再淋入食用油，拌匀,cooking_fat,NUTRITION_USAGE_CONTROLLED_COOKING_FAT,pending
927-11,927,白菜香菇素包子,28,食用油,食用油5毫升,,调料,5毫升,,,cooking_fat,NUTRITION_USAGE_CONTROLLED_COOKING_FAT,pending
928-3,928,广式月饼（台式）,461,花生油,花生油22克,,坚果,22克,2,再加入花生油，充分搅拌乳化呈较粘稠状态,cooking_fat,NUTRITION_USAGE_CONTROLLED_COOKING_FAT,pending
929-10,929,台式盐酥鸡,28,食用油,食用油5毫升,,调料,5毫升,6,在烤盘中铺上锡纸，在烤盘上刷适量食用油，将鸡肉放到锡纸上，置入烤箱,cooking_fat,NUTRITION_USAGE_CONTROLLED_COOKING_FAT,pending
933-11,933,家常菜肉包子,28,食用油,食用油30毫升,,调料,30毫升,,,cooking_fat,NUTRITION_USAGE_CONTROLLED_COOKING_FAT,pending
934-6,934,台湾肠仔包,155,色拉油,色拉油10克,,调料,10克,,,cooking_fat,NUTRITION_USAGE_CONTROLLED_COOKING_FAT,pending
934-7,934,台湾肠仔包,41,水,水125克,,其他,125克,8,放入方太智能烹饪设备，开启电源，取出水箱加满水，选择“开始烹饪”按键，按屏幕提示操作,cooking_liquid,NUTRITION_USAGE_CONTROLLED_COOKING_LIQUID,pending
936-6,936,五红汤,41,水,水400克,,其他,400克,2,取一砂锅，放入所有准备好的食材，加入400g水,cooking_liquid,NUTRITION_USAGE_CONTROLLED_COOKING_LIQUID,pending
937-4,937,海苔肉松饼,208,猪油,猪油55g,,肉禽,55g,1;2,主锅中加入中筋面粉、细砂糖、全蛋液、10g猪油和45g水，盖上锅盖和量杯，设置：4分钟/揉面，结束后将揉好的水油皮面团均分成10份，盖上保鲜膜，静置半小时;加入低筋面粉和45g猪油，盖上锅盖和量杯，设置：3分钟/揉面，结束后将揉好的油酥面团均分成10份,cooking_fat,NUTRITION_USAGE_CONTROLLED_COOKING_FAT,pending
937-5,937,海苔肉松饼,41,水,水55g,,其他,55g,1;3;4,主锅中加入中筋面粉、细砂糖、全蛋液、10g猪油和45g水，盖上锅盖和量杯，设置：4分钟/揉面，结束后将揉好的水油皮面团均分成10份，盖上保鲜膜，静置半小时;取一块静置好的水油皮，按成圆形，中心放入油酥面团，包起后收口朝下，用擀面杖擀成长条状，从上而下卷成圆柱形，旋转90度后，再擀成长条形，由上而下卷起后盖上保鲜膜静置15分钟;取一碗加入海苔肉松、玉米油和10g水，搅拌均匀备用,cooking_liquid,NUTRITION_USAGE_CONTROLLED_COOKING_LIQUID,pending
937-8,937,海苔肉松饼,169,玉米油,玉米油10g,,蔬菜,10g,4,取一碗加入海苔肉松、玉米油和10g水，搅拌均匀备用,cooking_fat,NUTRITION_USAGE_CONTROLLED_COOKING_FAT,pending
938-12,938,苹果八宝饭,208,猪油,猪油20g,,肉禽,20g,,,cooking_fat,NUTRITION_USAGE_CONTROLLED_COOKING_FAT,pending
938-3,938,苹果八宝饭,41,水,清水100g,,其他,100g,1;2,将糯米清洗干净泡4小时后，沥干水分放入大碗中，加入清水100g，用保鲜膜封住碗口;将大碗放在有孔蒸盘上，放入蒸箱中间层，开启电源，取出水箱加满水，选择“普通蒸”模式，设置100℃、15分钟，按确认键，开始烹饪,cooking_liquid,NUTRITION_USAGE_CONTROLLED_COOKING_LIQUID,pending
940-2,940,糖烤栗子,155,色拉油,B料：色拉油1茶匙,,调料,1茶匙,3,将栗子放入一碗中，倒入色拉油拌匀，使其表面沾满油,cooking_fat,NUTRITION_USAGE_CONTROLLED_COOKING_FAT,pending
940-4,940,糖烤栗子,41,水,开水10克,煮沸,其他,10克,4,将细砂糖和开水混合至糖完全融化，将糖水倒入碗中与栗子混合均匀,cooking_liquid,NUTRITION_USAGE_CONTROLLED_COOKING_LIQUID,pending
943-8,943,排骨蒸山药,461,花生油,花生油5毫升,,坚果,5毫升,3,将糖、盐、花生油、生抽、木薯淀粉、蒜末，放入排骨中拌匀均匀腌制半小时,cooking_fat,NUTRITION_USAGE_CONTROLLED_COOKING_FAT,pending
944-11,944,橄榄鳊鱼,28,食用油,食用油30克,,调料,30克,4;9,将炒锅烧热，倒入C中的食用油，加入蒜片、葱段、姜末炒香，加入青红尖椒段和橄榄菜，翻炒一下，加入盐和味精后出锅备用;将炒锅烧热，倒入D中的食用油，烧至七成热（略微冒烟），均匀淋在橄榄菜上即可，趁热食用,cooking_fat,NUTRITION_USAGE_CONTROLLED_COOKING_FAT,pending
944-15,944,橄榄鳊鱼,28,食用油,D料：食用油15克,,调料,15克,,,cooking_fat,NUTRITION_USAGE_CONTROLLED_COOKING_FAT,pending
945-4,945,水盆羊肉,28,食用油,食用油20g,,调料,20g,3,主锅中加入焯水羊腩块、食用油、大葱段和5g姜片，盖上锅盖，不要放量杯，设置：6分钟/140℃/1档（反转）煸炒,cooking_fat,NUTRITION_USAGE_CONTROLLED_COOKING_FAT,pending
945-5,945,水盆羊肉,41,水,水1800g,,其他,1800g,1;3;4,主锅中加入羊腩块、羊骨、600g水、料酒和10g姜片，盖上锅盖和量杯，设置：8分钟/140℃/1档（反转）焯水;主锅中加入焯水羊腩块、食用油、大葱段和5g姜片，盖上锅盖，不要放量杯，设置：6分钟/140℃/1档（反转）煸炒;加入羊骨、1200g水、桂皮、陈皮、草果、花椒、白芷和良姜，盖上锅盖和量杯，设置：60分钟/100℃/1档（反转）熬煮,cooking_liquid,NUTRITION_USAGE_CONTROLLED_COOKING_LIQUID,pending
947-14,947,双椒鳙鱼头,41,水,水30克,,其他,30克,1;4;6,将鳙鱼头去除鱼鳞、鱼鳃和内脏，洗净并沥干水分，再沿着背鳍将鱼头对半劈开，鱼背肉厚处片刀;将炒锅加热，加入C中食用油，倒入姜末、蒜片、大葱段、大蒜叶段煸炒出香味，再将豆豉、青剁椒、红剁椒倒入锅中翻炒，加入盐、水、料酒，最后加入淀粉水勾芡，烧好的汤料浇在鳙鱼头上;开启电源，取出水箱加满水，选择“开始烹饪”按键，按屏幕提示操作,cooking_liquid,NUTRITION_USAGE_CONTROLLED_COOKING_LIQUID,pending
947-6,947,双椒鳙鱼头,28,食用油,C料：食用油30克,,调料,30克,4,将炒锅加热，加入C中食用油，倒入姜末、蒜片、大葱段、大蒜叶段煸炒出香味，再将豆豉、青剁椒、红剁椒倒入锅中翻炒，加入盐、水、料酒，最后加入淀粉水勾芡，烧好的汤料浇在鳙鱼头上,cooking_fat,NUTRITION_USAGE_CONTROLLED_COOKING_FAT,pending
949-2,949,丝瓜大虾汤,28,食用油,食用油20g,,调料,20g,1,主锅中加入食用油和姜片，盖上锅盖，不要放量杯，设置：2分钟/140℃/1档（反转）爆香,cooking_fat,NUTRITION_USAGE_CONTROLLED_COOKING_FAT,pending
949-5,949,丝瓜大虾汤,41,水,水400g,,其他,400g,3,加入虾干、水和盐，盖上锅盖和量杯，设置：10分钟/120℃/1档（反转）烧煮,cooking_liquid,NUTRITION_USAGE_CONTROLLED_COOKING_LIQUID,pending
950-1,950,蘑菇培根意面,20,橄榄油,A料：橄榄油25克,,调料,25克,1,主锅中加入橄榄油、培根片和口蘑片，盖上锅盖，设置：3分钟/大火/热炒,cooking_fat,NUTRITION_USAGE_CONTROLLED_COOKING_FAT,pending
950-4,950,蘑菇培根意面,41,水,水800克,,其他,800克,3;4,主锅中加入800g水，盖上锅盖，设置：5分钟/大火/水煮类;打开滑盖，从锅盖孔中插入意面，设置：11分钟/大火/水煮类,cooking_liquid,NUTRITION_USAGE_CONTROLLED_COOKING_LIQUID,pending
951-6,951,翠竹报春,28,食用油,食用油10g,,调料,10g,3,主锅中加入食用油、小米椒、八角、花椒和豆瓣酱，盖上锅盖和量杯，设置：1分钟30秒/140℃/1档（反转）爆香,cooking_fat,NUTRITION_USAGE_CONTROLLED_COOKING_FAT,pending
952-7,952,肉末茄子盖浇饭,28,食用油,食用油20g,,调料,20g,2,加入肉末、豆瓣酱、生抽、老抽和食用油，盖上锅盖和量杯，设置：3分钟/140℃/1档（反转）煸炒,cooking_fat,NUTRITION_USAGE_CONTROLLED_COOKING_FAT,pending
953-10,953,鱼饼,28,食用油,食用油10毫升,,调料,10毫升,8,大盘底部刷一层食用油,cooking_fat,NUTRITION_USAGE_CONTROLLED_COOKING_FAT,pending
954-5,954,仔姜烧鸭,41,水,水1000g,,其他,1000g,1;4,主锅中加入鸭肉、葱段、姜片、10g料酒和700g水，盖上锅盖和量杯，设置：8分钟/140℃/ 1档（反转）焯水，结束后将锅内食物倒出并洗净鸭肉和主锅;加入300g水，盖上锅盖和量杯，设置：15分钟/120℃/1档（反转）烧煮,cooking_liquid,NUTRITION_USAGE_CONTROLLED_COOKING_LIQUID,pending
954-6,954,仔姜烧鸭,28,食用油,食用油15g,,调料,15g,2,主锅中加入食用油和焯好的鸭肉，盖上锅盖和量杯，设置：3分钟/140℃/1档（反转）煸炒,cooking_fat,NUTRITION_USAGE_CONTROLLED_COOKING_FAT,pending
958-4,958,黄桃培根披萨,41,水,水40毫升,,其他,40毫升,1;4,将酵母倒入清水中，加入细砂糖;加入鸡蛋、酵母糖水,cooking_liquid,NUTRITION_USAGE_CONTROLLED_COOKING_LIQUID,pending
959-6,959,培根蔬菜卷,28,食用油,B料：食用油1/2茶匙,,调料,1/2茶匙,,,cooking_fat,NUTRITION_USAGE_CONTROLLED_COOKING_FAT,pending
962-4,962,香蒜豆豉蒸苦瓜,356,油,辅料：油5毫升,,调料,5毫升,4,排骨里加入白糖、花生油、姜片、盐、胡椒粉、豆豉、蒜蓉，搅拌均匀腌制15分钟，之后加入淀粉搅拌均匀,cooking_fat,NUTRITION_USAGE_CONTROLLED_COOKING_FAT,pending
963-1,963,白酒鲜虾意大利面,28,食用油,主料：食用油20g,,调料,20g,1,主锅中插入搅拌棒并卡在刀组上，加入食用油、洋葱碎和蒜末，盖上锅盖和量杯，设置：3分钟/140℃/1档（反转）煸炒,cooking_fat,NUTRITION_USAGE_CONTROLLED_COOKING_FAT,pending
967-11,967,砂锅焗烤芦笋牛肉,41,水,清水25克,,其他,25克,3,加入盐1g、蚝油5g、老抽3g、鸡粉1g、黑胡椒粉0.2g、清水25g，腌制上浆,cooking_liquid,NUTRITION_USAGE_CONTROLLED_COOKING_LIQUID,pending
967-13,967,砂锅焗烤芦笋牛肉,155,色拉油,色拉油10克,,调料,10克,4,芦笋段、蒜粒、洋葱块、姜粒、小米椒圈混合，加入黑胡椒粉0.2克、色拉油拌匀,cooking_fat,NUTRITION_USAGE_CONTROLLED_COOKING_FAT,pending
968-4,968,彩豆炒虾仁,28,食用油,食用油15g,,调料,15g,2,主锅中加入食用油、虾仁、豌豆、玉米粒、胡萝卜丁和盐，盖上锅盖和量杯，设置：5分钟/140℃/1档（反转）炒拌,cooking_fat,NUTRITION_USAGE_CONTROLLED_COOKING_FAT,pending
969-2,969,冷吃兔,28,食用油,食用油80g,,调料,80g,1,主锅加入食用油、八角、桂皮、山奈、豆蔻、草果、小茴香、香叶、花椒和兔肉，盖上锅盖，不要放量杯，设置：20分钟/140℃/1档（反转）爆香,cooking_fat,NUTRITION_USAGE_CONTROLLED_COOKING_FAT,pending
971-6,971,小餐包,41,水,水70克,,其他,70克,5,烤盘放入烤箱第3层，并在烤箱内放入一碗热水加湿,cooking_liquid,NUTRITION_USAGE_CONTROLLED_COOKING_LIQUID,pending
973-6,973,马卡龙,41,水,水30毫升,,其他,30毫升,1;2,将锅置于电磁炉上，倒入细砂糖、水;拌匀，煮至细砂糖完全溶化，用温度计测水温为118℃后关掉,cooking_liquid,NUTRITION_USAGE_CONTROLLED_COOKING_LIQUID,pending
975-5,975,啤酒鸭,28,食用油,食用油1汤匙,,调料,1汤匙,,,cooking_fat,NUTRITION_USAGE_CONTROLLED_COOKING_FAT,pending
976-4,976,泰式鸡翅,41,水,水105克,,其他,105克,,,cooking_liquid,NUTRITION_USAGE_CONTROLLED_COOKING_LIQUID,pending
978-11,978,南瓜粉蒸肉,41,水,水1120g,,其他,1120g,1,主锅中加入1100g水，盖上锅盖并放上复式蒸锅，设置：60分钟/140℃/1档蒸制,cooking_liquid,NUTRITION_USAGE_CONTROLLED_COOKING_LIQUID,pending
982-3,982,桃胶奶茶,41,水,水800g,,其他,800g,2;4,主锅中加入500g水，盖上锅盖，放上复式蒸锅，设置：40分钟/100℃/1档蒸制;主锅中加入300g水和红茶茶叶，盖上锅盖和量杯，设置：5分钟/100℃/1档烧煮,cooking_liquid,NUTRITION_USAGE_CONTROLLED_COOKING_LIQUID,pending
986-1,986,川味椒麻虾,28,食用油,主料：食用油40g,,调料,40g,1,主锅中加入食用油、花椒、小葱、姜、干辣椒和大蒜，盖上锅盖，不要放量杯，设置：3分钟/140℃/1档（反转）爆香,cooking_fat,NUTRITION_USAGE_CONTROLLED_COOKING_FAT,pending
987-7,987,老妈蹄花汤,41,水,水1500克,,其他,1500克,1,锅中加入焯好的猪蹄、泡好的黄豆、20g小葱白、30g生姜块、8g盐和1500g水，盖上锅盖，设置：10分钟/9档,cooking_liquid,NUTRITION_USAGE_CONTROLLED_COOKING_LIQUID,pending
988-9,988,蒜蓉蒸娃娃菜,28,食用油,食用油10毫升,,调料,10毫升,7,另起锅，注入食用油，倒入蒜末，爆香,cooking_fat,NUTRITION_USAGE_CONTROLLED_COOKING_FAT,pending
989-3,989,蓝莓山药,41,水,水500g,,其他,500g,2,主锅中加入500g水，盖上锅盖，放上复式蒸锅，设置：30分钟/140℃/1档蒸制,cooking_liquid,NUTRITION_USAGE_CONTROLLED_COOKING_LIQUID,pending
990-3,990,鳕鱼泥,41,水,水600g,,其他,600g,2,主锅中加入600g水，盖上锅盖，放上复式蒸锅，设置：18分钟/140℃/1档蒸制，蒸好后去除细小鱼刺,cooking_liquid,NUTRITION_USAGE_CONTROLLED_COOKING_LIQUID,pending
991-2,991,黄金南瓜饼,41,水,水600g,,其他,600g,2,主锅中加入水，盖上锅盖，放上复式蒸锅，设置：30分钟/140℃/1档蒸制,cooking_liquid,NUTRITION_USAGE_CONTROLLED_COOKING_LIQUID,pending
991-5,991,黄金南瓜饼,28,食用油,食用油适量,,调料,,,,cooking_fat,NUTRITION_USAGE_CONTROLLED_COOKING_FAT,pending
992-10,992,时蔬烤鱼,356,油,油15克,,调料,15克,6;8,锅中倒油，放入干辣椒段，将配菜入锅翻炒;炒好的菜浇在烤好的鱼身上，油可以渗透到鱼肉里,cooking_fat,NUTRITION_USAGE_CONTROLLED_COOKING_FAT,pending
994-1,994,沙茶焖鸭块,28,食用油,主料：食用油15g,,调料,15g,1,主锅中加入食用油、蒜末和姜末，盖上锅盖和量杯，设置：2分钟/140℃/1档（反转）爆香,cooking_fat,NUTRITION_USAGE_CONTROLLED_COOKING_FAT,pending
994-12,994,沙茶焖鸭块,41,水,水250g,,其他,250g,3,（主锅中）加入沙茶酱、酱油、料酒、咖喱粉、白醋、香菇片和水，盖上锅盖，不要放量杯，设置：20分钟/100℃/停刀烧煮,cooking_liquid,NUTRITION_USAGE_CONTROLLED_COOKING_LIQUID,pending
995-10,995,客家蒸米粉,41,水,水500g,,其他,500g,6,主锅中加入500g水，盖上锅盖，放上复式蒸锅，设置：30分钟/140℃/1档蒸制,cooking_liquid,NUTRITION_USAGE_CONTROLLED_COOKING_LIQUID,pending
995-3,995,客家蒸米粉,28,食用油,食用油25g,,调料,25g,3,加入食用油、香菇丁、虾皮、生抽、老抽和盐，盖上锅盖和量杯，设置：4分钟/140℃/1档（反转）煸炒,cooking_fat,NUTRITION_USAGE_CONTROLLED_COOKING_FAT,pending
996-4,996,苏式樱桃肉,41,水,水1400克,,其他,1400克,1;4,主锅中加入五花肉块（皮朝上）、15g绍兴黄酒、5g姜片和800g水，盖上锅盖，设置：8分钟/焯水;取下中式搅拌刀，主锅中加入焯好的五花肉块、香葱结、5g姜片、老抽、30g绍兴黄酒、盐、冰糖、丁香、八角、红曲粉和600g水，盖上锅盖，设置：50分钟/红烧/大火,cooking_liquid,NUTRITION_USAGE_CONTROLLED_COOKING_LIQUID,pending
997-6,997,清蒸草鱼,28,食用油,食用油10毫升,,调料,10毫升,9,锅中加少许食用油，烧热后浇在鱼身上,cooking_fat,NUTRITION_USAGE_CONTROLLED_COOKING_FAT,pending
998-2,998,酥皮泡芙,41,水,清水144克,,其他,144克,6,将黄油60克放入锅中，倒入清水，加入食盐和细砂糖，打开方太磁控电磁灶，调至3档小火，煮沸后加入低筋面粉90克，搅拌1分钟左右，使其成团,cooking_liquid,NUTRITION_USAGE_CONTROLLED_COOKING_LIQUID,pending
999-6,999,小餐包,41,水,水42克,,其他,42克,1,将162g高筋面粉、1.5g酵母、12g奶粉、30g细砂糖、1.5g盐、42g水、33g牛奶、18g鸡蛋液混合揉成团，待面团揉至扩展阶段，加入软化的黄油18g，继续揉面至完全扩展状态，即拉伸面团可以拉出薄膜，形成的薄膜不易破，破裂边沿处也较光滑,cooking_liquid,NUTRITION_USAGE_CONTROLLED_COOKING_LIQUID,pending
1000-2,1000,草莓麻薯,41,水,水645g,,其他,645g,1;3,主锅中加入草莓、45g水、糖粉、糯米粉和玉米淀粉，盖上锅盖和量杯，设置：5分钟/4档揉面;主锅中加入600g水，盖上锅盖，放上复式蒸锅，设置：20分钟/110℃/1档蒸制,cooking_liquid,NUTRITION_USAGE_CONTROLLED_COOKING_LIQUID,pending
1001-7,1001,蛋黄蒸肉,41,水,水200毫升,,其他,200毫升,6,放入方太智能烹饪设备第2层，开启电源，取出水箱加满水，选择“开始烹饪”按键，按屏幕提示操作,cooking_liquid,NUTRITION_USAGE_CONTROLLED_COOKING_LIQUID,pending
1003-11,1003,腊味糯米饭,41,水,清水少许,,其他,,1;2;9;10,糯米提前2小时浸泡，腊肠、腊肉用开水浸泡片刻，洗净;芹菜、大蒜叶分别洗净、去头尾，五花肉洗净沥干水;倒入浸泡好沥干水的糯米，搅拌均匀;盛到大碗里，在碗边淋上半碗清水,cooking_liquid,NUTRITION_USAGE_CONTROLLED_COOKING_LIQUID,pending
1003-5,1003,腊味糯米饭,356,油,辅料：油适量,,调料,,5,热锅冷油，倒入五花肉煸炒片刻，煸炒出油后，加上蒜蓉翻炒,cooking_fat,NUTRITION_USAGE_CONTROLLED_COOKING_FAT,pending
1004-13,1004,菇香银鲳,28,食用油,食用油15克,,调料,15克,4;8,将炒锅烧热，加入C中的食用油，先加入五花肉丁炒熟，再加葱、姜、蒜炒香，再加香菇丁、杏鲍菇丁、青红椒丁、香菇酱，翻炒均匀，最后加入生抽，翻炒均匀后出锅;烹饪结束后取出，摆上切好的青红椒丝、葱丝点缀，在炒锅中将D中的食用油烧热至七成热（略微冒烟），浇至鱼身上，再淋上辣椒油，即可趁热食用,cooking_fat,NUTRITION_USAGE_CONTROLLED_COOKING_FAT,pending
1004-16,1004,菇香银鲳,28,食用油,D料：食用油15克,,调料,15克,,,cooking_fat,NUTRITION_USAGE_CONTROLLED_COOKING_FAT,pending
1005-1,1005,红烧排骨,41,水,主料：水800克,,其他,800克,1,主锅中加入水、排骨和料酒，盖上锅盖和量杯，设置：8分钟/140℃/1档（反转）焯水,cooking_liquid,NUTRITION_USAGE_CONTROLLED_COOKING_LIQUID,pending
1005-12,1005,红烧排骨,41,水,开水500克,煮沸,其他,500克,1;5,主锅中加入水、排骨和料酒，盖上锅盖和量杯，设置：8分钟/140℃/1档（反转）焯水;加入开水，盖上锅盖，不要放量杯，设置：30分钟/140℃/1档（反转）炖煮,cooking_liquid,NUTRITION_USAGE_CONTROLLED_COOKING_LIQUID,pending
1005-4,1005,红烧排骨,28,食用油,食用油20克,,调料,20克,3,主锅中加入食用油和冰糖，盖上锅盖和量杯，设置：3分钟/140℃/2档（反转）煸炒,cooking_fat,NUTRITION_USAGE_CONTROLLED_COOKING_FAT,pending
1006-5,1006,红枣百合蒸南瓜,41,水,清水50克,,其他,50克,1;2;3;7,贝贝南瓜放入清水中洗净，用刮皮刀将贝贝南瓜去皮，切成小块;将红枣和百合用清水浸泡15分钟;取锅，锅中倒入清水;放入方太智能烹饪设备，开启电源，取出水箱加满水，选择“开始烹饪”按键，按屏幕提示操作,cooking_liquid,NUTRITION_USAGE_CONTROLLED_COOKING_LIQUID,pending
1008-7,1008,冬菇滑鸡煲,41,水,温水300克,温,其他,300克,3,加入泡发好的香菇、香菇水、生抽、蚝油和风味豆豉酱，盖上锅盖，设置：15分钟/红烧/大火,cooking_liquid,NUTRITION_USAGE_CONTROLLED_COOKING_LIQUID,pending
1008-8,1008,冬菇滑鸡煲,28,食用油,食用油30克,,调料,30克,1,主锅中加入食用油、姜片、蒜瓣和洋葱片，盖上锅盖，设置：2分钟/热炒/大火,cooking_fat,NUTRITION_USAGE_CONTROLLED_COOKING_FAT,pending
1011-1,1011,辣黄豆酱炖鸭,28,食用油,主料：食用油15g,,调料,15g,1,主锅中加入食用油和姜片，盖上锅盖和量杯，设置：3分钟/140℃/1档（反转）爆香,cooking_fat,NUTRITION_USAGE_CONTROLLED_COOKING_FAT,pending
1011-7,1011,辣黄豆酱炖鸭,41,水,水300g,,其他,300g,3,加入辣黄豆酱、白糖、麻油和水，盖上锅盖和量杯，设置：20分钟/140℃/1档（反转）烧煮,cooking_liquid,NUTRITION_USAGE_CONTROLLED_COOKING_LIQUID,pending
1012-6,1012,银丝花卷,41,水,辅料：清水95毫升,,其他,95毫升,2;9,把低筋面粉、中筋面粉、泡打粉和酵母一起放入碗中搅拌均匀，把白砂糖溶解在水中后缓慢倒入面粉中，边倒边用筷子搅拌成絮状;放入方太智能烹饪设备，开启电源，取出水箱加满水，选择“开始烹饪”按键，按屏幕提示操作,cooking_liquid,NUTRITION_USAGE_CONTROLLED_COOKING_LIQUID,pending
1013-11,1013,香椿烤鸡翅,155,色拉油,色拉油15克,,调料,15克,4,放入食盐、蜂蜜、红腐乳汁、生抽、米酒、红甜椒粉、色拉油、生粉，用手抓匀，腌制30分钟,cooking_fat,NUTRITION_USAGE_CONTROLLED_COOKING_FAT,pending
1014-2,1014,火山土豆泥,41,水,水550g,,其他,550g,2;4;6,主锅中加入500g水，将滤网篮放入主锅，盖上锅盖和量杯，设置：35分钟/120℃/1档蒸制，结束后取出蒸好的土豆;将豇豆、胡萝卜、彩椒切成小粒，将淀粉和50g水混合均匀制成水淀粉;加入1小勺盐、生抽和水淀粉，盖上锅盖和量杯，设置：1分钟/120℃/1档（反转）拌炒,cooking_liquid,NUTRITION_USAGE_CONTROLLED_COOKING_LIQUID,pending
1014-8,1014,火山土豆泥,28,食用油,食用油15g,,调料,15g,5,主锅中加入豇豆粒、胡萝卜粒、彩椒粒和15g食用油，盖上锅盖，不要放量杯，设置：2分钟/140℃/1档（反转）煸炒,cooking_fat,NUTRITION_USAGE_CONTROLLED_COOKING_FAT,pending
1015-1,1015,粤式白灼菜心,41,水,主料：水1000g,,其他,1000g,1;3,主锅中加入水、5g食用油和盐，盖上锅盖和量杯，设置：8分钟/140℃/1档烧煮;将菜心取出摆盘，倒掉主锅中的水并擦干,cooking_liquid,NUTRITION_USAGE_CONTROLLED_COOKING_LIQUID,pending
1015-2,1015,粤式白灼菜心,28,食用油,食用油15g,,调料,15g,1;4,主锅中加入水、5g食用油和盐，盖上锅盖和量杯，设置：8分钟/140℃/1档烧煮;主锅中加入10g食用油和蒜末，盖上锅盖和量杯，设置：1分钟/140℃/1档（反转）煸炒,cooking_fat,NUTRITION_USAGE_CONTROLLED_COOKING_FAT,pending
1015-9,1015,粤式白灼菜心,605,高汤,高汤100g,,其他,100g,5,加入蚝油、生抽、白糖、2小勺盐和高汤，盖上锅盖和量杯，设置：2分钟/120℃/1档炒拌,cooking_liquid,NUTRITION_USAGE_CONTROLLED_COOKING_LIQUID,pending
1016-10,1016,豉油蒸鲤鱼,28,食用油,食用油10毫升,,调料,10毫升,,,cooking_fat,NUTRITION_USAGE_CONTROLLED_COOKING_FAT,pending
1017-1,1017,椒麻土豆蒸排骨,28,食用油,主料：食用油20g,,调料,20g,1,主锅中加入食用油、蒜末、剁椒、小米椒和花椒，盖上锅盖和量杯，设置：2分钟/140℃/1档（反转）爆香,cooking_fat,NUTRITION_USAGE_CONTROLLED_COOKING_FAT,pending
1017-10,1017,椒麻土豆蒸排骨,41,水,水800g,,其他,800g,4,主锅中加入水，盖上锅盖，放上复式蒸锅，设置：45分钟/140℃/1档蒸制,cooking_liquid,NUTRITION_USAGE_CONTROLLED_COOKING_LIQUID,pending
1019-2,1019,南瓜饼,41,水,水680g（（80g和面））,,其他,680g,1;5,加入80g水，盖上锅盖，不要放量杯，设置：9分钟/110℃/2档熬煮;主锅中加入600g水，盖上锅盖并放上复式蒸锅，设置：26分钟/110℃/2档蒸制,cooking_liquid,NUTRITION_USAGE_CONTROLLED_COOKING_LIQUID,pending
1020-2,1020,香辣烤鸡爪,41,水,B料：水1400g,,其他,1400g,2;3,锅中放入鸡爪，加清水没过鸡爪，大火煮至水开，煮约10分钟关火，捞出鸡爪用冷水冲洗干净;锅中加入1400g水，加入B中所有调料，放入鸡爪，大火烧开，水开后转中火继续炖煮约40分钟，炖煮后期水越来越少，需间歇翻拌鸡爪，直至鸡爪用筷子可戳烂，收汁上色，关火捞出鸡爪放在大碗中,cooking_liquid,NUTRITION_USAGE_CONTROLLED_COOKING_LIQUID,pending
1021-4,1021,酸辣猪蹄,41,水,水1650g,,其他,1650g,1;3;4,主锅中加入猪蹄、10g姜片、10g料酒和650g水，盖上锅盖和量杯，设置：8分钟/140℃/1档（反转）焯水;主锅中加入焯好的猪蹄、10g姜片、大葱段、10g料酒、香叶、桂皮、花椒、八角、白糖和1000g水，盖上锅盖和量杯，设置：10分钟/140℃/1档（反转）烧煮，再设置：60分钟/100℃/1档（反转）熬煮;结束后将猪蹄取出过冷水备用,cooking_liquid,NUTRITION_USAGE_CONTROLLED_COOKING_LIQUID,pending
1022-1,1022,黄精玉竹茶,41,水,主料：水600g,,其他,600g,1,主锅中加入水、黄精和玉竹，盖上锅盖和量杯，设置：20分钟/120℃/1档（反转）煎煮,cooking_liquid,NUTRITION_USAGE_CONTROLLED_COOKING_LIQUID,pending
1024-7,1024,煎烤土豆泥茄盒,41,水,水10克,,其他,10克,3;6,土豆去皮洗净，切块，放入方太智能烹饪设备，开启电源，取出水箱加满水，选择“开始烹饪”按键，按屏幕提示操作;用面粉和水调成稠面糊，把茄盒放入沾满面糊,cooking_liquid,NUTRITION_USAGE_CONTROLLED_COOKING_LIQUID,pending
1025-4,1025,话梅小排,41,水,水890g,,其他,890g,1;3;4,主锅中加入猪肋排段、姜片、大葱段和600g水，盖上锅盖和量杯，设置：7分钟/140℃/1档（反转）焯水;主锅中加入焯好的肋排、食用油、冰糖、红曲粉和30g水，盖上锅盖和量杯，设置：10分钟/140℃/1档煸炒;加入九制话梅、陈醋、盐和260g水，盖上锅盖和量杯，设置：30分钟/120℃/ 1档（反转）烧煮,cooking_liquid,NUTRITION_USAGE_CONTROLLED_COOKING_LIQUID,pending
1025-5,1025,话梅小排,28,食用油,食用油15g,,调料,15g,3,主锅中加入焯好的肋排、食用油、冰糖、红曲粉和30g水，盖上锅盖和量杯，设置：10分钟/140℃/1档煸炒,cooking_fat,NUTRITION_USAGE_CONTROLLED_COOKING_FAT,pending
1026-9,1026,煎烤酱汁鱼排,28,食用油,食用油10克,,调料,10克,3,取一碗放入鱼块，加入蚝油、白糖、黑胡椒粉、料酒、盐、生抽、姜片、BBQ烧烤酱和食用油,cooking_fat,NUTRITION_USAGE_CONTROLLED_COOKING_FAT,pending
1027-5,1027,酒蒸鸭子,1551,清汤,清汤100克,,其他,100克,5,依次加入焯好的鸭块、泡软的虫草花、已蒸熟且口味温和的火腿与干贝，倒入清汤和黄酒,cooking_liquid,NUTRITION_USAGE_CONTROLLED_COOKING_LIQUID,pending
1028-9,1028,芝士酿烤茄子,28,食用油,食用油10毫升,,调料,10毫升,8;9,在茄子卷的表面刷上适量食用油;炒锅注入适量食用油，放入洋葱丁、蒜末，爆香，放入西红柿丁，炒香，再放入青椒丁，炒匀,cooking_fat,NUTRITION_USAGE_CONTROLLED_COOKING_FAT,pending
1030-5,1030,蓝莓蛋糕,155,色拉油,色拉油100毫升,,调料,100毫升,2,再倒入色拉油,cooking_fat,NUTRITION_USAGE_CONTROLLED_COOKING_FAT,pending
1032-5,1032,蔓越莓绿豆月饼,169,玉米油,玉米油40毫升,,蔬菜,40毫升,5,然后分2-3次加入玉米油,cooking_fat,NUTRITION_USAGE_CONTROLLED_COOKING_FAT,pending
1033-7,1033,鲜当归蒸羊肉,41,水,清水120克,,其他,120克,1;2;3,羊肋排斩成块，用水洗净，去除羊肉中的血水，鲜当归切段;放入锅中，加入清水，焯水后洗净浮沫;将羊肋排、鲜当归、红枣，放入汤碗中，加入清水，盖保鲜膜,cooking_liquid,NUTRITION_USAGE_CONTROLLED_COOKING_LIQUID,pending
1034-6,1034,红豆薏仁糕,169,玉米油,玉米油10克,,蔬菜,10克,3,将糯米粉、红豆粉、薏仁粉、红糖牛奶液和玉米油混合并揉成光滑团状,cooking_fat,NUTRITION_USAGE_CONTROLLED_COOKING_FAT,pending
1035-4,1035,东北酱骨头,41,水,水2000g,,其他,2000g,1;3,主锅中加入猪棒骨、10g姜片、10g料酒和1000g水，盖上锅盖和量杯，设置：10分钟/140℃/1档（反转）焯水;主锅中加入焯好的猪棒骨、10g姜片、10g料酒、黄豆酱、香叶、山楂干、八角、桂皮、干辣椒、花椒粒、小葱、白糖、老抽和1000g水，盖上锅盖和量杯，设置：8分钟/140℃/1档（反转）加热,cooking_liquid,NUTRITION_USAGE_CONTROLLED_COOKING_LIQUID,pending
1036-10,1036,白汤炖牛尾,41,水,开水300g,煮沸,其他,300g,1;4;5,主锅中加入牛尾段、2大勺料酒和450g水，盖上锅盖和量杯，设置：6分钟/140℃/1档（反转）焯水;烹饪结束，加入2大勺料酒和800g水，盖上锅盖和量杯，设置：60分钟/100℃/1档（反转）熬煮;烹饪结束，加入萝卜块、盐和300g开水，盖上锅盖和量杯，设置：30分钟/130℃/1档（反转）熬煮,cooking_liquid,NUTRITION_USAGE_CONTROLLED_COOKING_LIQUID,pending
1036-3,1036,白汤炖牛尾,41,水,水1250g,,其他,1250g,1,主锅中加入牛尾段、2大勺料酒和450g水，盖上锅盖和量杯，设置：6分钟/140℃/1档（反转）焯水,cooking_liquid,NUTRITION_USAGE_CONTROLLED_COOKING_LIQUID,pending
1036-7,1036,白汤炖牛尾,28,食用油,食用油10g,,调料,10g,3,主锅中加入牛尾段、京葱段、姜片、香叶和食用油，盖上锅盖和量杯，设置：5分钟/140℃/1档（反转）煸炒,cooking_fat,NUTRITION_USAGE_CONTROLLED_COOKING_FAT,pending
1037-1,1037,清炒西葫芦,28,食用油,主料：食用油20g,,调料,20g,1,主锅中加入食用油和蒜末，盖上锅盖，不要放量杯，设置：2分钟/120℃/1档（反转）煸炒,cooking_fat,NUTRITION_USAGE_CONTROLLED_COOKING_FAT,pending
1038-2,1038,腊味豉油煲饭,41,水,清水264毫升,,其他,264毫升,2;5,锅中加入清水，煮沸后下入小青菜和青豆焯水备用;砂锅底部抹上一层食用油，将淘洗好的大米放入砂锅中，加入清水,cooking_liquid,NUTRITION_USAGE_CONTROLLED_COOKING_LIQUID,pending
1038-3,1038,腊味豉油煲饭,28,食用油,食用油10毫升,,调料,10毫升,5,砂锅底部抹上一层食用油，将淘洗好的大米放入砂锅中，加入清水,cooking_fat,NUTRITION_USAGE_CONTROLLED_COOKING_FAT,pending
1038-8,1038,腊味豉油煲饭,41,水,C料：开水30毫升,煮沸,其他,30毫升,2;3,锅中加入清水，煮沸后下入小青菜和青豆焯水备用;生抽、蒸鱼豉油和开水加入碗中搅拌均匀做为料汁,cooking_liquid,NUTRITION_USAGE_CONTROLLED_COOKING_LIQUID,pending
1041-2,1041,儿童肉松,41,水,水1000g,,其他,1000g,,,cooking_liquid,NUTRITION_USAGE_CONTROLLED_COOKING_LIQUID,pending
1041-5,1041,儿童肉松,28,食用油,食用油20g,,调料,20g,1,将肉块晾凉后撕成细条，加入到主锅中，再加入食用油，设置：30秒/5档（反转）炒制，再设置：“肉松菜谱-智能程序”,cooking_fat,NUTRITION_USAGE_CONTROLLED_COOKING_FAT,pending
1042-6,1042,香菇滑鸡（台式）,41,水,水1汤匙,,其他,1汤匙,1;2;4,将干香菇洗净，用温水泡软，挤干水分，对半切开（小香菇可不用切）在淀粉中加入水拌匀，制成淀粉水;鸡腿洗净，切小块，加入B中的盐、糖、生抽，再加入淀粉水，用手抓拌鸡块数次，最后加入食用油拌匀;将盘子放在有孔蒸盘上，放入机器中间层，取出水箱加满水,cooking_liquid,NUTRITION_USAGE_CONTROLLED_COOKING_LIQUID,pending
1042-7,1042,香菇滑鸡（台式）,28,食用油,食用油1汤匙,,调料,1汤匙,2,鸡腿洗净，切小块，加入B中的盐、糖、生抽，再加入淀粉水，用手抓拌鸡块数次，最后加入食用油拌匀,cooking_fat,NUTRITION_USAGE_CONTROLLED_COOKING_FAT,pending
1044-2,1044,羊肉烤包子,41,水,温水57g,温,其他,57g,2,面粉中加入酵母和温水，验收揉成光滑面团（或用搅面机2档搅打2min，转4档搅打5min），静置15min醒发面团,cooking_liquid,NUTRITION_USAGE_CONTROLLED_COOKING_LIQUID,pending
1045-7,1045,清蒸巴沙鱼柳,356,油,油10克,,调料,10克,7,方太燃气灶中火5档倒油，油热盛出淋在已经蒸好的鱼上，烹饪完成，即可享用,cooking_fat,NUTRITION_USAGE_CONTROLLED_COOKING_FAT,pending
1049-3,1049,虾蓉夜开花,605,高汤,高汤10毫升,,其他,10毫升,,,cooking_liquid,NUTRITION_USAGE_CONTROLLED_COOKING_LIQUID,pending
1050-4,1050,蒸小米发糕,41,水,辅料：清水100毫升,,其他,100毫升,2;3;4;8,将红枣和枸杞放入水中泡10分钟;将小米淘洗干净放入水中泡8小时;将小米、清水放入料理机中打成糊状备用;放入方太智能烹饪设备，开启电源，取出水箱加满水，选择“开始烹饪”按键，按屏幕提示操作,cooking_liquid,NUTRITION_USAGE_CONTROLLED_COOKING_LIQUID,pending
1052-11,1052,台式卤肉饭,41,水,水400克,,其他,400克,2,加入20g金兰油膏、15g生抽、5g老抽、10g白糖、1小勺白胡椒粉、1小勺五香粉和400g水，盖上锅盖，设置：30分钟/1红烧,cooking_liquid,NUTRITION_USAGE_CONTROLLED_COOKING_LIQUID,pending
1054-10,1054,蒜蓉蒸海参斑,28,食用油,食用油45克,,调料,45克,6,将炒锅烧热，倒入食用油，烧至七成热（略微冒烟）时均匀淋在葱姜蒜上，趁热食用,cooking_fat,NUTRITION_USAGE_CONTROLLED_COOKING_FAT,pending
1054-13,1054,蒜蓉蒸海参斑,41,水,清水30克,,其他,30克,1;2;4,将海参斑去鳞、去鳃，开膛去内脏，洗净并沥干水分，背部开刀， 加入B中的姜片、葱段、盐、料酒抹匀，腌制10分钟;粉丝用水涨发好后，沥干，加入蒜蓉、生抽、盐、糖、味精、鸡精拌均匀;开启电源，取出水箱加满水，选择“开始烹饪”按键，按屏幕提示操作,cooking_liquid,NUTRITION_USAGE_CONTROLLED_COOKING_LIQUID,pending
1057-4,1057,低温减脂鸡胸,20,橄榄油,橄榄油10克,,调料,10克,2,取一小碗加入20g柠檬汁、5g醋、15g橄榄油、3小勺盐和3小勺黑胡椒粉，搅拌均匀可以调制成油醋汁,cooking_fat,NUTRITION_USAGE_CONTROLLED_COOKING_FAT,pending
1057-6,1057,低温减脂鸡胸,41,水,水1000克,,其他,1000克,1,锅中加入水和抽真空的鸡胸肉，盖上锅盖，设置：70分钟/65℃慢煮,cooking_liquid,NUTRITION_USAGE_CONTROLLED_COOKING_LIQUID,pending
1058-5,1058,刀切馒头（台式）,41,水,温水158克（水温约35~40℃）,温,其他,158克,2;3,将B中水倒入面粉中，先用筷子搅成面疙瘩，再用手揉成表面光滑的面团;刀切：将面团揉成长条，保持表面光洁，再用刀切成50~60g/个的剂子，剂子放在垫有硅油纸垫的有孔蒸盘上，剂子中间有一定的间隔，放入机器中间层，取出水箱加满水,cooking_liquid,NUTRITION_USAGE_CONTROLLED_COOKING_LIQUID,pending
1060-1,1060,酸辣土豆丝,28,食用油,A料：食用油20克,,调料,20克,1,主锅中加入食用油、干辣椒段、葱白段和蒜瓣，盖上锅盖，设置：1分钟/热炒/猛火,cooking_fat,NUTRITION_USAGE_CONTROLLED_COOKING_FAT,pending
1060-11,1060,酸辣土豆丝,28,食用油,主料：食用油20克,,调料,20克,,,cooking_fat,NUTRITION_USAGE_CONTROLLED_COOKING_FAT,pending
1062-4,1062,蒜茸迷迭香烤虾,20,橄榄油,橄榄油10mL,,调料,10mL,4,蒜末、迷迭香碎混合，加入剩下食盐、橄榄油混合搅拌均匀,cooking_fat,NUTRITION_USAGE_CONTROLLED_COOKING_FAT,pending
1065-3,1065,淮山炒藕,28,食用油,食用油30g,,调料,30g,1,加入食用油，盖上锅盖和量杯，设置：2分钟/140℃/1档（反转）煸炒,cooking_fat,NUTRITION_USAGE_CONTROLLED_COOKING_FAT,pending
1066-8,1066,花开富贵虾,356,油,油20克,,调料,20克,8,蒸熟后，撒上小米椒和香葱末，把油烧滚后淋上即可享用.,cooking_fat,NUTRITION_USAGE_CONTROLLED_COOKING_FAT,pending
1067-21,1067,日式串烧,41,水,清水30g,,其他,30g,,,cooking_liquid,NUTRITION_USAGE_CONTROLLED_COOKING_LIQUID,pending
1067-22,1067,日式串烧,28,食用油,食用油30g,,调料,30g,,,cooking_fat,NUTRITION_USAGE_CONTROLLED_COOKING_FAT,pending
1068-3,1068,蜜汁烤五花肉,20,橄榄油,橄榄油8毫升,,调料,8毫升,2,放入盐、黑胡椒碎、鸡粉、橄榄油、蜂蜜，拌匀，腌渍30分钟，至其入味，备用,cooking_fat,NUTRITION_USAGE_CONTROLLED_COOKING_FAT,pending
1068-7,1068,蜜汁烤五花肉,28,食用油,食用油5毫升,,调料,5毫升,3,烤盘中铺上锡纸，把烧烤架放在烤盘上，在烧烤架上刷适量食用油，将腌好的猪肉放在烧烤架上,cooking_fat,NUTRITION_USAGE_CONTROLLED_COOKING_FAT,pending
1069-8,1069,葱花花卷,28,食用油,食用油15毫升,,调料,15毫升,,,cooking_fat,NUTRITION_USAGE_CONTROLLED_COOKING_FAT,pending
1070-13,1070,鱼香小龙虾,41,水,水500g,,其他,500g,1;5,主锅中加入小龙虾、开水、葱段、姜片和15g料酒，盖上锅盖和量杯，设置：5分钟/140℃/1档（反转）焯水;主锅中插入搅拌棒并卡在刀组上，加入小龙虾、水、生抽和10g料酒，盖上锅盖和量杯，设置：15分钟/120℃/1档（反转）煸炒,cooking_liquid,NUTRITION_USAGE_CONTROLLED_COOKING_LIQUID,pending
1070-2,1070,鱼香小龙虾,41,水,开水800g,煮沸,其他,800g,1,主锅中加入小龙虾、开水、葱段、姜片和15g料酒，盖上锅盖和量杯，设置：5分钟/140℃/1档（反转）焯水,cooking_liquid,NUTRITION_USAGE_CONTROLLED_COOKING_LIQUID,pending
1070-6,1070,鱼香小龙虾,28,食用油,食用油20g,,调料,20g,3,主锅中加入食用油、豆瓣酱,cooking_fat,NUTRITION_USAGE_CONTROLLED_COOKING_FAT,pending
1071-9,1071,剁椒蒸鱿鱼,41,水,水600g,,其他,600g,1,主锅中加入水，盖上锅盖，放上复式蒸锅，设置：25分钟/140℃/1档蒸制,cooking_liquid,NUTRITION_USAGE_CONTROLLED_COOKING_LIQUID,pending
1072-16,1072,蛤蜊蒸蛋,41,水,水1200克,,其他,1200克,1;3;4,主锅中加入姜片、400g水和料酒，洗净蛤蜊放入滤网篮后再放入主锅中，盖上锅盖和量杯，设置：7分钟/140℃/1档蒸制;鸡蛋打入碗中，加盐和200g水混匀后倒入浅盘中，再摆入焯水后的蛤蜊，放入蒸盘上，盖上蒸盖;主锅中加入600g水，盖上锅盖并放上复式蒸锅，设置：16分钟/120℃/1档蒸制,cooking_liquid,NUTRITION_USAGE_CONTROLLED_COOKING_LIQUID,pending
1074-3,1074,芦笋炒蘑菇,28,食用油,食用油20g,,调料,20g,2,主锅中加入食用油、姜片和蒜末，盖上锅盖和量杯，设置：2分钟/140℃/1档（反转）煸炒,cooking_fat,NUTRITION_USAGE_CONTROLLED_COOKING_FAT,pending
1076-6,1076,蜜汁火方,1079,鸡汤,鸡汤100毫升,,肉禽,100毫升,5,将冰糖及莲子一同放入碗中，倒入鸡汤,cooking_liquid,NUTRITION_USAGE_CONTROLLED_COOKING_LIQUID,pending
1077-6,1077,鱿鱼空心菜,28,食用油,食用油10g,,调料,10g,2,主锅中加入腌好的鱿鱼须、蒜末、姜末和食用油，盖上锅盖和量杯，设置：3分钟/140°/1档（反转）煸炒,cooking_fat,NUTRITION_USAGE_CONTROLLED_COOKING_FAT,pending
1078-8,1078,清蒸鲤鱼,155,色拉油,色拉油2勺,,调料,2勺,,,cooking_fat,NUTRITION_USAGE_CONTROLLED_COOKING_FAT,pending
1079-5,1079,百合蒸肉,356,油,油10毫升,,调料,10毫升,6,油、糖、酱油、蚝油混合均匀后倒入锅中一起煮至浓稠的料汁，然后浇在蒸好的百合丸子上即可,cooking_fat,NUTRITION_USAGE_CONTROLLED_COOKING_FAT,pending
1082-8,1082,梅酱蒸梭子蟹,28,食用油,食用油10克,,调料,10克,2,取一小碗加入苏梅酱、豆豉、柠檬汁、红椒丝、姜丝、蒜末和食用油，混匀后淋在梭子蟹上，再放至复式蒸锅备用,cooking_fat,NUTRITION_USAGE_CONTROLLED_COOKING_FAT,pending
1082-9,1082,梅酱蒸梭子蟹,41,水,水500克,,其他,500克,3,主锅中加入水，盖上锅盖，放上复式蒸锅，设置：23分钟/140℃/1档蒸煮,cooking_liquid,NUTRITION_USAGE_CONTROLLED_COOKING_LIQUID,pending
1085-1,1085,南瓜奶油浓汤,20,橄榄油,主料：橄榄油10g,,调料,10g,2,主锅中加入橄榄油和洋葱，盖上锅盖和量杯，设置：2分钟/140℃/2档（反转）煸炒,cooking_fat,NUTRITION_USAGE_CONTROLLED_COOKING_FAT,pending
1085-9,1085,南瓜奶油浓汤,41,水,水150g,,其他,150g,4,加入纯牛奶、黄油、淡奶油和水，盖上锅盖和量杯，设置：15分钟/120℃/2档焖煮,cooking_liquid,NUTRITION_USAGE_CONTROLLED_COOKING_LIQUID,pending
1087-7,1087,鸡翅包饭,28,食用油,食用油10毫升,,调料,10毫升,,,cooking_fat,NUTRITION_USAGE_CONTROLLED_COOKING_FAT,pending
1090-4,1090,白果腐竹煲猪肚,41,水,水2000g,,其他,2000g,1;3,主锅中加入猪肚、20g姜片、料酒和800g水，盖上锅盖和量杯，设置：10分钟/140℃/1档（反转）焯水;主锅中加入焯好的猪肚条、10g姜片、白胡椒碎和1200g水，盖上锅盖和量杯，设置：8分钟/140℃/1档（反转）烧开,cooking_liquid,NUTRITION_USAGE_CONTROLLED_COOKING_LIQUID,pending
1091-6,1091,香烤小龙虾,356,油,油20毫升,,调料,20毫升,5;7,处理好的虾中倒入油10毫升、酱油、盐、生姜片拌匀，腌制20分钟;打开方太燃气灶，小火 热油10毫升，倒入蒜末煸香,cooking_fat,NUTRITION_USAGE_CONTROLLED_COOKING_FAT,pending
1092-5,1092,蜜豆卷馒头,41,水,水70毫升,,其他,70毫升,2;10,150克面粉，1.5克酵母粉用70克温水，10克糖化开静止2分钟，倒入面粉中揉成光滑面团发酵2倍大;放入方太智能烹饪设备第2层，开启电源，取出水箱加满水，选择“开始烹饪”按键，按屏幕提示操作,cooking_liquid,NUTRITION_USAGE_CONTROLLED_COOKING_LIQUID,pending
1094-14,1094,红烧肉,41,水,水150克,,其他,150克,1,加入焯好的五花肉块、八角、15g姜片、冰糖、生抽、老抽、白醋、20g料酒和270g水，盖上锅盖和量杯，设置：30分钟/120℃/ 1档（反转）烧煮,cooking_liquid,NUTRITION_USAGE_CONTROLLED_COOKING_LIQUID,pending
1094-18,1094,红烧肉,41,水,水870克,,其他,870克,,,cooking_liquid,NUTRITION_USAGE_CONTROLLED_COOKING_LIQUID,pending
1095-4,1095,凉拌鸡爪,41,水,水850g,,其他,850g,2;3;5,主锅中加入鸡爪、姜片、料酒和800g水，盖上锅盖和量杯，设置：18分钟/110℃/1档（反转）烧煮;结束后，捞出鸡爪泡冰水备用并清洗主锅;加入盐、生抽、香醋、蚝油、香油和50g水，盖上锅盖和量杯，设置：1分钟/140℃/1档（反转）烧煮,cooking_liquid,NUTRITION_USAGE_CONTROLLED_COOKING_LIQUID,pending
1095-5,1095,凉拌鸡爪,28,食用油,食用油15g,,调料,15g,4,主锅中加入食用油、蒜末、葱花、姜丝和小米椒，盖上锅盖和量杯，设置：1分钟/140℃/1档（反转）爆香,cooking_fat,NUTRITION_USAGE_CONTROLLED_COOKING_FAT,pending
1096-5,1096,粤式蒸鱼,155,色拉油,色拉油少许,,调料,,,,cooking_fat,NUTRITION_USAGE_CONTROLLED_COOKING_FAT,pending
1097-2,1097,叉烧蒸蛋,41,水,水700g,,其他,700g,1;2,主锅中加入鸡蛋、200g水和盐，盖上锅盖和量杯，设置：30秒/4档混合，结束后将蛋液倒入碗中，加入叉烧肉片，盖上保鲜膜，放入复式蒸锅备用;主锅中加入500g水，盖上锅盖，放上复式蒸锅，设置：17分钟/140℃/2档蒸煮,cooking_liquid,NUTRITION_USAGE_CONTROLLED_COOKING_LIQUID,pending
1099-4,1099,香橙蒸蛋黄,41,水,温水15毫升,温,其他,15毫升,3;4,蛋黄打散后加1.5倍橙汁0.5倍温水，打匀倒入橙皮;放入方太智能烹饪设备，开启电源，取出水箱加满水，选择“开始烹饪”按键，按屏幕提示操作,cooking_liquid,NUTRITION_USAGE_CONTROLLED_COOKING_LIQUID,pending
1102-7,1102,低卡咖喱鸡,41,水,水600g,,其他,600g,2,主锅中加入土豆丁、胡萝卜丁和水，盖上锅盖和量杯，设置：7分钟/140℃/1档（反转）焯水,cooking_liquid,NUTRITION_USAGE_CONTROLLED_COOKING_LIQUID,pending
1102-8,1102,低卡咖喱鸡,28,食用油,食用油10g,,调料,10g,4,主锅中插入搅拌棒并卡在刀组上，加入食用油、蒜末和洋葱丁，盖上锅盖和量杯，设置：3分钟/140℃ /1档（反转）煸炒,cooking_fat,NUTRITION_USAGE_CONTROLLED_COOKING_FAT,pending
1103-4,1103,培根披萨,41,水,水80毫升,,其他,80毫升,1;4,将酵母倒入清水中，加入细砂糖;加入鸡蛋、酵母糖水,cooking_liquid,NUTRITION_USAGE_CONTROLLED_COOKING_LIQUID,pending
1105-6,1105,蒸青口贝,41,水,水500g,,其他,500g,3,主锅中加入水，盖上锅盖，放上复式蒸锅，设置：15分钟/140℃/1档蒸制,cooking_liquid,NUTRITION_USAGE_CONTROLLED_COOKING_LIQUID,pending
1106-11,1106,白露|菌香肉酱蒸百合,356,油,油10毫升,,调料,10毫升,3;10,热锅倒油，放入肉糜炒至干香;烹饪完成，取出烤盘，撒上葱花 ，淋上热油即可享有,cooking_fat,NUTRITION_USAGE_CONTROLLED_COOKING_FAT,pending
1106-7,1106,白露|菌香肉酱蒸百合,41,水,水50毫升,,其他,50毫升,6,加入水煮两分钟，倒出备用,cooking_liquid,NUTRITION_USAGE_CONTROLLED_COOKING_LIQUID,pending
1107-4,1107,迷你香蕉一口酥,28,食用油,食用油10毫升,,调料,10毫升,6,烤盘上刷上食用油，放入香蕉酥坯，在香蕉酥坯表面刷上食用油、蜂蜜,cooking_fat,NUTRITION_USAGE_CONTROLLED_COOKING_FAT,pending
1109-4,1109,南瓜二米粥,41,水,水800克,,其他,800克,3,将南瓜丁、大米、小米和水，放入砂锅中,cooking_liquid,NUTRITION_USAGE_CONTROLLED_COOKING_LIQUID,pending
1110-10,1110,梅子酱焖肉,41,水,开水250g,煮沸,其他,250g,1;2;3,将五花肉洗净切成2cm见方的肉块放入锅中，加冷水浸没，将A中葱、姜、料酒加入其中，大火至沸腾后继续焯水2分钟，捞出清水冲洗干净并沥干水分备用;取B、C中原料与焯过水的五花肉一起放入微波专用容器中，盖上盖子，放在玻璃蒸盘上，放入中间层;开启电源，取出水箱加满水，选择烹饪属性，按确认键，开始烹饪,cooking_liquid,NUTRITION_USAGE_CONTROLLED_COOKING_LIQUID,pending
1111-2,1111,白菜猪肉饺子,41,水,水810g,,其他,810g,1;5,主锅中加面粉和水210g，盖上锅盖和量杯，设置：3分钟/4档（反转）揉面;（主锅中）加入600g水，盖上锅盖，放上复式蒸锅，设置：30分钟/110℃/1档（反转）蒸制，烹饪结束，取出白菜猪肉饺子即可享用,cooking_liquid,NUTRITION_USAGE_CONTROLLED_COOKING_LIQUID,pending
1111-4,1111,白菜猪肉饺子,28,食用油,食用油25g,,调料,25g,3,（主锅中）加入食用油、盐、生抽、花椒粉、猪肉糜和白菜碎，盖上锅盖和量杯，设置：3分钟/4档搅打，结束后，用刮刀将白菜猪肉馅料取出并洗净主锅,cooking_fat,NUTRITION_USAGE_CONTROLLED_COOKING_FAT,pending
1112-8,1112,红油鸡丝蒸嫩豆腐,356,油,油适量,,调料,,6;10,锅里热一点油，油烧的很热倒入碗里，把辣椒粉倒入热油里，听见滋滋的声音;撒上蒜泥，淋上红辣椒油,cooking_fat,NUTRITION_USAGE_CONTROLLED_COOKING_FAT,pending
1113-5,1113,白切鸡,41,水,水1000克,,其他,1000克,1;2,主锅中加入处理好的整鸡、料酒和水，盖上锅盖和量杯，设置：25分钟/120℃/1档（反转）焖煮;烹饪结束，出锅放入冰水中浸泡冷却，切块后蘸酱料即可食用,cooking_liquid,NUTRITION_USAGE_CONTROLLED_COOKING_LIQUID,pending
1114-14,1114,水煮肉片,41,水,水600g,,其他,600g,3,加入水、生抽、3g老抽和3小勺白糖，盖上锅盖和量杯，设置：6分钟/140℃/1档（反转）烧煮,cooking_liquid,NUTRITION_USAGE_CONTROLLED_COOKING_LIQUID,pending
1114-7,1114,水煮肉片,28,食用油,食用油80g,,调料,80g,1;2;5,主锅中加入10g食用油、水发黑木耳和豆芽，盖上锅盖，不要放量杯，设置：3分钟/140℃/1档（反转）煸炒，结束后取出放入汤碗中打底备用;主锅中加入20g食用油、郫县豆瓣酱、剁椒、火锅底料、干辣椒段和青花椒，盖上锅盖和量杯，设置：2分钟/140℃/1档（反转）爆香;主锅中加入50g食用油、蒜泥和熟白芝麻，盖上锅盖，不要放量杯，设置：2分钟/120℃/1档（反转）煸炒,cooking_fat,NUTRITION_USAGE_CONTROLLED_COOKING_FAT,pending
1115-14,1115,手到财来—孜然烤猪蹄,28,食用油,食用油10克,,调料,10克,,,cooking_fat,NUTRITION_USAGE_CONTROLLED_COOKING_FAT,pending
1116-3,1116,无糖牛奶蒸蛋,41,水,水500g,,其他,500g,3,主锅加入水，盖上锅盖，放上复式蒸锅，设置：18分钟/140℃/2档蒸制,cooking_liquid,NUTRITION_USAGE_CONTROLLED_COOKING_LIQUID,pending
1119-1,1119,番茄玉米汤,28,食用油,主料：食用油10g,,调料,10g,1,主锅中加入食用油、玉米块和番茄丁，盖上锅盖和量杯，设置：3分钟/140℃/1档（反转）煸炒,cooking_fat,NUTRITION_USAGE_CONTROLLED_COOKING_FAT,pending
1119-4,1119,番茄玉米汤,41,水,水800g,,其他,800g,2,加入水和盐，盖上锅盖和量杯，设置：10分钟/98℃/1档（反转）炖煮,cooking_liquid,NUTRITION_USAGE_CONTROLLED_COOKING_LIQUID,pending
1120-6,1120,烤全鸡,41,水,水500克,,其他,500克,1;2,童子鸡洗净后，擦干水份备用;取1大碗，放入童子鸡，加入小葱段、姜片、花椒、盐和水，浸泡腌制2小时,cooking_liquid,NUTRITION_USAGE_CONTROLLED_COOKING_LIQUID,pending
1122-1,1122,冬瓜烧大虾,28,食用油,主料：食用油15g,,调料,15g,3,主锅中加入食用油和虾头，盖上锅盖，不要放量杯，设置：3分钟/140℃/1档（反转）热油,cooking_fat,NUTRITION_USAGE_CONTROLLED_COOKING_FAT,pending
1122-4,1122,冬瓜烧大虾,41,水,水150g,,其他,150g,4,加入冬瓜、虾仁、水、盐和白胡椒粉，盖上锅盖和量杯，设置：10分钟/140℃/1档(反转)烧煮,cooking_liquid,NUTRITION_USAGE_CONTROLLED_COOKING_LIQUID,pending
1123-4,1123,红烧虾,28,食用油,食用油10g,,调料,10g,3,主锅中加入食用油、葱段和姜丝，盖上锅盖和量杯，设置：2分钟/140℃/1档（反转）爆香,cooking_fat,NUTRITION_USAGE_CONTROLLED_COOKING_FAT,pending
1124-1,1124,匈牙利炖和牛腹,20,橄榄油,A料：橄榄油20克,,调料,20克,1,主锅中加入橄榄油、牛肉块、洋葱、大蒜片、红甜椒粉和番茄膏，盖上锅盖，设置：3分钟/大火/热炒,cooking_fat,NUTRITION_USAGE_CONTROLLED_COOKING_FAT,pending
1127-5,1127,绵软广式馒头,41,水,水135克,,其他,135克,2;9,酵母用水化开，静置五分钟后和其它材料（低筋面粉留出50克）全部混合在一起，揉成一个略粗糙的面团;放入方太智能烹饪设备，开启电源，取出水箱加满水，选择“开始烹饪”按键，按屏幕提示操作,cooking_liquid,NUTRITION_USAGE_CONTROLLED_COOKING_LIQUID,pending
1128-3,1128,芒果椰香糯米饭,41,水,B料：水50克,,其他,50克,3;5,将浸泡好的糯米捞起沥干水分，加入水50g、椰浆150g、糖20g，混合后倒入无孔蒸盘/玻璃蒸盘/蒸烤盘;开启电源，取出水箱加满水，选择烹饪属性，按确认键，开始烹饪,cooking_liquid,NUTRITION_USAGE_CONTROLLED_COOKING_LIQUID,pending
1130-7,1130,培根虾卷,28,食用油,食用油10毫升,,调料,10毫升,,,cooking_fat,NUTRITION_USAGE_CONTROLLED_COOKING_FAT,pending
1133-10,1133,沙县蒸饺,41,水,水600g,,其他,600g,2;6,结束后，取出包菜碎加入盐腌制5分钟后挤干水分备用，并洗净主锅;主锅中加入600g水，盖上锅盖，放上复式蒸锅，设置：20分钟/110℃/1档蒸制,cooking_liquid,NUTRITION_USAGE_CONTROLLED_COOKING_LIQUID,pending
1140-2,1140,豆干回锅肉,41,水,水800g,,其他,800g,1;3,主锅中加入五花肉块和水，盖上锅盖和量杯，设置：10分钟/140℃/1档（反转）焯水;主锅中插入搅拌棒并卡在刀组上，加入食用油、郫县豆瓣酱、花椒、盐和焯水后的五花肉片，盖上锅盖和量杯，设置：5分钟/140℃/1档（反转）煸炒,cooking_liquid,NUTRITION_USAGE_CONTROLLED_COOKING_LIQUID,pending
1140-3,1140,豆干回锅肉,28,食用油,食用油15g,,调料,15g,3,主锅中插入搅拌棒并卡在刀组上，加入食用油、郫县豆瓣酱、花椒、盐和焯水后的五花肉片，盖上锅盖和量杯，设置：5分钟/140℃/1档（反转）煸炒,cooking_fat,NUTRITION_USAGE_CONTROLLED_COOKING_FAT,pending
1142-9,1142,花开牡丹虾,1183,植物油,植物油5毫升,,调料,5毫升,8,方太电磁灶开至5段中火，锅预热倒入适量植物油，放入葱姜蒜煸炒出香味后，舀入剁椒酱翻炒均匀再倒入酱油翻炒均匀至沸腾,cooking_fat,NUTRITION_USAGE_CONTROLLED_COOKING_FAT,pending
1143-4,1143,鲍汁海鲜菇,41,水,水600g,,其他,600g,3;4;7,取一小碗加入淀粉和50g水，混匀为淀粉水备用;主锅中加入500g水，盖上锅盖，放上复式蒸锅，设置：20分钟/140℃/1档蒸制;加入淀粉水，盖上锅盖和量杯，设置：1分钟/140℃/1档熬制,cooking_liquid,NUTRITION_USAGE_CONTROLLED_COOKING_LIQUID,pending
1143-5,1143,鲍汁海鲜菇,28,食用油,食用油20g,,调料,20g,6,主锅中加入食用油、蒜末、鲍鱼汁、生抽和盐，盖上锅盖和量杯，设置：2分钟/140℃/1档（反转）爆香,cooking_fat,NUTRITION_USAGE_CONTROLLED_COOKING_FAT,pending
1144-12,1144,花甲粉丝煲,41,水,水100g,,其他,100g,1;4;5;7,将龙口粉丝用开水浸泡15分钟，捞出沥干水分备用;炒制酱料：在炒锅中加入食用油3汤匙，放入蒜末炒香，加入生抽1汤匙、美极鲜1汤匙、蒸鱼豉油1汤匙、耗油1汤匙、水110g、辣椒面1茶匙、小米辣，煮沸后再加入糖1/2茶匙、盐1/2茶匙、鸡精1/2茶匙，盛出备用;在锅中加适量水，水沸腾后倒入花甲，待花甲开口后捞出;再摆入焯水后的花甲，将剩余酱料均匀浇在花甲上，在碗口盖上一层锡箔纸，放入烤盘中,cooking_liquid,NUTRITION_USAGE_CONTROLLED_COOKING_LIQUID,pending
1144-4,1144,花甲粉丝煲,28,食用油,B料：食用油3汤匙,,调料,3汤匙,4,炒制酱料：在炒锅中加入食用油3汤匙，放入蒜末炒香，加入生抽1汤匙、美极鲜1汤匙、蒸鱼豉油1汤匙、耗油1汤匙、水110g、辣椒面1茶匙、小米辣，煮沸后再加入糖1/2茶匙、盐1/2茶匙、鸡精1/2茶匙，盛出备用,cooking_fat,NUTRITION_USAGE_CONTROLLED_COOKING_FAT,pending
1146-11,1146,肉末粉丝包,41,水,水755g,,其他,755g,3;7,主锅洗净，加入15g白砂糖、酵母和155g水，盖上锅盖和量杯，设置：3分钟/37℃/2档混合;主锅中加入600g水，盖上锅盖，放上复式蒸锅，设置：30分钟/140℃/2档蒸制,cooking_liquid,NUTRITION_USAGE_CONTROLLED_COOKING_LIQUID,pending
1147-4,1147,红枣枸杞桂圆茶,41,水,水1200g,,其他,1200g,1,主锅中加入红枣、枸杞、桂圆干和水，盖上锅盖和量杯，设置：20分钟/100℃/1档（反转）熬煮,cooking_liquid,NUTRITION_USAGE_CONTROLLED_COOKING_LIQUID,pending
1149-1,1149,红焖大虾,28,食用油,主料：食用油25g,,调料,25g,1,主锅中加入食用油、番茄酱、小葱段和姜片，盖上锅盖，不要放量杯，设置：3分钟/140℃/1档（反转）煸炒,cooking_fat,NUTRITION_USAGE_CONTROLLED_COOKING_FAT,pending
1149-6,1149,红焖大虾,41,水,水100g,,其他,100g,3,加入水、盐和白糖，盖上锅盖，不要放量杯，设置：8分钟/140℃/1档（反转）烧煮,cooking_liquid,NUTRITION_USAGE_CONTROLLED_COOKING_LIQUID,pending
1152-1,1152,法式番茄浓汤,20,橄榄油,主料：橄榄油20克,,调料,20克,1,主锅加入橄榄油、洋葱片，盖上锅盖和量杯，设置：3分钟/140℃/1档反转煸炒,cooking_fat,NUTRITION_USAGE_CONTROLLED_COOKING_FAT,pending
1152-7,1152,法式番茄浓汤,41,水,水350克,,其他,350克,3,主锅加入土豆、盐和水，盖上锅盖和量杯，设置：20分钟/98℃/1档反转焖煮,cooking_liquid,NUTRITION_USAGE_CONTROLLED_COOKING_LIQUID,pending
1153-4,1153,经典扬州烧麦,41,水,水100克,,其他,100克,8,水倒入面粉中搅拌，到面光滑,cooking_liquid,NUTRITION_USAGE_CONTROLLED_COOKING_LIQUID,pending
1153-5,1153,经典扬州烧麦,208,猪油,熟猪油80克,熟,肉禽,80克,5;7,猪油渣子切碎;葱切碎倒入糯米，猪油渣炒熟倒入糯米，最后再把油烧热淋在上面，并搅拌，备用,cooking_fat,NUTRITION_USAGE_CONTROLLED_COOKING_FAT,pending
1154-2,1154,红柚茉莉果茶,41,水,冰水240g,冰,其他,240g,,,cooking_liquid,NUTRITION_USAGE_CONTROLLED_COOKING_LIQUID,pending
1155-1,1155,酸辣藕带,28,食用油,主料：食用油15g,,调料,15g,1,主锅中加入食用油、姜末、蒜末和小米辣，盖上锅盖，不要放量杯，设置：2分钟/140℃/1档（反转）爆香,cooking_fat,NUTRITION_USAGE_CONTROLLED_COOKING_FAT,pending
1157-8,1157,巧克力马卡龙,41,水,水30毫升,,其他,30毫升,1;2,将锅置于电磁炉上，倒入细砂糖、水;拌匀，煮至细砂糖完全溶化，用温度计测水温为118℃后关掉,cooking_liquid,NUTRITION_USAGE_CONTROLLED_COOKING_LIQUID,pending
1158-9,1158,粉蒸排骨,41,水,清水40克,,其他,40克,1;3;5,将肋排剁成2~3cm见方的小块，清水冲洗干净，沥干水分，放入深盘中;在腌制好的肋排中加入原料C中的蒸肉粉和清水，拌匀待用;开启电源，取出水箱加满水，选择“开始烹饪”按键，按屏幕提示操作，开始烹饪,cooking_liquid,NUTRITION_USAGE_CONTROLLED_COOKING_LIQUID,pending
1160-2,1160,蔓越莓法棍,41,水,水130克,,其他,130克,1;11,揉面：在搅拌盆中依次称入水（水温= 56℃-（面粉温度+室温））、盐、酵母、T65面粉，低速搅拌6-8分钟，再高速搅拌约4-6分钟，此时面团光滑，具有一定延展性，加入40g蔓越莓干低速搅拌使其混合即可;发酵结束前10分钟，开启电源，取出水箱加满水，选择“开始烹饪”按键，按屏幕提示操作,cooking_liquid,NUTRITION_USAGE_CONTROLLED_COOKING_LIQUID,pending
1161-4,1161,柠檬鸡翅,28,食用油,食用油10g,,调料,10g,2,主锅中插入搅拌棒并卡在刀组上，加入腌好的鸡翅、柠檬片、食用油、姜片、盐、生抽、老抽、水和白糖，盖上锅盖和量杯，设置：20分钟/110℃/1档（反转）炖煮,cooking_fat,NUTRITION_USAGE_CONTROLLED_COOKING_FAT,pending
1161-9,1161,柠檬鸡翅,41,水,水20g,,其他,20g,2,主锅中插入搅拌棒并卡在刀组上，加入腌好的鸡翅、柠檬片、食用油、姜片、盐、生抽、老抽、水和白糖，盖上锅盖和量杯，设置：20分钟/110℃/1档（反转）炖煮,cooking_liquid,NUTRITION_USAGE_CONTROLLED_COOKING_LIQUID,pending
1162-7,1162,苹果雪梨猪腱汤,41,水,清水100克,,其他,100克,1;2,将猪腱子肉切大粒，苹果切片，雪梨切片，焯水洗净备用;将所有食材放入碗中，加入清水，盖上保鲜膜,cooking_liquid,NUTRITION_USAGE_CONTROLLED_COOKING_LIQUID,pending
1163-4,1163,紫薯糊,41,水,水600g,,其他,600g,2,主锅中加入紫薯、大米、糯米和水，盖上量杯和锅盖，设置：30分钟/98℃/2档（反转）熬煮,cooking_liquid,NUTRITION_USAGE_CONTROLLED_COOKING_LIQUID,pending
1164-11,1164,香烤豆腐,155,色拉油,色拉油50克,,调料,50克,2,在烤盘/蒸烤盘中铺锡纸，倒入色拉油50g，并涂刷均匀,cooking_fat,NUTRITION_USAGE_CONTROLLED_COOKING_FAT,pending
1164-3,1164,香烤豆腐,155,色拉油,色拉油30克,,调料,30克,,,cooking_fat,NUTRITION_USAGE_CONTROLLED_COOKING_FAT,pending
1165-1,1165,腊肉有机花菜,28,食用油,主料：食用油15g,,调料,15g,1,主锅中加入食用油、姜丝、小葱段、蒜片和腊肉，盖上锅盖和量杯，设置：3分钟/140℃/1档（反转）煸炒,cooking_fat,NUTRITION_USAGE_CONTROLLED_COOKING_FAT,pending
1166-2,1166,清炒西兰花,28,食用油,食用油20克,,调料,20克,1,主锅中加入食用油和蒜蓉，盖上锅盖，设置：1分钟/大火/热炒,cooking_fat,NUTRITION_USAGE_CONTROLLED_COOKING_FAT,pending
1166-5,1166,清炒西兰花,41,水,水30克,,其他,30克,2,加入西兰花、盐、蚝油和水，盖上锅盖，设置：3分钟/猛火/热炒,cooking_liquid,NUTRITION_USAGE_CONTROLLED_COOKING_LIQUID,pending
1167-6,1167,五谷浆,41,水,水900g,,其他,900g,2,锅中加入五谷原料和900g水，盖上锅盖和量杯，设置：30分钟／98℃／2档（反转）煮制,cooking_liquid,NUTRITION_USAGE_CONTROLLED_COOKING_LIQUID,pending
1168-10,1168,水晶萝卜狮子头,1079,鸡汤,鸡汤1000克,,肉禽,1000克,5,再把酿好的萝卜狮子头放入大碗中，加入鸡汤，放在蒸烤架上,cooking_liquid,NUTRITION_USAGE_CONTROLLED_COOKING_LIQUID,pending
1169-10,1169,鱼干蒸粉藕,28,食用油,食用油5毫升,,调料,5毫升,3,肉丝装入碗中，加入少许盐、料酒、水淀粉，搅拌片刻，注入少许食用油，腌制片刻,cooking_fat,NUTRITION_USAGE_CONTROLLED_COOKING_FAT,pending
1170-9,1170,孜然烤羊肉,28,食用油,食用油10g,,调料,10g,,,cooking_fat,NUTRITION_USAGE_CONTROLLED_COOKING_FAT,pending
1171-6,1171,荠菜鲜肉青团,41,水,开水150克,煮沸,其他,150克,1;3,将澄面倒入碗中，加入开水将澄面烫熟，用筷子搅拌均匀;荠菜放入锅中焯水后捞出，将烫好的荠菜切碎,cooking_liquid,NUTRITION_USAGE_CONTROLLED_COOKING_LIQUID,pending
1172-2,1172,青蒜慈菇炒香干,41,水,水310g,,其他,310g,1;2;4,主锅中加入慈菇片和300g水，盖上锅盖和量杯，设置：3分钟/140℃/1档（反转）熬煮;烹饪结束，捞出沥干水分，洗净主锅;烹饪结束，加入青蒜段、香干条、慈菇片、盐、老抽和10g水，盖上锅盖和量杯，设置：3分钟/140℃/1档（反转）煸炒,cooking_liquid,NUTRITION_USAGE_CONTROLLED_COOKING_LIQUID,pending
1172-3,1172,青蒜慈菇炒香干,28,食用油,食用油25g,,调料,25g,3,主锅中加入食用油，盖上锅盖和量杯，设置：1分钟/140℃/1档热油,cooking_fat,NUTRITION_USAGE_CONTROLLED_COOKING_FAT,pending
1173-5,1173,姜枣桂圆茶,41,水,水1500g,,其他,1500g,1,主锅中加入姜片、红枣、桂圆、红糖和水，盖上锅盖和量杯，设置：20分钟/100℃/1档（反转）烧煮,cooking_liquid,NUTRITION_USAGE_CONTROLLED_COOKING_LIQUID,pending
1174-2,1174,红烧佛手,28,食用油,食用油20g,,调料,20g,1,主锅中插入搅拌棒并卡在刀组上，加入佛手瓜块、食用油、生抽、老抽、白糖和盐，盖上锅盖和量杯，设置：8分钟/140℃/1档（反转）煸炒,cooking_fat,NUTRITION_USAGE_CONTROLLED_COOKING_FAT,pending
1178-4,1178,韩式香烤五花肉,28,食用油,食用油10毫升,,调料,10毫升,1;2,五花肉片倒入碗中，加入蒜片、食用油，拌匀，腌渍片刻;烤盘上铺上一层锡纸，刷上食用油，放上五花肉片，放入烤箱中,cooking_fat,NUTRITION_USAGE_CONTROLLED_COOKING_FAT,pending
1182-1,1182,新加坡叻沙面,28,食用油,主料：食用油20g,,调料,20g,1,主锅中插入搅拌棒并卡在刀组上，加入食用油、姜丝和叻沙酱，盖上锅盖和量杯，设置：3分钟/140℃/1档（反转）煸炒,cooking_fat,NUTRITION_USAGE_CONTROLLED_COOKING_FAT,pending
1182-4,1182,新加坡叻沙面,605,高汤,高汤800g,,其他,800g,2,加入高汤、油豆泡、基围虾和鱼饼，盖上锅盖和量杯，设置：7分钟/140℃/2档（反转）慢煮,cooking_liquid,NUTRITION_USAGE_CONTROLLED_COOKING_LIQUID,pending
1183-10,1183,豆腐蒸蛋,356,油,油2克,,调料,2克,2,猪肉末中加入姜末、蚝油、料酒、食用油、生抽（5克）腌制十分钟,cooking_fat,NUTRITION_USAGE_CONTROLLED_COOKING_FAT,pending
1184-4,1184,藕粉蜜豆糕,41,水,辅料：清水130克,,其他,130克,2;3;6;8,白砂糖中倒入20克开水，将其融化;藕粉加入清水搅拌均匀;并倒入糖水;放入方太智能烹饪设备第2层，开启电源，取出水箱加满水，选择“开始烹饪”按键，按屏幕提示操作,cooking_liquid,NUTRITION_USAGE_CONTROLLED_COOKING_LIQUID,pending
1184-5,1184,藕粉蜜豆糕,28,食用油,食用油10克,,调料,10克,,,cooking_fat,NUTRITION_USAGE_CONTROLLED_COOKING_FAT,pending
1187-4,1187,菠萝排骨,41,水,水720g,,其他,720g,1,加入焯好的排骨、冰糖、米醋、红烧汁、20g料酒和120g水，盖上锅盖和量杯，设置：20分钟/105℃/ 1档（反转）烧煮,cooking_liquid,NUTRITION_USAGE_CONTROLLED_COOKING_LIQUID,pending
1188-9,1188,韩式部队火锅,1079,鸡汤,鸡汤500g,,肉禽,500g,1,主锅中加入娃娃菜、平菇、鱼丸、牛肉丸、火腿片、魔芋丝、韩国泡菜、韩国辣酱、鸡汤，盖上锅盖和量杯，设置：10分钟/98℃/1档（反转）慢煮,cooking_liquid,NUTRITION_USAGE_CONTROLLED_COOKING_LIQUID,pending
1189-4,1189,榴莲冰粽,41,水,辅料：水200毫升,,其他,200毫升,2;4;5;6;8;10;12;13,取无水无油的碗，加入奶油奶酪和白糖，用电动打蛋器低速档搅打至顺滑;另取1碗，加入冰粽水晶粉和100ml水，搅拌均匀备用;取1锅，打开方太灶蒸烤烹饪机小火档加热，加入100ml水和麦芽糖，煮至微微冒泡即可离火;将煮好的糖水倒入混合好的冰粽水晶粉中，搅拌均匀;开启电源，取出水箱加满水，将蒸烤盘/蒸烤架放入中间层，选择【开始烹饪】按键，按屏幕提示操作即可;将水晶面团分为12等份;将水晶皮收口，稍微搓成呈椭圆形的圆球备用;2张粽叶，刷上1层食用油，叠在一起折成1个漏斗，将水晶面团放入漏斗内,cooking_liquid,NUTRITION_USAGE_CONTROLLED_COOKING_LIQUID,pending
1189-8,1189,榴莲冰粽,28,食用油,食用油10毫升,,调料,10毫升,13,2张粽叶，刷上1层食用油，叠在一起折成1个漏斗，将水晶面团放入漏斗内,cooking_fat,NUTRITION_USAGE_CONTROLLED_COOKING_FAT,pending
1190-6,1190,辣白菜焗饭,356,油,油10克,,调料,10克,3,燃气灶开大火（7档），锅中热油，依次放入胡萝卜丝、黄豆芽，炒软,cooking_fat,NUTRITION_USAGE_CONTROLLED_COOKING_FAT,pending
1191-17,1191,波特干葱炖小羊腿,41,水,水1200克,,其他,1200克,2,加入煎好的羊腿肉、红酒、干辣椒、孜然粒、迷迭香、杜松子、黑胡椒粒、香叶、生抽、老抽、盐和水，盖上锅盖，设置：2小时/烧煮/中火,cooking_liquid,NUTRITION_USAGE_CONTROLLED_COOKING_LIQUID,pending
1191-2,1191,波特干葱炖小羊腿,28,食用油,食用油20克,,调料,20克,1,主锅中加入食用油、干葱、京葱和大蒜，盖上锅盖，设置：3分钟/热炒/大火,cooking_fat,NUTRITION_USAGE_CONTROLLED_COOKING_FAT,pending
1192-5,1192,叠烤蔬菜,20,橄榄油,辅料：橄榄油30克,,调料,30克,5,在准备好的蔬菜上面撒上食盐 黑胡椒 欧芹碎 浇上一圈橄榄油,cooking_fat,NUTRITION_USAGE_CONTROLLED_COOKING_FAT,pending
1195-4,1195,肥肠烧粉丝,41,水,水1400g,,其他,1400g,1;2;3,主锅中加入洗净肥肠、20g姜片、50g料酒和600g水，盖上锅盖和量杯，设置：12分钟/140℃/1档（反转）焯水;结束后用温水洗净肥肠备用，并洗净主锅;主锅中加入焯好的肥肠、20g姜片、30g料酒、八角、花椒、香叶、桂皮、3小勺盐和800g水，盖上锅盖和量杯，设置：7分钟/140℃/1档（反转）烧煮,cooking_liquid,NUTRITION_USAGE_CONTROLLED_COOKING_LIQUID,pending
1195-9,1195,肥肠烧粉丝,28,食用油,食用油20g,,调料,20g,6,主锅加入食用油、蒜末和姜末，盖上锅盖和量杯，设置：3分钟/120℃/1档（反转）煸炒,cooking_fat,NUTRITION_USAGE_CONTROLLED_COOKING_FAT,pending
1196-3,1196,红豆薏仁龙眼汤,41,水,清水420克,,其他,420克,2;3;4,薏仁和红豆装入大碗中，加入原料A中的清水，将大碗放在有孔蒸盘/蒸烤架上，放入机器中间层;开启电源，取出水箱加满水，选择“普通蒸”模式，设置100℃、60分钟，开始蒸制;烹饪结束后，取出加入冰糖、龙眼肉和红糖，再加原料B中的清水，蒸盘放回机器，选择“开始烹饪”按键，按屏幕提示操作,cooking_liquid,NUTRITION_USAGE_CONTROLLED_COOKING_LIQUID,pending
1196-7,1196,红豆薏仁龙眼汤,41,水,清水350克,,其他,350克,3,开启电源，取出水箱加满水，选择“普通蒸”模式，设置100℃、60分钟，开始蒸制,cooking_liquid,NUTRITION_USAGE_CONTROLLED_COOKING_LIQUID,pending
1200-7,1200,桃胶炖鲜奶,41,水,水1550克,,其他,1550克,1;2,洗净干桃胶和莲子，加入250g水，冷藏浸泡1晚后使用;主锅中加入1300g水、泡发的桃胶、莲子、百合、桂圆、红枣和冰糖，盖上锅盖，设置：60分钟/中火/烧煮,cooking_liquid,NUTRITION_USAGE_CONTROLLED_COOKING_LIQUID,pending
1205-9,1205,千层饼干,41,水,B料：水80毫升,,其他,80毫升,2,倒入细砂糖、水、鸡蛋,cooking_liquid,NUTRITION_USAGE_CONTROLLED_COOKING_LIQUID,pending
1206-8,1206,西北羊排,28,食用油,食用油15克,,调料,15克,,,cooking_fat,NUTRITION_USAGE_CONTROLLED_COOKING_FAT,pending
1207-4,1207,青酱意面,20,橄榄油,橄榄油120g,,调料,120g,5;10,开始烹饪时，从小孔缓缓加入115g橄榄油;煮至8分钟时，取下量杯，从小孔加入3g盐、5g橄榄油和意面,cooking_fat,NUTRITION_USAGE_CONTROLLED_COOKING_FAT,pending
1207-8,1207,青酱意面,41,水,水800g,,其他,800g,8;11,主锅加入水，盖上锅盖和量杯;烧煮结束后，取出意面沥干水份备用,cooking_liquid,NUTRITION_USAGE_CONTROLLED_COOKING_LIQUID,pending
1208-3,1208,麻花辫馒头,41,水,水120克,,其他,120克,2;10,将南瓜粉、水、面粉、糖、酵母粉混合均匀揉成面团，盖上保鲜膜，发酵至两倍大;发酵完成后放入方太智能烹饪设备，开启电源，取出水箱加满水，选择“开始烹饪”按键，按屏幕提示操作,cooking_liquid,NUTRITION_USAGE_CONTROLLED_COOKING_LIQUID,pending
1209-3,1209,豆豉蒸腐竹,28,食用油,B料：食用油45克,,调料,45克,3,将炒锅上火烧热，倒入食用油，放豆豉、蒜末、剁椒，小火炒香，然后均匀的浇在腐竹上,cooking_fat,NUTRITION_USAGE_CONTROLLED_COOKING_FAT,pending
1209-7,1209,豆豉蒸腐竹,1079,鸡汤,C料：鸡汤100克,,肉禽,100克,4,鸡汤中加入C中调料，溶解后将鸡汤倒入装有腐竹的盘中,cooking_liquid,NUTRITION_USAGE_CONTROLLED_COOKING_LIQUID,pending
1210-9,1210,法式柠檬烤鸡腿,20,橄榄油,橄榄油20g,,调料,20g,,,cooking_fat,NUTRITION_USAGE_CONTROLLED_COOKING_FAT,pending
1211-1,1211,金汤蒜蓉小龙虾,41,水,主料：水1000g,,其他,1000g,1,主锅中放入滤网篮，加入1000g水和小龙虾，盖上锅盖和量杯，设置：5分钟/5档冲洗,cooking_liquid,NUTRITION_USAGE_CONTROLLED_COOKING_LIQUID,pending
1211-3,1211,金汤蒜蓉小龙虾,28,食用油,食用油80g,,调料,80g,5,加入食用油、姜蓉和葱白碎，盖上锅盖，不要放量杯，设置：10分钟/140℃/1档（反转）熬煮,cooking_fat,NUTRITION_USAGE_CONTROLLED_COOKING_FAT,pending
1212-2,1212,麻酱鸡丝,41,水,水500g,,其他,500g,1;2,主锅中放入鸡胸肉和水，盖上锅盖和量杯，设置：15分钟/100℃/1档（反转）煮制;烹饪结束，捞出鸡胸肉洗净过冷水，顺着鸡肉纤维撕成鸡丝,cooking_liquid,NUTRITION_USAGE_CONTROLLED_COOKING_LIQUID,pending
1212-4,1212,麻酱鸡丝,41,水,温水40g,温,其他,40g,3,芝麻酱用温水稀释，鸡丝和黄瓜丝装入大碗中，加入芝麻酱、辣椒酱、蒜泥、香醋、生抽和盐拌匀即可食用,cooking_liquid,NUTRITION_USAGE_CONTROLLED_COOKING_LIQUID,pending
1213-10,1213,葱烤银鳕鱼,28,食用油,食用油100克,,调料,100克,,,cooking_fat,NUTRITION_USAGE_CONTROLLED_COOKING_FAT,pending
1214-5,1214,彩色爱心卷馒头,169,玉米油,玉米油10克,,蔬菜,10克,,,cooking_fat,NUTRITION_USAGE_CONTROLLED_COOKING_FAT,pending
1215-10,1215,酒酿蒸白鳝,41,水,水160克,,其他,160克,4,取一锅，加入150g酒酿 、50g黄酒、糟卤、蒸鱼豉油、白砂糖和水搅拌均匀，开火，煮开后小火煮5分钟,cooking_liquid,NUTRITION_USAGE_CONTROLLED_COOKING_LIQUID,pending
1216-10,1216,蒜香排骨,155,色拉油,C料：色拉油少许,,调料,,,,cooking_fat,NUTRITION_USAGE_CONTROLLED_COOKING_FAT,pending
1217-10,1217,孜然南瓜蒸鸡胸,41,水,水800g,,其他,800g,3,主锅中加入水，盖上锅盖，放上复式蒸锅，设置：35分钟/140℃/1档蒸制,cooking_liquid,NUTRITION_USAGE_CONTROLLED_COOKING_LIQUID,pending
1218-7,1218,蜜汁牛仔骨,20,橄榄油,橄榄油10毫升,,调料,10毫升,1;2;3;7,在洗净的牛仔骨上撒入盐、鸡粉、黑胡椒碎、橄榄油、生抽、蜂蜜，抹匀;翻面，同样撒入盐、鸡粉、黑胡椒碎，倒入橄榄油、生抽、蜂蜜，并抹匀，腌渍20分钟，至其入味;烤盘上垫上一层锡纸，刷上橄榄油;在牛仔骨的表面刷上橄榄油、蜂蜜,cooking_fat,NUTRITION_USAGE_CONTROLLED_COOKING_FAT,pending
1219-1,1219,蚝油生菜,41,水,A料：水700克,,其他,700克,1;2,主锅中加入700g水、盐和10g食用油，盖上锅盖，设置：6分钟/焯水;加入生菜，盖上锅盖，设置：2分钟/焯水,cooking_liquid,NUTRITION_USAGE_CONTROLLED_COOKING_LIQUID,pending
1219-3,1219,蚝油生菜,28,食用油,食用油20克,,调料,20克,1;4,主锅中加入700g水、盐和10g食用油，盖上锅盖，设置：6分钟/焯水;主锅中加入20g食用油和蒜蓉，盖上锅盖，设置：1分钟/热炒/大火,cooking_fat,NUTRITION_USAGE_CONTROLLED_COOKING_FAT,pending
1221-11,1221,猪肉韭菜蒸饺子,28,食用油,食用油10毫升,,调料,10毫升,,,cooking_fat,NUTRITION_USAGE_CONTROLLED_COOKING_FAT,pending
1223-1,1223,蒜蓉茼蒿菜,28,食用油,主料：食用油15g,,调料,15g,2,主锅中加入食用油和蒜末，盖上锅盖，不要放量杯，设置：2分钟/140℃/1档（反转）煸炒,cooking_fat,NUTRITION_USAGE_CONTROLLED_COOKING_FAT,pending
1224-1,1224,气泡柠檬冰茶,41,水,主料：水400g,,其他,400g,1;5,主锅中加入水，盖上锅盖和量杯，设置：4分钟/140℃/1档烧煮;将柠檬汁、无酒精汽酒倒入红茶糖水中，搅拌均匀，放入冰块，即可饮用,cooking_liquid,NUTRITION_USAGE_CONTROLLED_COOKING_LIQUID,pending
1225-6,1225,红豆面包,41,水,水95克,,其他,95克,,,cooking_liquid,NUTRITION_USAGE_CONTROLLED_COOKING_LIQUID,pending
1226-12,1226,翡翠鳕鱼,41,水,水1汤匙,,其他,1汤匙,4,用料理机，加水100克打成汁状,cooking_liquid,NUTRITION_USAGE_CONTROLLED_COOKING_LIQUID,pending
1227-1,1227,芹菜牛肉末,28,食用油,主料：食用油20g,,调料,20g,1,主锅中加入食用油、姜片和干辣椒，盖上锅盖，不要放量杯，设置：2分钟/140℃/1档（反转）煸炒,cooking_fat,NUTRITION_USAGE_CONTROLLED_COOKING_FAT,pending
1233-6,1233,串金针菇,28,食用油,食用油15毫升,,调料,15毫升,4;5,在铺有锡纸的烤盘上刷适量食用油;将金针菇串放在烤架上，刷上适量食用油，置入烤箱中,cooking_fat,NUTRITION_USAGE_CONTROLLED_COOKING_FAT,pending
1234-10,1234,炭烧脆仔排,28,食用油,食用油10毫升,,调料,10毫升,5,在烤盘中铺上锡纸，在锡纸上刷适量食用油,cooking_fat,NUTRITION_USAGE_CONTROLLED_COOKING_FAT,pending
1235-11,1235,贝贝南瓜盅,41,水,水800g,,其他,800g,6,主锅中加入800g水，盖上锅盖，放上复式蒸锅，设置：35分钟/140℃/2档蒸制,cooking_liquid,NUTRITION_USAGE_CONTROLLED_COOKING_LIQUID,pending
1235-2,1235,贝贝南瓜盅,28,食用油,食用油20g,,调料,20g,2,主锅中加入食用油、葱白段、泡好的干香菇碎、洋葱碎和胡萝卜粒，盖上锅盖和量杯，设置：3分钟/140℃/1档（反转）煸炒,cooking_fat,NUTRITION_USAGE_CONTROLLED_COOKING_FAT,pending
1236-3,1236,虫草花鸡汤,41,水,水1200克,,其他,1200克,1,锅中加入焯水后的鸡块、虫草花、山药块、玉米块、20g姜片、盐和1200g水，盖上锅盖，设置：45分钟,cooking_liquid,NUTRITION_USAGE_CONTROLLED_COOKING_LIQUID,pending
1237-1,1237,黑蒜上汤苋菜,41,水,主料：水850g,,其他,850g,1;2;3;5,主锅中加入600g水，盖上锅盖和量杯，设置：5分钟/140℃/1档烧水;结束后加入苋菜，盖上锅盖和量杯，设置：1分钟/140℃/1档（反转）焯水;结束后用刮刀翻拌均匀后再捞出过冷水，挤干水分备用，并洗净主锅;结束后加入皮蛋丁、盐和250g水，盖上锅盖和量杯，设置：4分钟/140℃/1档（反转）炖煮,cooking_liquid,NUTRITION_USAGE_CONTROLLED_COOKING_LIQUID,pending
1237-3,1237,黑蒜上汤苋菜,28,食用油,食用油10g,,调料,10g,4,主锅中插入搅拌棒并卡在刀组上，加入食用油、姜丝和黑蒜，盖上锅盖和量杯，设置：2分钟/140℃/1档（反转）煸炒,cooking_fat,NUTRITION_USAGE_CONTROLLED_COOKING_FAT,pending
1238-3,1238,水果盒子蛋糕,169,玉米油,玉米油30克,,蔬菜,30克,3,蛋黄中加入牛奶、玉米油、白糖拌匀,cooking_fat,NUTRITION_USAGE_CONTROLLED_COOKING_FAT,pending
1239-4,1239,山药鸭子汤,41,水,水1400g,,其他,1400g,1;3,主锅中加入鸭肉、5g姜片、料酒和600g水，盖上锅盖和量杯，设置：7分钟/140℃/1档（反转）焯水;主锅中加入焯水后的鸭肉、5g姜片和800g水，盖上锅盖和量杯，设置：25分钟/100℃/1档（反转）烧煮,cooking_liquid,NUTRITION_USAGE_CONTROLLED_COOKING_LIQUID,pending
1240-8,1240,白菜肉卷,41,水,水1300g,,其他,1300g,2;3;5;7,主锅中加入700g水，盖上锅盖和量杯，设置：6分钟/140℃/1档煮沸;结束后，将大白菜叶放入煮沸的水中烫一下，捞出后晾凉;主锅内加入500g水，盖上锅盖并放上复式蒸锅，设置：20分钟/140℃/1档蒸制;主锅中加入3小勺（3g）盐、30g水淀粉和100g水，盖上锅盖和量杯，设置：5分钟/140℃/1档熬煮,cooking_liquid,NUTRITION_USAGE_CONTROLLED_COOKING_LIQUID,pending
1241-3,1241,烤西冷牛排（7分熟）,20,橄榄油,橄榄油5ml,,调料,5ml,1,在牛排两面撒上盐和黑胡椒碎，淋上3毫升橄榄油两面抹匀，腌制10分钟,cooking_fat,NUTRITION_USAGE_CONTROLLED_COOKING_FAT,pending
1243-6,1243,鱼干虾干蒸豆腐,28,食用油,食用油10毫升,,调料,10毫升,4,淋入适量的蒸鱼豉油，再倒上少许食用油,cooking_fat,NUTRITION_USAGE_CONTROLLED_COOKING_FAT,pending
1244-9,1244,荠菜蛋饺,28,食用油,食用油5克,,调料,5克,3,肉馅里加入生抽、食用油、麻油、清水、盐1/2搅拌均匀腌制10分钟,cooking_fat,NUTRITION_USAGE_CONTROLLED_COOKING_FAT,pending
1245-8,1245,旱蒸南瓜,28,食用油,食用油15毫升,,调料,15毫升,,,cooking_fat,NUTRITION_USAGE_CONTROLLED_COOKING_FAT,pending
1246-4,1246,面包超人馒头,169,玉米油,玉米油3克,,蔬菜,3克,2,大盆中加入面粉，倒入温水，再加入酵母粉、糖、玉米油，用筷子搅拌成絮状，再用手揉成表面光滑的面团,cooking_fat,NUTRITION_USAGE_CONTROLLED_COOKING_FAT,pending
1248-3,1248,山药鸡蛋糊,605,高汤,辅料：高汤100毫升,,其他,100毫升,,,cooking_liquid,NUTRITION_USAGE_CONTROLLED_COOKING_LIQUID,pending
1250-4,1250,蒜苔炒肉丝,28,食用油,食用油20g,,调料,20g,3,主锅中加入食用油、姜丝和花椒，盖上锅盖和量杯，设置：3分钟/140℃/1档（反转）爆香,cooking_fat,NUTRITION_USAGE_CONTROLLED_COOKING_FAT,pending
1251-1,1251,红薯粥,41,水,主料：水1000g,,其他,1000g,1,主锅中加入水、大米和红薯丁，盖上锅盖，不要放量杯，设置：30分钟/98℃/1档（反转）熬煮,cooking_liquid,NUTRITION_USAGE_CONTROLLED_COOKING_LIQUID,pending
1252-4,1252,汤圆,208,猪油,猪油80g,,肉禽,80g,,,cooking_fat,NUTRITION_USAGE_CONTROLLED_COOKING_FAT,pending
1252-7,1252,汤圆,41,水,水240g,,其他,240g,1;4,加入240g水，设置：4分钟/80℃/2档加热;取20g的小面团搓圆按平后包入10g的汤圆馅，搓圆后放入沸水中煮5-8分钟浮至水面上后捞出放入加有糖桂花的水中趁热食用或滚上粘米粉放入冰箱存放1天内食用完,cooking_liquid,NUTRITION_USAGE_CONTROLLED_COOKING_LIQUID,pending
1254-1,1254,松仁玉米,41,水,主料：水700g,,其他,700g,1;2,主锅中加入水，盖上锅盖和量杯，设置：6分钟/140℃/1档烧煮;加入玉米粒，盖上锅盖和量杯，设置：3分钟/140℃/1档（反转）焯水,cooking_liquid,NUTRITION_USAGE_CONTROLLED_COOKING_LIQUID,pending
1254-3,1254,松仁玉米,28,食用油,食用油10g,,调料,10g,4,主锅中加入10g食用油和20g松仁，盖上锅盖和量杯，设置：1分钟/140℃/1档（反转）炒拌,cooking_fat,NUTRITION_USAGE_CONTROLLED_COOKING_FAT,pending
1259-2,1259,低温温泉蛋,41,水,水1000克,,其他,1000克,1,主锅中插入搅拌棒并卡在刀组上，加入鸡蛋和水，盖上锅盖和量杯，设置：45分钟/65℃/1档慢煮,cooking_liquid,NUTRITION_USAGE_CONTROLLED_COOKING_LIQUID,pending
1260-11,1260,圣诞烤鸡,20,橄榄油,橄榄油10毫升,,调料,10毫升,4,将胡萝卜块、土豆块、洋葱、口蘑和甜豆放入碗中，倒入橄榄油、黑胡椒粉、盐、香草碎拌匀备用,cooking_fat,NUTRITION_USAGE_CONTROLLED_COOKING_FAT,pending
1265-8,1265,金针菇扇贝,28,食用油,食用油10毫升,,调料,10毫升,2,在扇贝上淋入适量食用油,cooking_fat,NUTRITION_USAGE_CONTROLLED_COOKING_FAT,pending
1266-14,1266,叉烧酥,41,水,冷水145g,冷,其他,145g,6,主锅中加入低筋面粉、黄油粒、冷水和盐，盖上锅盖和量杯，设置：40秒/5档（反转）混合,cooking_liquid,NUTRITION_USAGE_CONTROLLED_COOKING_LIQUID,pending
1267-10,1267,金针菇蒸粉丝,28,食用油,食用油15毫升,,调料,15毫升,,,cooking_fat,NUTRITION_USAGE_CONTROLLED_COOKING_FAT,pending
1269-14,1269,蒜香牛肉蒸土豆,41,水,水600g,,其他,600g,9,主锅洗净，加入水，盖上锅盖，放上复式蒸锅，设置：35分钟/140℃/2档蒸制,cooking_liquid,NUTRITION_USAGE_CONTROLLED_COOKING_LIQUID,pending
1269-5,1269,蒜香牛肉蒸土豆,28,食用油,食用油25g,,调料,25g,3;7,再取一小碗称取5g食用油、蒸鱼豉油、蚝油、鱼露和白糖，取下小碗混匀为调味汁备用;加入20g食用油，盖上锅盖和量杯，设置：2分钟/140℃/1档煸炒,cooking_fat,NUTRITION_USAGE_CONTROLLED_COOKING_FAT,pending
1270-11,1270,脱脂东坡肉,28,食用油,食用油15克,,调料,15克,3,将B中食用油放入锅中，加入姜片、蒜片、葱段煸香，再放入B中其他原料和150g开水调制成红烧汁,cooking_fat,NUTRITION_USAGE_CONTROLLED_COOKING_FAT,pending
1272-4,1272,蝴蝶烤鸡,20,橄榄油,橄榄油20克,,调料,20克,5;9,大蒜和红椒粉捣碎磨匀，加入橄榄油拌成酱料;腌好的鸡从冰箱里取出来回温，表面再抹上一些橄榄油,cooking_fat,NUTRITION_USAGE_CONTROLLED_COOKING_FAT,pending
1273-1,1273,蔬菜丝汤,28,食用油,主料：食用油15g,,调料,15g,1,主锅中加入食用油、葱末和蒜末，盖上锅盖和量杯，设置：5分钟/120℃/1档煸炒,cooking_fat,NUTRITION_USAGE_CONTROLLED_COOKING_FAT,pending
1273-4,1273,蔬菜丝汤,41,水,开水600g,煮沸,其他,600g,,,cooking_liquid,NUTRITION_USAGE_CONTROLLED_COOKING_LIQUID,pending
1275-9,1275,香肠煲饭,28,食用油,食用油10毫升,,调料,10毫升,3,取一个碗，倒入大米、香肠片、豌豆、玉米、胡萝卜块，加入盐、生抽、食用油,cooking_fat,NUTRITION_USAGE_CONTROLLED_COOKING_FAT,pending
1277-13,1277,家常猪蹄,41,水,水2100g,,其他,2100g,1;4,主锅中加入1000g猪蹄块、20g姜片、30g料酒和1000g水，盖上锅盖，设置：10分钟/大火/红烧;主锅中加入郫县豆瓣酱、风味豆豉、干辣椒、花椒、生抽、红烧汁、老抽和1100g水，盖上锅盖，设置：70分钟/中火/红烧,cooking_liquid,NUTRITION_USAGE_CONTROLLED_COOKING_LIQUID,pending
1277-2,1277,家常猪蹄,28,食用油,食用油15g,,调料,15g,2,主锅中加入食用油、白糖、姜片和大葱片，盖上锅盖，设置：3分钟/猛火/热炒,cooking_fat,NUTRITION_USAGE_CONTROLLED_COOKING_FAT,pending
1280-4,1280,土豆小丸子,356,油,油5克,,调料,5克,6;8,在手上抹油，按自己喜好取一小团土豆泥，搓圆;锅中热油，下锅炸至金黄便可出锅,cooking_fat,NUTRITION_USAGE_CONTROLLED_COOKING_FAT,pending
1282-4,1282,清炖羊肉汤,41,水,水1700g,,其他,1700g,1;3,主锅中加入羊肉、料酒、小葱和800g水，盖上锅盖和量杯，设置：8分钟/140℃/1档（反转）焯水;主锅中加入焯水后的羊肉、姜片、花椒、陈皮、山楂、盐和900g水，盖上锅盖和量杯，设置：60分钟/98℃/1档（反转）慢炖,cooking_liquid,NUTRITION_USAGE_CONTROLLED_COOKING_LIQUID,pending
1283-14,1283,地中海蔬菜烤鲈鱼,20,橄榄油,橄榄油15克,,调料,15克,4;6,放入小番茄、蒜泥1g、盐1.5g、黑胡椒粉1g、橄榄油15g，拌匀铺在烤盘上;鱼肉中加入盐3克、鸡粉2克、黑胡椒粉0.5克、蒜泥2克、柠檬片10克、橄榄油5克、百里香2克搅拌均匀，腌制30分钟,cooking_fat,NUTRITION_USAGE_CONTROLLED_COOKING_FAT,pending
1284-2,1284,雪菜豆干,28,食用油,食用油10g,,调料,10g,2,加入食用油和肉末，盖上锅盖和量杯，设置：5分钟/110℃/2档（反转）煸炒,cooking_fat,NUTRITION_USAGE_CONTROLLED_COOKING_FAT,pending
1286-3,1286,豆豉蒸腐竹（台式）,28,食用油,B料：食用油3汤匙,,调料,3汤匙,3,将炒锅上火烧热，倒入食用油，放豆豉、蒜末、剁椒，小火炒香，然后均匀的浇在腐竹上,cooking_fat,NUTRITION_USAGE_CONTROLLED_COOKING_FAT,pending
1286-7,1286,豆豉蒸腐竹（台式）,1079,鸡汤,C料：鸡汤100克,,肉禽,100克,4,鸡汤中加入C中调料，溶解后将鸡汤倒入装有腐竹的盘中,cooking_liquid,NUTRITION_USAGE_CONTROLLED_COOKING_LIQUID,pending
1287-4,1287,发糕,41,水,水870g,,其他,870g,1;4,主锅中加入520g浸泡后的大米和水、糖粉，盖上锅盖和量杯，设置：1分钟/10档打浆，结束后用刮刀将锅内壁食物刮至锅底，盖上锅盖和量杯，设置：1分钟30秒/10档打浆;主锅中加入600g水，盖上锅盖并放上复式蒸锅，设置：30分钟/45℃/3档（反转）发酵（杯约9分满），设置：20分钟/110℃/2档（反转）蒸制,cooking_liquid,NUTRITION_USAGE_CONTROLLED_COOKING_LIQUID,pending
1288-1,1288,辣椒炒鸡,28,食用油,主料：食用油15g,,调料,15g,1,主锅中加入食用油、姜丝和蒜粒，盖上锅盖和量杯，设置：2分钟/140℃/1档（反转）爆香,cooking_fat,NUTRITION_USAGE_CONTROLLED_COOKING_FAT,pending
1289-14,1289,双椒鳙鱼头（台式）,41,水,水2汤匙,,其他,2汤匙,1;4;5,将鳙鱼头去除鱼鳞、鱼鳃和内脏，洗净并沥干水分，再沿着背鳍将鱼头对半劈开，鱼背肉厚处片刀;将炒锅加热，加入C中食用油，倒入姜末、蒜片、大葱段、大蒜叶段煸炒出香味，再将豆豉、青剁椒、红剁椒倒入锅中翻炒，加入盐、水、料酒，最后加入淀粉水勾芡，烧好的汤料浇在鳙鱼头上;将鱼盘放在有孔蒸盘上，放入机器中间层，取出水箱加满水,cooking_liquid,NUTRITION_USAGE_CONTROLLED_COOKING_LIQUID,pending
1289-6,1289,双椒鳙鱼头（台式）,28,食用油,C料：食用油2汤匙,,调料,2汤匙,4,将炒锅加热，加入C中食用油，倒入姜末、蒜片、大葱段、大蒜叶段煸炒出香味，再将豆豉、青剁椒、红剁椒倒入锅中翻炒，加入盐、水、料酒，最后加入淀粉水勾芡，烧好的汤料浇在鳙鱼头上,cooking_fat,NUTRITION_USAGE_CONTROLLED_COOKING_FAT,pending
1290-7,1290,烤焗猪颈肉,356,油,油5毫升,,调料,5毫升,5,方太燃气灶开小火3档，锅里倒油，把焗好的猪颈肉撒上面粉放入锅中煎脆肉表面,cooking_fat,NUTRITION_USAGE_CONTROLLED_COOKING_FAT,pending
1290-8,1290,烤焗猪颈肉,41,水,开水20毫升,煮沸,其他,20毫升,6,切碎的西梅加糖加开水，搅拌均匀，调成酱汁，淋上在煎好的猪颈肉上，即可食用,cooking_liquid,NUTRITION_USAGE_CONTROLLED_COOKING_LIQUID,pending
1291-2,1291,豉汁凤爪,41,水,冰水1000克,冰,其他,1000克,2;4,烧一锅开水，将鸡爪放入焯水3分钟，捞出洗净沥干，用厨房用纸擦干表面水分;待鸡爪表面炸至金黄，捞出放入冰水中浸泡1小时,cooking_liquid,NUTRITION_USAGE_CONTROLLED_COOKING_LIQUID,pending
1292-5,1292,黄豆焖猪蹄,41,水,水1500g,,其他,1500g,1;3,主锅中加入猪蹄、料酒、10g姜片和800g水，盖上锅盖和量杯，设置：8分钟/140℃/1档（反转）焯水;主锅中加入焯水后的猪蹄块、黄豆、老抽、生抽、10g姜片、盐、冰糖、八角和700g水，盖上锅盖和量杯，设置：80分钟/105℃停刀烧煮,cooking_liquid,NUTRITION_USAGE_CONTROLLED_COOKING_LIQUID,pending
1294-4,1294,芸豆猪脚汤,41,水,水2000克,,其他,2000克,1;2,主锅中加入猪脚块、800g水、25g姜片和25g料酒，盖上锅盖，设置：7分30秒/焯水，结束后将主锅内食物倒出并清洗猪脚和主锅;加入焯水的猪脚、芸豆、1200g水、15g姜片、20g料酒和大葱白，盖上锅盖，设置：90分钟/大火/老火汤,cooking_liquid,NUTRITION_USAGE_CONTROLLED_COOKING_LIQUID,pending
1295-5,1295,豆浆豆腐蒸蛋糕,1183,植物油,辅料：植物油20克,,调料,20克,,,cooking_fat,NUTRITION_USAGE_CONTROLLED_COOKING_FAT,pending
1298-2,1298,绿豆汤,41,水,辅料：清水1500克,,其他,1500克,1;2;3,绿豆洗净后，装入碗中加入没过绿豆的水，浸泡八小时以上;将泡好的绿豆捞出沥干水分，放入碗中，加入清水和冰糖;放入方太智能烹饪设备第2层，开启电源，取出水箱加满水，选择“开始烹饪”按键，按屏幕提示操作,cooking_liquid,NUTRITION_USAGE_CONTROLLED_COOKING_LIQUID,pending
1300-9,1300,清蒸人参鸡,1079,鸡汤,鸡汤800克,,肉禽,800克,,,cooking_liquid,NUTRITION_USAGE_CONTROLLED_COOKING_LIQUID,pending
1301-9,1301,火爆燎肉,28,食用油,食用油15g,,调料,15g,1,主锅中加入食用油，盖上锅盖和量杯，设置：2分钟/140℃/1档热油,cooking_fat,NUTRITION_USAGE_CONTROLLED_COOKING_FAT,pending
1303-10,1303,梅干菜扣肉,28,食用油,食用油15克,,调料,15克,,,cooking_fat,NUTRITION_USAGE_CONTROLLED_COOKING_FAT,pending
1303-16,1303,梅干菜扣肉,41,水,清水40克,,其他,40克,1;2;6,梅干菜用温水浸泡2小时后，充分洗净，沥干水分，剁碎备用;将洗干净的五花肉放入锅中，加冷水浸没，并加入B中的葱段、姜片、料酒，大火加热至沸腾，水沸后继续焯水10分钟，捞出用清水洗净，切成5cm*3cm*0.5cm肉片;开启电源，取出水箱加满水，选择“开始烹饪”按键，按屏幕提示操作,cooking_liquid,NUTRITION_USAGE_CONTROLLED_COOKING_LIQUID,pending
1304-1,1304,春笋三杯鸡,41,水,主料：水500g,,其他,500g,2;3;6,主锅中加入500g水，盖上锅盖和量杯，设置：4分钟/140℃/1档加热;结束后加入春笋，盖上锅盖和量杯，设置：3分钟/140℃/1档（反转）焯水，结束后将锅内食物倒出并洗净春笋备用;加入焯水后的春笋、米酒、老抽、生抽和冰糖，盖上锅盖，不要放量杯，设置：9分钟/120℃/1档（反转）烧煮,cooking_liquid,NUTRITION_USAGE_CONTROLLED_COOKING_LIQUID,pending
1307-6,1307,红丝绒卷蛋糕,1183,植物油,植物油50ml,,调料,50ml,2,蛋黄加盐、牛奶、植物油搅拌均匀，用打蛋器打到蛋黄发白,cooking_fat,NUTRITION_USAGE_CONTROLLED_COOKING_FAT,pending
1309-7,1309,葱油鳊鱼,41,水,水600g,,其他,600g,3,主锅中加入水，盖上锅盖并放上复式蒸锅，设置：25分钟/140℃/2档蒸制,cooking_liquid,NUTRITION_USAGE_CONTROLLED_COOKING_LIQUID,pending
1309-8,1309,葱油鳊鱼,28,食用油,食用油25g,,调料,25g,5,主锅洗净，加入食用油和葱花，盖上锅盖，不要放量杯，设置：2分钟/140℃/1档（反转）爆香,cooking_fat,NUTRITION_USAGE_CONTROLLED_COOKING_FAT,pending
1314-12,1314,狗不理包子,605,高汤,高汤350克,,其他,350克,2,"制馅：把肉馅放入容器中加入姜末搅均匀,再加上酱油搅拌，搅至肉馅略有粘性,酱油完全吃尽后再加高汤或水，每次加入不宜过多，分4至5次加完",cooking_liquid,NUTRITION_USAGE_CONTROLLED_COOKING_LIQUID,pending
1314-5,1314,狗不理包子,41,水,水490克,,其他,490克,2;3;4;8,"制馅：把肉馅放入容器中加入姜末搅均匀,再加上酱油搅拌，搅至肉馅略有粘性,酱油完全吃尽后再加高汤或水，每次加入不宜过多，分4至5次加完;加水后顺一个方向搅拌，搅至水与肉完全混合时，放葱末、香油略搅拌一下即可;制作包子皮：将面粉1公斤加入4克泡打粉、2克干酵母、水490克;请取出水箱加满水，选择“开始烹饪”，按屏幕提示操作",cooking_liquid,NUTRITION_USAGE_CONTROLLED_COOKING_LIQUID,pending
1315-1,1315,酸辣茄子,28,食用油,主料：食用油15g,,调料,15g,1,主锅中加入食用油、小葱段、蒜片、小米椒和豆瓣酱，盖上锅盖和量杯，设置：2分钟/140℃/1档（反转）爆香,cooking_fat,NUTRITION_USAGE_CONTROLLED_COOKING_FAT,pending
1316-2,1316,玛格丽特,41,水,水400g,,其他,400g,,,cooking_liquid,NUTRITION_USAGE_CONTROLLED_COOKING_LIQUID,pending
1317-4,1317,椒盐鸡软骨,41,水,水500g,,其他,500g,1;3,主锅中加入鸡软骨、姜片、料酒和水，盖上锅盖和量杯，设置：6分钟/140℃/1档（反转）焯水，结束后将锅内食物倒出并洗净鸡软骨和主锅;加入焯水后的鸡软骨和盐，盖上锅盖，不要放量杯，设置：11分钟/140℃/1档（反转）翻炒,cooking_liquid,NUTRITION_USAGE_CONTROLLED_COOKING_LIQUID,pending
1317-5,1317,椒盐鸡软骨,28,食用油,食用油20g,,调料,20g,2,加入食用油、小米椒、蒜末和洋葱，盖上锅盖，不要放量杯，设置：3分钟/140℃/1档（反转）爆香,cooking_fat,NUTRITION_USAGE_CONTROLLED_COOKING_FAT,pending
1320-6,1320,五彩虾仁丁,28,食用油,食用油20g,,调料,20g,2,主锅中加入食用油、腌好的虾仁、胡萝卜丁和红彩椒丁，盖上锅盖，不要放量杯，设置：2分钟/140℃/1档（反转）煸炒,cooking_fat,NUTRITION_USAGE_CONTROLLED_COOKING_FAT,pending
1321-10,1321,鲜墨炒豆皮,28,食用油,食用油20g,,调料,20g,2,主锅中插入搅拌棒并卡在刀组上，加入腌好的墨鱼片、红椒片、青椒片、豆皮、食用油、蒜片和1小勺盐，盖上锅盖和量杯，设置：5分钟/140℃/ 1档（反转）煸炒,cooking_fat,NUTRITION_USAGE_CONTROLLED_COOKING_FAT,pending
1323-4,1323,香辣啤酒鸭,41,水,水800g,,其他,800g,,,cooking_liquid,NUTRITION_USAGE_CONTROLLED_COOKING_LIQUID,pending
1323-5,1323,香辣啤酒鸭,28,食用油,食用油10g,,调料,10g,1,主锅中加入焯好的鸭腿块、食用油、豆瓣酱、蒜粒、15g姜片、花椒和干辣椒段，盖上锅盖，不要放量杯，设置：3分钟/140℃/ 1档（反转）煸炒,cooking_fat,NUTRITION_USAGE_CONTROLLED_COOKING_FAT,pending
1325-5,1325,百合虾仁,28,食用油,食用油15g,,调料,15g,2,主锅中加入食用油、姜丝、蒜片、胡萝卜和芹菜，盖上锅盖和量杯，设置：4分钟/140℃/1档（反转）煸炒,cooking_fat,NUTRITION_USAGE_CONTROLLED_COOKING_FAT,pending
1326-3,1326,荷兰豆炒香菇,28,食用油,食用油20g,,调料,20g,2,主锅中加入食用油和蒜末，盖上锅盖和量杯，设置：2分钟/140℃/1档（反转）爆香,cooking_fat,NUTRITION_USAGE_CONTROLLED_COOKING_FAT,pending
1329-9,1329,轻松一锅蒸,208,猪油,猪油7克,,肉禽,7克,6,取出豆干铺在小号碗中，加入30g红剁椒、10g蒜末、6g豆豉、7g猪油、2g白砂糖、6g生抽、1g老抽、25g纯净水，准备烹饪,cooking_fat,NUTRITION_USAGE_CONTROLLED_COOKING_FAT,pending
1330-2,1330,剁椒基围虾,28,食用油,B料：食用油30克,,调料,30克,2,将炒锅加热，加入B中的食用油，倒入姜末、蒜末、剁椒炒出香味后关火,cooking_fat,NUTRITION_USAGE_CONTROLLED_COOKING_FAT,pending
1331-5,1331,虾仁豆腐蒸水蛋,41,水,温水100g,温,其他,100g,2;4,另取一碗加入鸡蛋、盐和温水，搅拌均匀;主锅中加入水，盖上锅盖，放上复式蒸锅，设置：20分钟/120℃/1档蒸制,cooking_liquid,NUTRITION_USAGE_CONTROLLED_COOKING_LIQUID,pending
1331-7,1331,虾仁豆腐蒸水蛋,41,水,水800g,,其他,800g,,,cooking_liquid,NUTRITION_USAGE_CONTROLLED_COOKING_LIQUID,pending
1335-2,1335,咸蛋黄烧麦,41,水,水1580g,,其他,1580g,1;2;7,取一盘子加入糯米和180g水，放入复式蒸锅中备用;主锅中加入800g水，盖上锅盖，放上复式蒸锅，设置：45分钟/140℃/1档蒸制;主锅洗净，加入600g水，盖上锅盖，放上复式蒸锅，设置：25分钟/140℃/1档蒸制,cooking_liquid,NUTRITION_USAGE_CONTROLLED_COOKING_LIQUID,pending
1335-3,1335,咸蛋黄烧麦,28,食用油,食用油20g,,调料,20g,4,主锅洗净，加入食用油、姜末、香肠、香菇、胡萝卜、豌豆和蚝油，盖上锅盖和量杯，设置：3分钟/140℃/1档（反转）煸炒，结束后取出倒入拌散的糯米饭中,cooking_fat,NUTRITION_USAGE_CONTROLLED_COOKING_FAT,pending
1338-2,1338,福州鱼丸,41,水,水750g,,其他,750g,3,加入150g水、红薯淀粉、蛋清、盐和白胡椒粉，盖上锅盖和量杯，设置：5分钟/4档（反转）搅打上劲,cooking_liquid,NUTRITION_USAGE_CONTROLLED_COOKING_LIQUID,pending
1339-7,1339,烤银鳕鱼,20,橄榄油,橄榄油10克,,调料,10克,4,用刷子在铺有锡纸的烤盘上刷上一层橄榄油，将腌制好的银鳕鱼放入烤盘中,cooking_fat,NUTRITION_USAGE_CONTROLLED_COOKING_FAT,pending
1340-12,1340,番茄虾滑,41,水,水500g,,其他,500g,6,加入500g水、3小勺盐、白糖和1大勺淀粉，盖上锅盖和量杯，设置：8分钟/140℃/1档（反转）,cooking_liquid,NUTRITION_USAGE_CONTROLLED_COOKING_LIQUID,pending
1340-8,1340,番茄虾滑,28,食用油,食用油20g,,调料,20g,5,主锅中加入番茄块、食用油、番茄酱、葱段和姜片，盖上锅盖和量杯，设置：3分钟/140℃/1档（反转）煸炒，再设置：3秒/10档打碎，结束后用刮刀将锅内壁食材刮至锅底,cooking_fat,NUTRITION_USAGE_CONTROLLED_COOKING_FAT,pending
1342-8,1342,蒸鱼丸,41,水,清水20克,,其他,20克,2;5;7;10,生姜末用20克清水浸泡约15分钟;再加入滤出的生姜水，帮助去腥;顺一个方向搅拌至上劲，让鱼肉充分吸收水分，变得饱满有张力;放入方太智能烹饪设备第2层，开启电源，取出水箱加满水，选择“开始烹饪”按键，按屏幕提示操作,cooking_liquid,NUTRITION_USAGE_CONTROLLED_COOKING_LIQUID,pending
1343-3,1343,虫草花猪骨汤,41,水,水1400g,,其他,1400g,1;3,主锅中加入筒骨、料酒和600g水，盖上锅盖和量杯，设置：6分钟/140℃/1档（反转）焯水;加入焯水后的筒骨、小葱段、虫草花、姜片、盐和800g水，盖上锅盖和量杯，设置：60分钟/98℃/1档（反转）熬煮,cooking_liquid,NUTRITION_USAGE_CONTROLLED_COOKING_LIQUID,pending
1344-6,1344,蛋黄云腿月饼,208,猪油,猪油80g,,肉禽,80g,4,倒入中筋粉，用手翻拌混合，再加入猪油，用手不断揉搓，使猪油和面粉完全融合，直至面团光滑，并用保鲜膜盖住面团置于常温松弛30分钟,cooking_fat,NUTRITION_USAGE_CONTROLLED_COOKING_FAT,pending
1344-7,1344,蛋黄云腿月饼,41,水,水70g,,其他,70g,3;5;9,将A中的小苏打、泡打粉、蜂蜜、糖粉和水加入料理盆中，搅拌均匀，使其彻底融合;将面团分成10个（每个约30g），用擀面杖沿水平上面擀成长椭圆形;在小碗中放入少许食用红色素，加水化开，在印章上蘸上颜料，轻轻按压在月饼顶部盖章,cooking_liquid,NUTRITION_USAGE_CONTROLLED_COOKING_LIQUID,pending
1345-1,1345,梨姜茶,41,水,主料：水600g,,其他,600g,1,主锅中加入600g水，盖上锅盖和量杯，设置：10分钟/140℃/1档煮沸,cooking_liquid,NUTRITION_USAGE_CONTROLLED_COOKING_LIQUID,pending
1346-5,1346,剁椒鸡翅,28,食用油,食用油10克,,调料,10克,,,cooking_fat,NUTRITION_USAGE_CONTROLLED_COOKING_FAT,pending
1347-9,1347,烤三文鱼,28,食用油,食用油10毫升,,调料,10毫升,3;4,撒入适量盐、烧烤粉、孜然粉、烧烤汁，淋入适量食用油;在烤盘中铺上锡纸，刷上适量食用油,cooking_fat,NUTRITION_USAGE_CONTROLLED_COOKING_FAT,pending
1348-1,1348,花蛤年糕,28,食用油,主料：食用油20g,,调料,20g,1,主锅中加入食用油、花椒、小葱段、姜片、蒜片和干辣椒，盖上锅盖，不要放量杯，设置：2分钟/140℃/1档（反转）爆香,cooking_fat,NUTRITION_USAGE_CONTROLLED_COOKING_FAT,pending
1348-11,1348,花蛤年糕,41,水,水150g,,其他,150g,3,加入年糕和水，盖上锅盖，不要放量杯，设置：6分钟/110℃/1档（反转）翻炒,cooking_liquid,NUTRITION_USAGE_CONTROLLED_COOKING_LIQUID,pending
1349-1,1349,菠菜拌粉丝,41,水,主料：水650g,,其他,650g,1;2;3;4;7,主锅中加入600g水，盖上锅盖和量杯，设置：6分钟/140℃/1档烧水;结束后加入粉丝，盖上锅盖和量杯，设置：2分钟/120℃/1档（反转）煮沸之后捞出粉丝留下热水备用;加入菠菜，盖上锅盖和量杯，设置：30秒/120℃/1档（反转）焯水;结束后取出过净水挤干水分备用，洗净主锅;加入蚝油、生抽、陈醋、白糖、盐和50g水，盖上锅盖和量杯，设置：2分钟/120℃/1档煸炒,cooking_liquid,NUTRITION_USAGE_CONTROLLED_COOKING_LIQUID,pending
1349-5,1349,菠菜拌粉丝,28,食用油,食用油25g,,调料,25g,6,加入食用油、辣椒面和红油，盖上锅盖和量杯，设置：2分钟/140℃/1档煸炒,cooking_fat,NUTRITION_USAGE_CONTROLLED_COOKING_FAT,pending
1350-3,1350,红豆薏仁龙眼汤,41,水,水800克,,其他,800克,1,主锅中加入红豆、薏米和水，盖上锅盖和量杯，设置：60分钟/98℃/1档（反转）烧煮,cooking_liquid,NUTRITION_USAGE_CONTROLLED_COOKING_LIQUID,pending
1351-8,1351,香烤鲫鱼,28,食用油,食用油15毫升,,调料,15毫升,3,在烤盘中铺上锡纸，将烤串放在烤架上，刷上适量食用油,cooking_fat,NUTRITION_USAGE_CONTROLLED_COOKING_FAT,pending
1352-1,1352,香菇肉片,28,食用油,主料：食用油20克,,调料,20克,1;3,主锅中加入10g食用油和蒜片，盖上锅盖，不要放量杯，设置：2分钟/140℃/1档（反转）煸炒;主锅中加入10g食用油和香菇片，盖上锅盖和量杯，设置：3分钟/120℃/1档（反转）炒拌,cooking_fat,NUTRITION_USAGE_CONTROLLED_COOKING_FAT,pending
1357-11,1357,珍珠鲍鱼,28,食用油,食用油10毫升,,调料,10毫升,10,在汤汁中加入1克盐、鸡粉，搅匀，放入5毫升水淀粉，边注入食用油边搅匀成酱汁，再将酱汁加热至七成，关火后盛出酱汁，浇在盘中摆放好的食材上即可,cooking_fat,NUTRITION_USAGE_CONTROLLED_COOKING_FAT,pending
1358-5,1358,绿豆花生米糊,41,水,水800g,,其他,800g,3,主锅中加入绿豆、花生、大米、糯米和水，盖上锅盖，不要放量杯，设置：30分钟/98℃/2档（反转）熬煮,cooking_liquid,NUTRITION_USAGE_CONTROLLED_COOKING_LIQUID,pending
1359-2,1359,白灼基围虾,41,水,水800克,,其他,800克,1;2,主锅中加入水、盐、姜片、葱结和料酒，盖上锅盖，设置：6分30秒/焯水煮沸;加入基围虾，盖上锅盖，设置：3分钟/焯水,cooking_liquid,NUTRITION_USAGE_CONTROLLED_COOKING_LIQUID,pending
1359-7,1359,白灼基围虾,41,水,冰水1000克,冰,其他,1000克,1;3,主锅中加入水、盐、姜片、葱结和料酒，盖上锅盖，设置：6分30秒/焯水煮沸;烹饪结束，取出基围虾过冰水后摆盘，再取一小碗加入生抽、香醋、姜丝拌匀作为蘸料即可食用,cooking_liquid,NUTRITION_USAGE_CONTROLLED_COOKING_LIQUID,pending
1360-7,1360,港式豉汁蒸鱼,28,食用油,食用油10毫升,,调料,10毫升,,,cooking_fat,NUTRITION_USAGE_CONTROLLED_COOKING_FAT,pending
1361-9,1361,香蒸鸡胸肉,20,橄榄油,橄榄油5毫升,,调料,5毫升,2,将香菜和红辣椒洗净切碎后与盐、黑胡椒粉、橄榄油拌匀混合,cooking_fat,NUTRITION_USAGE_CONTROLLED_COOKING_FAT,pending
1365-4,1365,红豆松糕,41,水,水850g,,其他,850g,1;3,主锅中加入糯米粉、大米粉、糖粉和200g水，盖上锅盖和量杯，设置：2分钟/4档揉面，结束后，用刮刀取出面粉团过筛备用并洗净主锅;（主锅中）加入650g水，盖上锅盖，放上复式蒸锅，设置：35分钟/140℃/1档蒸制，烹饪结束，取出红豆松糕切块即可享用,cooking_liquid,NUTRITION_USAGE_CONTROLLED_COOKING_LIQUID,pending
1366-9,1366,孜然土豆烤猪颈肉,28,食用油,食用油10毫升,,调料,10毫升,5,烤盘中垫上锡纸，刷上食用油，铺上一层土豆片，均匀撒上食盐、适量孜然粉,cooking_fat,NUTRITION_USAGE_CONTROLLED_COOKING_FAT,pending
1367-1,1367,虾皮紫菜汤,41,水,A料：水800克,,其他,800克,1;2,主锅中加入水，盖上锅盖，设置：5分钟/大火/水煮类;加入紫菜、虾皮、盐、生抽和香油，盖上锅盖，设置：2分30秒/大火/水煮类,cooking_liquid,NUTRITION_USAGE_CONTROLLED_COOKING_LIQUID,pending
1368-5,1368,雪梨川贝,41,水,清水200克,,其他,200克,1;3;5,将川贝洗净后用纸巾吸干水分，然后捣碎或碾碎成粉;将切好的梨块、磨好的川贝粉、枸杞、冰糖放入深碗中，加入清水后，稍做搅拌即可;开启电源，取出水箱加满水，选择“开始烹饪”按键，按屏幕提示操作,cooking_liquid,NUTRITION_USAGE_CONTROLLED_COOKING_LIQUID,pending
1369-8,1369,鲜蒸冬瓜,208,猪油,猪油5g,,肉禽,5g,3,3.冬瓜、春笋、火腿改刀，码放于蒸盘四周，蛤蜊置于中央，调入适量姜末、料酒、猪油和清水,cooking_fat,NUTRITION_USAGE_CONTROLLED_COOKING_FAT,pending
1370-4,1370,可乐红烧肉,41,水,水800g,,其他,800g,1,主锅中加入五花肉块、姜片和水，盖上锅盖和量杯，设置：8分钟/140℃/1档（反转）焯水，结束后，洗净五花肉和主锅,cooking_liquid,NUTRITION_USAGE_CONTROLLED_COOKING_LIQUID,pending
1370-5,1370,可乐红烧肉,28,食用油,食用油10g,,调料,10g,2,主锅中加入焯好的五花肉块、冰糖和食用油，盖上锅盖和量杯，设置：5分钟/120℃/ 1档（反转）煸炒,cooking_fat,NUTRITION_USAGE_CONTROLLED_COOKING_FAT,pending
1371-5,1371,孜然鸡脆骨,41,水,水500g,,其他,500g,2;3,主锅中加入水和腌制好的鸡脆骨，盖上锅盖和量杯，设置：6分钟/140℃/1档（反转）焯水，结束后将锅内食物倒出并洗净鸡脆骨和主锅;加入食用油、辣椒酱、葱花、蒜末和焯水后的鸡脆骨，盖上锅盖和量杯，设置：10分钟/140℃/1档（反转）翻炒,cooking_liquid,NUTRITION_USAGE_CONTROLLED_COOKING_LIQUID,pending
1371-6,1371,孜然鸡脆骨,28,食用油,食用油20g,,调料,20g,3,加入食用油、辣椒酱、葱花、蒜末和焯水后的鸡脆骨，盖上锅盖和量杯，设置：10分钟/140℃/1档（反转）翻炒,cooking_fat,NUTRITION_USAGE_CONTROLLED_COOKING_FAT,pending
1373-11,1373,雪花牛肉烤金针菇,28,食用油,食用油30克,,调料,30克,,,cooking_fat,NUTRITION_USAGE_CONTROLLED_COOKING_FAT,pending
1373-17,1373,雪花牛肉烤金针菇,28,食用油,食用油25克,,调料,25克,,,cooking_fat,NUTRITION_USAGE_CONTROLLED_COOKING_FAT,pending
1374-3,1374,桃酥,208,猪油,猪油70g,,肉禽,70g,,,cooking_fat,NUTRITION_USAGE_CONTROLLED_COOKING_FAT,pending
1375-9,1375,紫苏辣椒包,356,油,油30克,,调料,30克,3;6,往盆里倒入油、盐、鲜贝露，最后放入一把米粉，让肉粒、豆腐和蔬菜均匀地沾上米粉;炒锅里倒1勺油烧至八成热浇淋在蒸好的辣椒包上即可,cooking_fat,NUTRITION_USAGE_CONTROLLED_COOKING_FAT,pending
1376-8,1376,南瓜发糕,28,食用油,食用油10ml,,调料,10ml,4,加入低筋面粉、鸡蛋液、泡打粉和食用油，用电动搅拌器快速搅成均匀顺滑的面糊,cooking_fat,NUTRITION_USAGE_CONTROLLED_COOKING_FAT,pending
1378-3,1378,宫廷枣花酥,41,水,水150g,,其他,150g,1;5,水油皮：主锅中加入中筋面粉250g、细砂糖25g、水105g、全蛋液25g和黄油35g，盖上锅盖和量杯，设置：3分钟/4档（反转）揉面;将水油皮按扁，包入油酥团子，收口朝下滚圆，将包好的面团用擀面杖擀成牛舌状，再卷起成圆柱状,cooking_liquid,NUTRITION_USAGE_CONTROLLED_COOKING_LIQUID,pending
1379-3,1379,陈皮橘叶茶,41,水,水800g,,其他,800g,1,主锅中加入陈皮、新鲜橘叶和水，盖上锅盖和量杯，设置：20分钟/98℃/1档熬煮,cooking_liquid,NUTRITION_USAGE_CONTROLLED_COOKING_LIQUID,pending
1380-4,1380,酸菜粉丝包,41,水,水730g,,其他,730g,1;7,主锅中加入面粉、白糖、酵母和130g水，盖上锅盖和量杯，设置：3分钟/揉面;主锅中加入600g水，盖上锅盖，放上复式蒸锅，设置：25分钟/140℃/1档蒸制,cooking_liquid,NUTRITION_USAGE_CONTROLLED_COOKING_LIQUID,pending
1380-5,1380,酸菜粉丝包,28,食用油,食用油10g,,调料,10g,3,主锅洗净，加入食用油、酸菜、粉丝、生抽、蚝油、辣椒酱和盐，盖上锅盖和量杯，设置：3分钟/140℃/2档（反转）翻炒,cooking_fat,NUTRITION_USAGE_CONTROLLED_COOKING_FAT,pending
1382-4,1382,冰糖炖燕窝,41,水,水1500克,,其他,1500克,3,主锅中加入1500g水，将装有炖盅的滤网篮放入主锅，盖上锅盖和量杯，设置：30分钟/100℃/1档炖煮,cooking_liquid,NUTRITION_USAGE_CONTROLLED_COOKING_LIQUID,pending
1383-6,1383,香烤四季豆,28,食用油,食用油10毫升,,调料,10毫升,2;3,在烤盘中铺上锡纸，在烧烤架上刷适量食用油;把四季豆串放在烧烤架上，两面均刷上少量食用油,cooking_fat,NUTRITION_USAGE_CONTROLLED_COOKING_FAT,pending
1384-11,1384,鲍鱼鸡煲,41,水,开水120g,煮沸,其他,120g,5,加入开水和蚝油，盖上锅盖和量杯，设置：20分钟/120℃/1档（反转）炖煮,cooking_liquid,NUTRITION_USAGE_CONTROLLED_COOKING_LIQUID,pending
1384-9,1384,鲍鱼鸡煲,28,食用油,食用油20g,,调料,20g,2,主锅中插入搅拌棒并卡在刀组上，加入洋葱块、姜片、蒜蓉和食用油，盖上锅盖和量杯，设置：4分钟/140℃/1档（反转）煸炒,cooking_fat,NUTRITION_USAGE_CONTROLLED_COOKING_FAT,pending
1388-10,1388,辣酱蒸鸡爪,356,油,油10克,,调料,10克,,,cooking_fat,NUTRITION_USAGE_CONTROLLED_COOKING_FAT,pending
1391-11,1391,剁椒粉丝蒸茄子,356,油,油20克,,调料,20克,5,高火（7档）加热适量油，加入茄子翻炒至变软，加入1克盐,cooking_fat,NUTRITION_USAGE_CONTROLLED_COOKING_FAT,pending
1393-1,1393,宫保虾球,28,食用油,A料：食用油20克,,调料,20克,1,锅内放入食用油烧至四成热时放入京葱段，蒜片、姜片、干辣椒段、干花椒粒煸香，放入清鸡汤、美极番茄辣椒酱、保宁醋、白糖、李锦记旧庄蚝油、美极鲜酱油、双桥味精煮沸，根据菜肴情况，放入适量李锦记老抽调色，根据菜肴芡汁情况，勾芡,cooking_fat,NUTRITION_USAGE_CONTROLLED_COOKING_FAT,pending
1395-2,1395,奶香小馒头,41,水,水650g,,其他,650g,1;5,主锅中加入纯牛奶、50g水、酵母、白砂糖、盐和中筋面粉，盖上锅盖和量杯，设置：4分钟/揉面;主锅中加入600g水，盖上锅盖，放上复式蒸锅，设置：30分钟/140℃/1档蒸制,cooking_liquid,NUTRITION_USAGE_CONTROLLED_COOKING_LIQUID,pending
1396-9,1396,啤酒鸡翅,28,食用油,食用油15g,,调料,15g,2,主锅中加入食用油、鸡翅、剩余的腌料和啤酒，盖上锅盖和量杯，设置：25分钟/140℃/1档（反转）烧煮,cooking_fat,NUTRITION_USAGE_CONTROLLED_COOKING_FAT,pending
1397-5,1397,烧烤金针菇,28,食用油,食用油60克,,调料,60克,3,制作蒜蓉酱：将炒锅加热，放入60克食用油，加入大蒜和小米椒末，小火煸炒至淡黄色,cooking_fat,NUTRITION_USAGE_CONTROLLED_COOKING_FAT,pending
1398-5,1398,豆腐蔬菜蒸包,28,食用油,辅料：食用油15克,,调料,15克,2,取一炒锅，倒入15g食用油，放入豆腐丁炒制略微金黄，再加入胡萝卜丝、木耳丝一起煸炒断生，最后加入韭菜碎翻炒均匀后盛出,cooking_fat,NUTRITION_USAGE_CONTROLLED_COOKING_FAT,pending
1399-3,1399,蒜香烤鸡腿,356,油,B料：蜂蜜加油混合40毫升,,调料,,4,腌制30分钟后，刷上蜂蜜和油的混合物,cooking_fat,NUTRITION_USAGE_CONTROLLED_COOKING_FAT,pending
1401-9,1401,酒香蒸大黄鱼,208,猪油,猪油10克,,肉禽,10克,4,再加入少许猪油激发食材的鲜味,cooking_fat,NUTRITION_USAGE_CONTROLLED_COOKING_FAT,pending
1403-11,1403,酱鸭腿,41,水,水600克,,其他,600克,1,锅中加入焯好的鸭腿、20g姜片、35g料酒、2个八角、2片香叶、1大少花椒、40g大葱段、20g生抽、15g老抽、20g冰糖和600g水，盖上锅盖，先设置：45分钟/焖炖,cooking_liquid,NUTRITION_USAGE_CONTROLLED_COOKING_LIQUID,pending
1404-2,1404,日式味增汤,41,水,水800g,,其他,800g,1,将滤网篮放入主锅中，加入木鱼花和水，盖上锅盖和量杯，设置：5分钟/140℃/5档烧煮，结束后用刮刀将滤网篮取出,cooking_liquid,NUTRITION_USAGE_CONTROLLED_COOKING_LIQUID,pending
1405-7,1405,花生米浆,41,水,水1100克,,其他,1100克,,,cooking_liquid,NUTRITION_USAGE_CONTROLLED_COOKING_LIQUID,pending
1406-4,1406,红枣猪肝蒸蛋羹,1079,鸡汤,鸡汤200毫升,,肉禽,200毫升,5,取一碗，倒入蛋液，加入腌好的猪肝，放入切好的红枣，加入鸡汤，拌匀,cooking_liquid,NUTRITION_USAGE_CONTROLLED_COOKING_LIQUID,pending
1407-10,1407,虾仁珍珠小丸子,41,水,水650g,,其他,650g,5,主锅洗净，加入水，盖上锅盖并放上复式蒸锅，设置：35分钟/140℃/1档蒸制,cooking_liquid,NUTRITION_USAGE_CONTROLLED_COOKING_LIQUID,pending
1408-1,1408,蜂巢蛋糕,41,水,A料：水180g,,其他,180g,1;7,水和细砂糖倒入锅里煮开，关火并搅拌成为糖水，使糖水冷却备用;分三次倒入第1步做好的冷却后的糖水，每一次都搅拌均匀再加下一次,cooking_liquid,NUTRITION_USAGE_CONTROLLED_COOKING_LIQUID,pending
1408-8,1408,蜂巢蛋糕,1183,植物油,植物油120g,,调料,120g,4,加入植物油，搅拌均匀成稀糊状,cooking_fat,NUTRITION_USAGE_CONTROLLED_COOKING_FAT,pending
1409-2,1409,黄山炖鸽,41,水,水2000g,,其他,2000g,1;3;4,主锅中加入鸽子和500g水，盖上锅盖和量杯，设置：5分/140℃/1档（反转）焯水;鸽子放入大的蒸碗（有配套的盖）中，加入山药片、葱段、姜片、料酒、冰糖、盐和500g水，盖上蒸碗的盖子，放在蒸锅中，并盖上蒸盖;主锅内加入1000g水，盖上锅盖并放上复式蒸锅，设置：60分钟/140℃/1档蒸制,cooking_liquid,NUTRITION_USAGE_CONTROLLED_COOKING_LIQUID,pending
1410-18,1410,香烤卤猪蹄,41,水,水1500克,,其他,1500克,2;3;4,猪蹄放入锅中，加清水浸过猪蹄，开中火煮至水沸后10min关火，捞出猪蹄，清洗沥干;锅中加入1500g水，放入准备好的卤料，大火煮开后盖上锅盖换小火煮2个小时（到用筷子可以插穿猪蹄肉即可），关火，让其自然冷却;冷却后将猪蹄取出，沥干水分后放入料理盆中，加入辣椒粉、孜然粉和白芝麻将猪蹄抹均匀,cooking_liquid,NUTRITION_USAGE_CONTROLLED_COOKING_LIQUID,pending
1413-2,1413,黑芝麻裸蛋糕,155,色拉油,色拉油20克,,调料,20克,,,cooking_fat,NUTRITION_USAGE_CONTROLLED_COOKING_FAT,pending
1414-4,1414,春笋炖排骨,28,食用油,食用油15g,,调料,15g,2,主锅中加入食用油和姜末，盖上锅盖，不要放量杯，设置：2分钟/140℃/1档（反转）爆香,cooking_fat,NUTRITION_USAGE_CONTROLLED_COOKING_FAT,pending
1414-7,1414,春笋炖排骨,41,水,水700g,,其他,700g,4,加入春笋、火腿和水，盖上锅盖和量杯，设置：45分钟/98℃/1档（反转）熬煮,cooking_liquid,NUTRITION_USAGE_CONTROLLED_COOKING_LIQUID,pending
1415-7,1415,冬瓜海鲜卷,356,油,油5毫升,,调料,5毫升,8,冬瓜片汆烫过后，在上面码上金华火腿条、胡萝卜条、香芹条、香菇丝和虾仁片，然后卷成卷，在表面薄薄地刷上一层油,cooking_fat,NUTRITION_USAGE_CONTROLLED_COOKING_FAT,pending
1419-8,1419,黑米粢饭团,28,食用油,食用油15毫升,,调料,15毫升,4,保鲜膜表面刷上一层食用油，蒸好的米饭平铺在上面,cooking_fat,NUTRITION_USAGE_CONTROLLED_COOKING_FAT,pending
1421-7,1421,蒜蓉粉丝蒸蛏子,28,食用油,食用油10克,,调料,10克,9,浇上烧热的食用油，装盘即可食用,cooking_fat,NUTRITION_USAGE_CONTROLLED_COOKING_FAT,pending
1422-1,1422,番茄花菜,28,食用油,主料：食用油10g,,调料,10g,1,"主锅中加入食用油、番茄和番茄酱,盖上锅盖和量杯，设置：3分钟/140℃/1档（反转）爆香",cooking_fat,NUTRITION_USAGE_CONTROLLED_COOKING_FAT,pending
1424-8,1424,香辣虾,28,食用油,食用油35克,,调料,35克,6,对虾加入小葱、姜丝、盐、白糖、生抽、白酒、豆瓣酱和食用油,cooking_fat,NUTRITION_USAGE_CONTROLLED_COOKING_FAT,pending
1425-1,1425,凉拌西葫芦,41,水,主料：水600g,,其他,600g,1;3,主锅中加入水、盐和食用油，盖上锅盖和量杯，设置：5分钟/140℃/1档烧煮;结束后取出西葫芦，沥干水分后倒入盘中，并洗净主锅,cooking_liquid,NUTRITION_USAGE_CONTROLLED_COOKING_LIQUID,pending
1425-3,1425,凉拌西葫芦,28,食用油,食用油5g,,调料,5g,1,主锅中加入水、盐和食用油，盖上锅盖和量杯，设置：5分钟/140℃/1档烧煮,cooking_fat,NUTRITION_USAGE_CONTROLLED_COOKING_FAT,pending
1426-16,1426,嫩烤鱼,28,食用油,食用油20克,,调料,20克,4,取1炒锅，打开烹饪机热锅，加入食用油30g，油温6成时下入京5克葱段、5克姜片、蒜片20g炒香,cooking_fat,NUTRITION_USAGE_CONTROLLED_COOKING_FAT,pending
1426-25,1426,嫩烤鱼,605,高汤,高汤200克,,其他,200克,,,cooking_liquid,NUTRITION_USAGE_CONTROLLED_COOKING_LIQUID,pending
1426-34,1426,嫩烤鱼,498,菜籽油,菜籽油30克,,蔬菜,30克,6,腌制结束，把中筋面粉拍在鱼身上，用刷子在鱼身上刷上菜籽油,cooking_fat,NUTRITION_USAGE_CONTROLLED_COOKING_FAT,pending
1426-40,1426,嫩烤鱼,28,食用油,食用油30克,,调料,30克,,,cooking_fat,NUTRITION_USAGE_CONTROLLED_COOKING_FAT,pending
1426-49,1426,嫩烤鱼,41,水,水200克,,其他,200克,1;3;5;8,将草鱼去鳞，从背部对半剖开腹部相连，清理鱼鳃、鱼肠、内部黑膜等，冲洗干净后擦干水分，在鱼背肉厚处各划3刀;取1锅加入足量清水，打开方太灶蒸烤烹饪机，大火档煮至水沸，下入芹菜段、土豆片、莲藕片、洋葱片和千张，焯3分钟后捞出沥干水分，平铺在蒸烤盘中;加入郫县豆瓣酱30g和红油火锅底料80g炒出红油，再放入啤酒300g、蚝油10g、老抽3g、生抽10g、胡椒粉1g、白糖2g和200g水，大火煮开后，继续熬煮3分钟后离火备用;开启电源，取出水箱加满水，将蒸烤盘放入烹饪机中间层，选择【开始烹饪】按键，按屏幕提示操作即可,cooking_liquid,NUTRITION_USAGE_CONTROLLED_COOKING_LIQUID,pending
1426-6,1426,嫩烤鱼,498,菜籽油,菜籽油30克,,蔬菜,30克,,,cooking_fat,NUTRITION_USAGE_CONTROLLED_COOKING_FAT,pending
1427-5,1427,鲜虾培根披萨,41,水,清水80克,,其他,80克,4,再加入干酵母和清水，混合至无干粉状态,cooking_liquid,NUTRITION_USAGE_CONTROLLED_COOKING_LIQUID,pending
1427-6,1427,鲜虾培根披萨,20,橄榄油,橄榄油15克,,调料,15克,5,用手将面揉至圆团状，再加入橄榄油，继续将面团揉至表面光滑，盖保鲜膜密封静置15分钟,cooking_fat,NUTRITION_USAGE_CONTROLLED_COOKING_FAT,pending
1428-4,1428,山东三鲜汤,28,食用油,食用油15g,,调料,15g,2,主锅中加入食用油和鲜虾仁，盖上锅盖和量杯，设置：1分钟/140℃/1档（反转）煸炒,cooking_fat,NUTRITION_USAGE_CONTROLLED_COOKING_FAT,pending
1428-7,1428,山东三鲜汤,605,高汤,高汤500g,,其他,500g,3,加入泡发海参、油发鱼肚、高汤、10g料酒和盐，盖上锅盖和量杯，设置：15分钟/120℃/1档（反转）烧煮,cooking_liquid,NUTRITION_USAGE_CONTROLLED_COOKING_LIQUID,pending
1429-10,1429,水晶虾饺,41,水,开水135克,煮沸,其他,135克,4;10,把面皮用料中的澄粉、生粉、盐混合均匀，慢慢注入煮沸的开水，边倒边用筷子快速搅拌成雪花状;放入方太智能烹饪设备，开启电源，取出水箱加满水，选择“开始烹饪”按键，按屏幕提示操作,cooking_liquid,NUTRITION_USAGE_CONTROLLED_COOKING_LIQUID,pending
1429-6,1429,水晶虾饺,208,猪油,猪油20克,,肉禽,20克,5,待面团热度降到手可以接受的温度时，用手把粉揉成面团，然后加入猪油揉搓均匀，盖上保鲜膜醒10分钟,cooking_fat,NUTRITION_USAGE_CONTROLLED_COOKING_FAT,pending
1430-9,1430,蚕豆瓣蒸鲈鱼,208,猪油,猪油粒15克,粒,肉禽,15克,6,大火热锅，转小火下入猪油粒，炒出油,cooking_fat,NUTRITION_USAGE_CONTROLLED_COOKING_FAT,pending
1432-10,1432,南瓜蒸肉丸,41,水,清水3汤匙,,其他,3汤匙,2;6;7;8,在剁好的肉糜中依次加入原料B中的盐、料酒、生抽、白糖、黑胡椒粉以及切好的姜末和葱花拌匀，再分两次加入清水并顺着一个方向将肉末搅匀上劲，直到水被肉吸收，再加入淀粉拌匀，腌制15分种;开启电源，取出水箱加满水，选择“开始烹饪”按键，按屏幕提示操作;取一小碗，加入原料C中的清水和淀粉制成水淀粉备用，同时将枸杞放另一小碗中泡水备用;待烹饪结束后取出，把盘子里的汤汁倒在锅里，烧开后加入蚝油和水淀粉勾薄芡,cooking_liquid,NUTRITION_USAGE_CONTROLLED_COOKING_LIQUID,pending
1432-12,1432,南瓜蒸肉丸,41,水,C料：清水4汤匙,,其他,4汤匙,2;6;7,在剁好的肉糜中依次加入原料B中的盐、料酒、生抽、白糖、黑胡椒粉以及切好的姜末和葱花拌匀，再分两次加入清水并顺着一个方向将肉末搅匀上劲，直到水被肉吸收，再加入淀粉拌匀，腌制15分种;开启电源，取出水箱加满水，选择“开始烹饪”按键，按屏幕提示操作;取一小碗，加入原料C中的清水和淀粉制成水淀粉备用，同时将枸杞放另一小碗中泡水备用,cooking_liquid,NUTRITION_USAGE_CONTROLLED_COOKING_LIQUID,pending
1433-2,1433,清蒸白萝卜,41,水,水600g,,其他,600g,2,主锅中加入水，盖上锅盖，放上复式蒸锅，设置：25分钟/140℃/1档蒸制,cooking_liquid,NUTRITION_USAGE_CONTROLLED_COOKING_LIQUID,pending
1434-2,1434,清炒菜心,208,猪油,辅料：猪油10克,,肉禽,10克,3,中号盘中加入猪油10g和玉米油10g,cooking_fat,NUTRITION_USAGE_CONTROLLED_COOKING_FAT,pending
1434-3,1434,清炒菜心,169,玉米油,玉米油10克,,蔬菜,10克,3,中号盘中加入猪油10g和玉米油10g,cooking_fat,NUTRITION_USAGE_CONTROLLED_COOKING_FAT,pending
1436-10,1436,上汤娃娃菜,28,食用油,食用油5克,,调料,5克,,,cooking_fat,NUTRITION_USAGE_CONTROLLED_COOKING_FAT,pending
1436-7,1436,上汤娃娃菜,41,水,清水150克,,其他,150克,1;5,将娃娃菜放入清水中洗净，将洗净的娃娃菜切块;放入皮蛋，翻炒均匀，放入白胡椒粉、食盐、生抽，倒入清水煮沸,cooking_liquid,NUTRITION_USAGE_CONTROLLED_COOKING_LIQUID,pending
1437-10,1437,剁椒蒸鲈鱼,356,油,油10克,,调料,10克,5,再加剁椒、姜丝葱段腌制5分钟，然后把鱼肉码在盘子上，淋少许食用油,cooking_fat,NUTRITION_USAGE_CONTROLLED_COOKING_FAT,pending
1438-2,1438,川北凉粉,41,水,水1600g,,其他,1600g,1,主锅中加入1200g水，盖上锅盖和量杯，设置：10分钟/140℃/1档加热,cooking_liquid,NUTRITION_USAGE_CONTROLLED_COOKING_LIQUID,pending
1440-1,1440,豆沙一口酥,208,猪油,A料：猪油100g,,肉禽,100g,3,室温软化的猪油加入糖粉用电动打蛋器打发至羽毛状，分3次加入鸡蛋蜂蜜混合液,cooking_fat,NUTRITION_USAGE_CONTROLLED_COOKING_FAT,pending
1442-9,1442,秘制辣味五花肉,356,油,油10毫升/,,调料,,5,烤盘上铺上锡纸、刷上油放上五花肉，淋上调制好的酱汁，撒上孜然粉、辣椒粉,cooking_fat,NUTRITION_USAGE_CONTROLLED_COOKING_FAT,pending
1443-4,1443,三色芋圆,41,水,水2200克,,其他,2200克,2;6;8;9;11,主锅中加入800g水，盖上锅盖，放上复式蒸锅，设置：25分钟/140℃/3档蒸制;主锅中插入搅拌棒并卡在刀组上，加入800g水，盖上锅盖和量杯，设置：7分钟/140℃/3档（反转）烧煮;结束后，将南瓜圆和芋圆沥水，放入凉开水中备用，并清洗主锅;主锅中插入搅拌棒并卡在刀组上，加入600g水，盖上锅盖和量杯，设置：5分钟/140度/3档（反转）烧煮.;结束后，将紫薯芋圆沥水，放入凉开水中备用，并清洗主锅,cooking_liquid,NUTRITION_USAGE_CONTROLLED_COOKING_LIQUID,pending
1444-1,1444,凉拌三丝,41,水,主料：水400g,,其他,400g,1;2,主锅中加入水和金针菇，盖上锅盖和量杯，设置：5分钟/140℃/1档焯水;结束后用刮刀取出过凉水后挤干水分，与黄瓜丝和胡萝卜丝放在一块备用，并洗净主锅,cooking_liquid,NUTRITION_USAGE_CONTROLLED_COOKING_LIQUID,pending
1445-15,1445,糯米烧麦,897,肉汤,肉汤50g,,其他,50g,,,cooking_liquid,NUTRITION_USAGE_CONTROLLED_COOKING_LIQUID,pending
1445-7,1445,糯米烧麦,28,食用油,食用油3T,,调料,3T,,,cooking_fat,NUTRITION_USAGE_CONTROLLED_COOKING_FAT,pending
1448-12,1448,快手三色麻薯,1183,植物油,植物油20克,,调料,20克,,,cooking_fat,NUTRITION_USAGE_CONTROLLED_COOKING_FAT,pending
1448-2,1448,快手三色麻薯,1183,植物油,植物油20克,,调料,20克,,,cooking_fat,NUTRITION_USAGE_CONTROLLED_COOKING_FAT,pending
1448-7,1448,快手三色麻薯,1183,植物油,植物油20克,,调料,20克,,,cooking_fat,NUTRITION_USAGE_CONTROLLED_COOKING_FAT,pending
1449-4,1449,驴打滚,1865,大豆油,大豆油30克,,调料,30克,,,cooking_fat,NUTRITION_USAGE_CONTROLLED_COOKING_FAT,pending
1449-5,1449,驴打滚,41,水,清水160克,,其他,160克,2,将粉浆盖保鲜膜，放在有孔蒸盘/蒸烤架上，放入机器中间层，开启电源，取出水箱加满水，选择“开始烹饪”按键，按屏幕提示操作,cooking_liquid,NUTRITION_USAGE_CONTROLLED_COOKING_LIQUID,pending
1450-4,1450,口蘑青菜,169,玉米油,玉米油15克,,蔬菜,15克,4;6,将口蘑片和菜梗放入中号盘中，加入10g玉米油，2g盐，生抽3g拌匀;菜叶中加入玉米油5g，白糖1g，蒜片，鸡精0.5g，蚝油3g，拌匀,cooking_fat,NUTRITION_USAGE_CONTROLLED_COOKING_FAT,pending
1453-4,1453,香蕉麦片粥,41,水,水75g,,其他,75g,2,加入燕麦片、牛奶、水、盐、枫糖浆和肉桂粉，盖上锅盖，不要放量杯，设置：8分钟/98℃/1档（反转）熬煮,cooking_liquid,NUTRITION_USAGE_CONTROLLED_COOKING_LIQUID,pending
1454-9,1454,鲫鱼蒸水蛋,28,食用油,食用油10毫升,,调料,10毫升,3,肉片放碗中，加入盐、胡椒粉，抓匀，再淋入少许食用油，腌渍10分钟,cooking_fat,NUTRITION_USAGE_CONTROLLED_COOKING_FAT,pending
1456-1,1456,酒蒸蛤蜊,28,食用油,主料：食用油15g,,调料,15g,,,cooking_fat,NUTRITION_USAGE_CONTROLLED_COOKING_FAT,pending
1457-3,1457,香菇蒸肉饼,356,油,B料：油10ml,,调料,10ml,4,加入适量的油，盐，糖，生粉，酱油，姜末，蒜末和葱花搅拌均匀入味,cooking_fat,NUTRITION_USAGE_CONTROLLED_COOKING_FAT,pending
1459-1,1459,青椒番茄土豆片,28,食用油,主料：食用油10g,,调料,10g,1,主锅中加入食用油和蒜末，盖上锅盖和量杯，设置：2分钟/140℃/1档（反转）爆香,cooking_fat,NUTRITION_USAGE_CONTROLLED_COOKING_FAT,pending
1465-1,1465,武汉拌毛豆,41,水,主料：水800g,,其他,800g,1;3,主锅中加入水、桂皮、八角、香叶、2小勺盐和5g食用油，盖上锅盖和量杯，设置：8分钟/140℃/2档（反转）煮沸;结束后取出毛豆放入凉开水中冷却沥干备用，并清洗主锅,cooking_liquid,NUTRITION_USAGE_CONTROLLED_COOKING_LIQUID,pending
1465-6,1465,武汉拌毛豆,28,食用油,食用油20g,,调料,20g,1;4,主锅中加入水、桂皮、八角、香叶、2小勺盐和5g食用油，盖上锅盖和量杯，设置：8分钟/140℃/2档（反转）煮沸;主锅中加入20g食用油、蒜末、花椒和小米椒圈，盖上锅盖和量杯，设置：3分钟/140℃/1档（反转）煸炒,cooking_fat,NUTRITION_USAGE_CONTROLLED_COOKING_FAT,pending
1466-13,1466,粉蒸肉,41,水,水1000g,,其他,1000g,1;3,五花肉切约0.5cm片，干荷叶温水泡软备用;主锅中加入水，盖上锅盖，放上复式蒸锅，放入荷叶，将裹粉的五花肉分两排均匀叠放在荷叶上，再包裹好，盖上蒸盖，设置：60分钟/140℃/2档（反转）蒸制,cooking_liquid,NUTRITION_USAGE_CONTROLLED_COOKING_LIQUID,pending
1470-5,1470,自制旺仔小馒头,169,玉米油,玉米油30克,,蔬菜,30克,,,cooking_fat,NUTRITION_USAGE_CONTROLLED_COOKING_FAT,pending
1471-5,1471,上汤菠菜,28,食用油,食用油15g,,调料,15g,2,主锅中加入食用油、蒜末、咸蛋黄、皮蛋和火腿肠，盖上锅盖和量杯，设置：2分钟/140℃/1档（反转）翻炒,cooking_fat,NUTRITION_USAGE_CONTROLLED_COOKING_FAT,pending
1471-7,1471,上汤菠菜,41,水,水350g,,其他,350g,3,加入盐和水，盖上锅盖和量杯，设置：5分钟/140℃/1档（反转）烧煮,cooking_liquid,NUTRITION_USAGE_CONTROLLED_COOKING_LIQUID,pending
1472-4,1472,麻辣对虾,28,食用油,C料：食用油3汤匙,,调料,3汤匙,3,将炒锅加热，倒入C中的食用油、朝天椒、姜末、蒜末，小火煸炒至香辣味出现，盛于小碗中，待冷却后加入料酒、盐、生抽、老抽、鸡精、花椒油拌匀即可,cooking_fat,NUTRITION_USAGE_CONTROLLED_COOKING_FAT,pending
1473-5,1473,啤酒红焖猪手,41,水,水600g,,其他,600g,2,主锅中加入猪手、10g料酒、5g姜片和水，盖上锅盖和量杯，设置：8分钟/140℃/1档（反转）焯水,cooking_liquid,NUTRITION_USAGE_CONTROLLED_COOKING_LIQUID,pending
1473-6,1473,啤酒红焖猪手,28,食用油,食用油20g,,调料,20g,4,主锅中加入食用油、猪手和10g姜片，盖上锅盖和量杯，设置：5分钟/140℃/1档（反转）煸炒,cooking_fat,NUTRITION_USAGE_CONTROLLED_COOKING_FAT,pending
1475-5,1475,盐烤迷迭香大虾,20,橄榄油,橄榄油10克,,调料,10克,,,cooking_fat,NUTRITION_USAGE_CONTROLLED_COOKING_FAT,pending
1476-4,1476,榨菜肉丝汤,28,食用油,食用油20g,,调料,20g,1,主锅中加入食用油和榨菜，盖上锅盖和量杯，设置：2分钟/140℃/1档（反转）煸炒,cooking_fat,NUTRITION_USAGE_CONTROLLED_COOKING_FAT,pending
1476-6,1476,榨菜肉丝汤,41,水,水700g,,其他,700g,2,加入水，盖上锅盖和量杯，设置：5分钟/140℃/1档（反转）烧煮,cooking_liquid,NUTRITION_USAGE_CONTROLLED_COOKING_LIQUID,pending
1477-6,1477,豆沙包,208,猪油,猪油20克,,肉禽,20克,4,加猪油，揉搓至面团完全光滑,cooking_fat,NUTRITION_USAGE_CONTROLLED_COOKING_FAT,pending
1479-10,1479,柳叶蒸饺,41,水,清水50克,,其他,50克,1;6,制作饺子馅：五花肉去皮剁成肉糜（或者绞肉机绞碎），加入料酒、老抽、生抽、盐、白糖、鸡蛋清、姜末、葱花拌匀，再分三次加入清水搅打上劲，直到水被肉充分吸收，加入芝麻油拌匀，放冰箱冷藏备用;蒸制：饺子放到垫有硅油纸垫的有孔蒸盘上，放入机器中间层，取出水箱加满水,cooking_liquid,NUTRITION_USAGE_CONTROLLED_COOKING_LIQUID,pending
1479-13,1479,柳叶蒸饺,41,水,温水140~150g,温,其他,150g,1;2;6,制作饺子馅：五花肉去皮剁成肉糜（或者绞肉机绞碎），加入料酒、老抽、生抽、盐、白糖、鸡蛋清、姜末、葱花拌匀，再分三次加入清水搅打上劲，直到水被肉充分吸收，加入芝麻油拌匀，放冰箱冷藏备用;制作饺子皮：中筋面粉中加入温水，用手揉成光滑面团（或者搅面机2档搅打2分钟，转4档搅打6分钟），静置15分钟醒发面团;蒸制：饺子放到垫有硅油纸垫的有孔蒸盘上，放入机器中间层，取出水箱加满水,cooking_liquid,NUTRITION_USAGE_CONTROLLED_COOKING_LIQUID,pending
1480-8,1480,简易版蒸鲈鱼,28,食用油,食用油10克,,调料,10克,,,cooking_fat,NUTRITION_USAGE_CONTROLLED_COOKING_FAT,pending
1483-4,1483,香辣啤酒鸭,41,水,水800克,,其他,800克,1,主锅中加入鸭腿块、25g姜片、料酒和水，盖上锅盖，设置：8分钟/焯水,cooking_liquid,NUTRITION_USAGE_CONTROLLED_COOKING_LIQUID,pending
1483-5,1483,香辣啤酒鸭,28,食用油,食用油10克,,调料,10克,3,主锅中加入焯好的鸭腿块、食用油、豆瓣酱、蒜粒、15g姜片、花椒和干辣椒段，盖上锅盖，设置：3分钟/热炒/大火,cooking_fat,NUTRITION_USAGE_CONTROLLED_COOKING_FAT,pending
1486-13,1486,广式啫啫鸡,28,食用油,食用油30克,,调料,30克,3,海豚微压锅中加入食用油、红葱头、大蒜和姜块，设置：4分钟/一键大火，进行煸炒爆香,cooking_fat,NUTRITION_USAGE_CONTROLLED_COOKING_FAT,pending
1487-4,1487,花生糙米浆,41,水,水1000g,,其他,1000g,1;3,主锅中加入花生、糙米、白糖和700g水，盖上锅盖和量杯，设置：27分钟/98℃/2档烧煮;烹饪完成，再加入300g水，取出即可食用,cooking_liquid,NUTRITION_USAGE_CONTROLLED_COOKING_LIQUID,pending
1488-1,1488,蒜蓉小龙虾,28,食用油,A料：食用油80克,,调料,80克,1,主锅中加入食用油、100g大蒜蓉、姜蓉和葱白碎，盖上锅盖，设置：2分钟/热炒/大火,cooking_fat,NUTRITION_USAGE_CONTROLLED_COOKING_FAT,pending
1491-2,1491,鲍鱼焖仔排,41,水,水500g,,其他,500g,1;3,主锅中加入肋排和水，盖上锅盖和量杯，设置：5分钟/140℃/1档（反转）焯水;鲍鱼洗净，在面上划十字刀后放入碗中，用料酒、5g葱白段和5g姜片泡10分钟后沥干水分,cooking_liquid,NUTRITION_USAGE_CONTROLLED_COOKING_LIQUID,pending
1491-7,1491,鲍鱼焖仔排,28,食用油,食用油20g,,调料,20g,4,主锅中加入食用油、5g姜片、蒜片和10g葱白段，盖上锅盖和量杯，设置：1分钟/140℃/1档（反转）爆香,cooking_fat,NUTRITION_USAGE_CONTROLLED_COOKING_FAT,pending
1492-11,1492,红烧肉,41,水,水1300克,,其他,1300克,1,锅中加入焯好的五花肉块、生抽、老抽、50g绍兴黄酒、1个八角、2片香叶、1个干辣椒和500g水，盖上锅盖，设置：45分钟/红烧/中火,cooking_liquid,NUTRITION_USAGE_CONTROLLED_COOKING_LIQUID,pending
1492-21,1492,红烧肉,41,水,水150克,,其他,150克,,,cooking_liquid,NUTRITION_USAGE_CONTROLLED_COOKING_LIQUID,pending
1492-24,1492,红烧肉,28,食用油,食用油15克,,调料,15克,,,cooking_fat,NUTRITION_USAGE_CONTROLLED_COOKING_FAT,pending
1492-31,1492,红烧肉,41,水,水500克,,其他,500克,,,cooking_liquid,NUTRITION_USAGE_CONTROLLED_COOKING_LIQUID,pending
1492-4,1492,红烧肉,28,食用油,食用油15克,,调料,15克,,,cooking_fat,NUTRITION_USAGE_CONTROLLED_COOKING_FAT,pending
1494-5,1494,奶香糯米窝窝头,41,水,开水575g,煮沸,其他,575g,1;5,主锅中加入糯米粉、玉米面、奶粉、细砂糖和75g开水，盖上锅盖和量杯，设置：2分钟/3档混匀;主锅中加入500g开水，盖上锅盖，放上复式蒸锅，设置：23分钟/140℃/2档蒸制,cooking_liquid,NUTRITION_USAGE_CONTROLLED_COOKING_LIQUID,pending
1495-10,1495,腊味披萨,20,橄榄油,橄榄油8ml,,调料,8ml,2,将水、盐、酵母、白砂糖加入面粉中，搅拌均匀后揉成面团，再加入橄榄油，将面团揉至表面光滑，不沾盘不粘手,cooking_fat,NUTRITION_USAGE_CONTROLLED_COOKING_FAT,pending
1495-2,1495,腊味披萨,41,水,B料：水62g,,其他,62g,2,将水、盐、酵母、白砂糖加入面粉中，搅拌均匀后揉成面团，再加入橄榄油，将面团揉至表面光滑，不沾盘不粘手,cooking_liquid,NUTRITION_USAGE_CONTROLLED_COOKING_LIQUID,pending
1497-13,1497,香菇鸡肉焖饭,28,食用油,食用油30毫升,,调料,30毫升,6,方太磁控电磁灶调至6段中火，锅中加入食用油，倒入鸡腿肉翻炒,cooking_fat,NUTRITION_USAGE_CONTROLLED_COOKING_FAT,pending
1497-14,1497,香菇鸡肉焖饭,41,水,温水300毫升,温,其他,300毫升,3;9;11,大米淘洗干净，洗净干香菇中加入温水浸泡1小时;加入香菇、水，翻拌均匀;放入方太智能烹饪设备第2层，开启电源，取出水箱加满水，选择“开始烹饪”按键，按屏幕提示操作,cooking_liquid,NUTRITION_USAGE_CONTROLLED_COOKING_LIQUID,pending
1499-11,1499,地中海式焗海鲜,20,橄榄油,橄榄油30克,,调料,30克,1,锅中加入30g橄榄油、80g红葱头、50g姜粒、50g蒜粒、30g芹菜粒和8个小番茄，设置：3分钟/一键大火，期间不停翻炒,cooking_fat,NUTRITION_USAGE_CONTROLLED_COOKING_FAT,pending
1500-4,1500,卤鸭翅,41,水,水800克,,其他,800克,1,主锅中加入鸭翅、40g料酒、30g姜片和水，盖上锅盖，设置：8分钟/焯水,cooking_liquid,NUTRITION_USAGE_CONTROLLED_COOKING_LIQUID,pending
1501-2,1501,卤煮小龙虾,41,水,水1200g,,其他,1200g,1;4,主锅中加入水、生抽、老抽、料酒、八角、桂皮、小茴香、香叶和甘草，盖上锅盖和量杯，设置：10分钟/140℃/1档（反转）熬煮;将芝麻酱、白腐乳、香醋、葱花、花生碎、蒜末和15大勺卤煮水混合，搅拌均匀成蘸料，蘸食即可,cooking_liquid,NUTRITION_USAGE_CONTROLLED_COOKING_LIQUID,pending
1504-2,1504,法式洋葱浓汤,20,橄榄油,橄榄油20g,,调料,20g,1,主锅中加入洋葱块、橄榄油、黄油、盐和黑胡椒粉，盖上锅盖，不要放量杯，设置：10秒/6档切碎，再设置：10分钟/120℃/2档爆香，用刮刀将锅内壁食材刮至锅底，拌开略呈焦色的洋葱,cooking_fat,NUTRITION_USAGE_CONTROLLED_COOKING_FAT,pending
1504-7,1504,法式洋葱浓汤,41,水,水400g,,其他,400g,3,加入400g水和浓汤宝，盖上量杯，设置：7分钟/100℃/2档熬煮,cooking_liquid,NUTRITION_USAGE_CONTROLLED_COOKING_LIQUID,pending
1505-3,1505,心形馒头,1183,植物油,植物油5毫升,,调料,5毫升,2,将中筋面粉、细砂糖、植物油、酵母、水混均匀揉成光滑的面团,cooking_fat,NUTRITION_USAGE_CONTROLLED_COOKING_FAT,pending
1505-5,1505,心形馒头,41,水,辅料：水90毫升,,其他,90毫升,2;8,将中筋面粉、细砂糖、植物油、酵母、水混均匀揉成光滑的面团;放入方太智能烹饪设备，开启电源，取出水箱加满水，选择“开始烹饪”按键，按屏幕提示操作,cooking_liquid,NUTRITION_USAGE_CONTROLLED_COOKING_LIQUID,pending
1506-2,1506,玫瑰山药,41,水,水600g,,其他,600g,2,主锅中加入水，盖上锅盖，放上复式蒸锅，设置：30分钟/140℃/1档蒸煮,cooking_liquid,NUTRITION_USAGE_CONTROLLED_COOKING_LIQUID,pending
1507-6,1507,印度烤馕面团,41,水,温水120g,温,其他,120g,1,主锅中加入高筋面粉、低筋面粉、干酵母、白砂糖、盐、温水和油，盖上锅盖和量杯，设置：5分钟/4档（反转）揉,cooking_liquid,NUTRITION_USAGE_CONTROLLED_COOKING_LIQUID,pending
1507-7,1507,印度烤馕面团,356,油,油15g,,调料,15g,1;4,主锅中加入高筋面粉、低筋面粉、干酵母、白砂糖、盐、温水和油，盖上锅盖和量杯，设置：5分钟/4档（反转）揉;不粘锅倒入油放入面团，小火加热2分钟反面再加热2分钟，烹饪结束，取出印度烤馕面团即可享用,cooking_fat,NUTRITION_USAGE_CONTROLLED_COOKING_FAT,pending
1508-4,1508,家常口水鸡,41,水,水800g,,其他,800g,1,主锅中加入鸡腿、姜片、料酒和水，盖上锅盖和量杯，设置：16分钟/140℃/1档（反转）烧煮,cooking_liquid,NUTRITION_USAGE_CONTROLLED_COOKING_LIQUID,pending
1508-5,1508,家常口水鸡,41,水,冰水适量,冰,其他,,2,取出鸡腿，放入冰水中降温,cooking_liquid,NUTRITION_USAGE_CONTROLLED_COOKING_LIQUID,pending
1511-3,1511,黑芝麻豆浆,41,水,水700g,,其他,700g,1,主锅中加入泡好的黄豆、黑芝麻和700g水，盖上锅盖和量杯，设置：30分钟/100℃/2档（反转）炖煮,cooking_liquid,NUTRITION_USAGE_CONTROLLED_COOKING_LIQUID,pending
1515-3,1515,木瓜炖银耳,41,水,水700g,,其他,700g,1,主锅中加入银耳和水，盖上锅盖和量杯，设置：10分钟/100℃/1档（反转）煮制,cooking_liquid,NUTRITION_USAGE_CONTROLLED_COOKING_LIQUID,pending
1516-8,1516,胡萝卜炒牛肉,28,食用油,食用油30g,,调料,30g,5;8,主锅中加入15g食用油和姜丝，盖上锅盖和量杯，设置：2分钟/140℃/1档（反转）爆香;主锅中加入15g食用油、蒜末和胡萝卜丝，盖上锅盖和量杯，设置：3分钟/140℃/1档（反转）炒拌,cooking_fat,NUTRITION_USAGE_CONTROLLED_COOKING_FAT,pending
1517-12,1517,紫菜卷,208,猪油,猪油10克,,肉禽,10克,4,加猪油，拌匀，加芝麻油，拌匀，制成馅料,cooking_fat,NUTRITION_USAGE_CONTROLLED_COOKING_FAT,pending
1519-11,1519,酱鸭腿,41,水,水900g,,其他,900g,1,加入焯好的鸭腿块、八角、香叶、花椒、10g姜片、大葱段、20g料酒、生抽、老抽、冰糖和300g水，盖上锅盖和量杯，设置：20分钟/105℃/1档（反转）烧煮，再设置：25分钟/140℃/1档（反转）收汁,cooking_liquid,NUTRITION_USAGE_CONTROLLED_COOKING_LIQUID,pending
1523-7,1523,艾窝窝,41,水,水600g,,其他,600g,2,主锅中加入600g水，盖上锅盖，放上复式蒸锅，设置：40分钟/140℃/1档蒸制，糯米蒸熟后裹上保鲜膜放凉备用,cooking_liquid,NUTRITION_USAGE_CONTROLLED_COOKING_LIQUID,pending
1524-3,1524,韩国dalgona咖啡,41,水,水100g,,其他,100g,1,主锅中加入速溶黑咖啡粉、砂糖和水，盖上锅盖和量杯，设置：5分钟/98℃/2档熬煮,cooking_liquid,NUTRITION_USAGE_CONTROLLED_COOKING_LIQUID,pending
1526-14,1526,红烧素鸡,41,水,水100g,,其他,100g,3,插入搅拌棒并卡在刀组上，加入素鸡、冰糖、盐、生抽、老抽和水，盖上锅盖和量杯，设置：6分钟/120℃/1档（反转）烧煮，再设置：4分钟/120℃停刀烧煮，烹饪结束即可享用,cooking_liquid,NUTRITION_USAGE_CONTROLLED_COOKING_LIQUID,pending
1526-2,1526,红烧素鸡,28,食用油,食用油20g,,调料,20g,2,主锅中加入食用油、葱段、姜片、蒜片、八角、桂皮、香叶和干红辣椒，盖上锅盖，不要放量杯，设置：3分钟/140℃/1档（反转）煸炒,cooking_fat,NUTRITION_USAGE_CONTROLLED_COOKING_FAT,pending
1527-6,1527,玫瑰花馒头,28,食用油,食用油5g,,调料,5g,1,加入中筋面粉、细砂糖、盐和食用油，盖上锅盖和量杯，设置：4分钟/揉面,cooking_fat,NUTRITION_USAGE_CONTROLLED_COOKING_FAT,pending
1527-7,1527,玫瑰花馒头,41,水,水600g,,其他,600g,8,主锅中加入水，盖上锅盖，放上复式蒸锅，设置：30分钟/140℃/1档蒸制,cooking_liquid,NUTRITION_USAGE_CONTROLLED_COOKING_LIQUID,pending
1529-5,1529,姜汁调蛋,41,水,水150毫升,,其他,150毫升,5,放入方太智能烹饪设备第2层，开启电源，取出水箱加满水，选择“开始烹饪”按键，按屏幕提示操作,cooking_liquid,NUTRITION_USAGE_CONTROLLED_COOKING_LIQUID,pending
1532-2,1532,山东大馒头,41,水,水250克,,其他,250克,2;6,将水和酵母、糖、混合融化;放入方太智能烹饪设备第2层，开启电源，取出水箱加满水，选择“开始烹饪”按键，按屏幕提示操作,cooking_liquid,NUTRITION_USAGE_CONTROLLED_COOKING_LIQUID,pending
1532-5,1532,山东大馒头,208,猪油,猪油20克,,肉禽,20克,,,cooking_fat,NUTRITION_USAGE_CONTROLLED_COOKING_FAT,pending
1535-4,1535,小猪蛋羹,41,水,辅料：水75克,,其他,75克,3;5,加入清水、盐，拌匀;放入方太智能烹饪设备，开启电源，取出水箱加满水，选择“开始烹饪”按键，按屏幕提示操作,cooking_liquid,NUTRITION_USAGE_CONTROLLED_COOKING_LIQUID,pending
1538-15,1538,鱼香肉丝盖浇饭,41,水,水50g,,其他,50g,,,cooking_liquid,NUTRITION_USAGE_CONTROLLED_COOKING_LIQUID,pending
1538-5,1538,鱼香肉丝盖浇饭,28,食用油,食用油20g,,调料,20g,1,主锅中加入里脊肉丝、红油豆瓣酱、葱丝、姜丝、食用油和料酒，盖上锅盖和量杯，设置：2分钟/140℃/1档（反转）煸炒,cooking_fat,NUTRITION_USAGE_CONTROLLED_COOKING_FAT,pending
1539-2,1539,鲍汁海鲜菇,28,食用油,B料：食用油45克,,调料,45克,6,将炒锅上火，放入食用油、蒜末，炒香，放入鲍鱼汁、生抽、鸡精、淀粉水（淀粉1茶匙+清水50毫升）煮制成粘稠的酱汁即可关火,cooking_fat,NUTRITION_USAGE_CONTROLLED_COOKING_FAT,pending
1539-6,1539,鲍汁海鲜菇,41,水,水50克,,其他,50克,1;4;6,将海鲜菇清洗干净后沥干水分;开启电源，取出水箱加满水，选择“开始烹饪”按键，按屏幕提示操作;将炒锅上火，放入食用油、蒜末，炒香，放入鲍鱼汁、生抽、鸡精、淀粉水（淀粉1茶匙+清水50毫升）煮制成粘稠的酱汁即可关火,cooking_liquid,NUTRITION_USAGE_CONTROLLED_COOKING_LIQUID,pending
1540-9,1540,盐水鸡翅,41,水,水800g,,其他,800g,1,主锅中插入搅拌棒并卡在刀组上，加入鸡翅中、姜片、花椒、八角、香叶、1个小红辣椒碎、白糖、盐、水和小葱结，盖上锅盖和量杯，设置：20分钟/100℃/1档（反转）烧煮,cooking_liquid,NUTRITION_USAGE_CONTROLLED_COOKING_LIQUID,pending
1541-7,1541,老干妈蒸鲫鱼,28,食用油,食用油10毫升,,调料,10毫升,4,放入姜片和葱段，淋上食用油，腌渍15分钟至入味,cooking_fat,NUTRITION_USAGE_CONTROLLED_COOKING_FAT,pending
1542-6,1542,豉汁蒸蛤蜊,356,油,油10克,,调料,10克,3,放入料酒、盐、油，拌匀,cooking_fat,NUTRITION_USAGE_CONTROLLED_COOKING_FAT,pending
1543-10,1543,香煎芋丝饼,41,水,清水20毫升,,其他,20毫升,8;10,加入适量清水一同混合搅拌;放入方太智能烹饪设备，开启电源，取出水箱加满水，选择“开始烹饪”按键，按屏幕提示操作,cooking_liquid,NUTRITION_USAGE_CONTROLLED_COOKING_LIQUID,pending
1543-9,1543,香煎芋丝饼,28,食用油,食用油20毫升,,调料,20毫升,,,cooking_fat,NUTRITION_USAGE_CONTROLLED_COOKING_FAT,pending
1546-4,1546,淮南牛肉汤,41,水,水2000g,,其他,2000g,1;2;4,主锅中加入牛腿肉块、10g料酒、10g姜片和700g水，盖上锅盖和量杯，设置：8分钟/140℃/1档（反转）焯水，结束后取出清洗牛肉和主锅;主锅中加入牛肉块、10g姜片、八角、桂皮、陈皮、香叶、肉蔻和1000g水，盖上锅盖和量杯，设置：85分钟/110℃/1档（反转）炖煮;主锅中加入粉丝、白胡椒粉、盐、千张丝和300g水，盖上锅盖和量杯，设置：6分钟/140℃/1档（反转）熬煮,cooking_liquid,NUTRITION_USAGE_CONTROLLED_COOKING_LIQUID,pending
1549-5,1549,肉末酸豆角,28,食用油,食用油20g,,调料,20g,2,主锅插入搅拌棒并卡在刀组上，加入食用油、干辣椒段和蒜末，盖上锅盖和量杯,cooking_fat,NUTRITION_USAGE_CONTROLLED_COOKING_FAT,pending
1549-9,1549,肉末酸豆角,41,水,水80g,,其他,80g,9,加入5g生抽和水，盖上锅盖不加量杯,cooking_liquid,NUTRITION_USAGE_CONTROLLED_COOKING_LIQUID,pending
1550-4,1550,三色蒸蛋,41,水,B料：水40克,,其他,40克,4;5;7,将切好的咸蛋黄、咸蛋白、松花蛋块摆在模具内，在鸡蛋清中加入30g水，并轻轻搅打均匀，把蛋白倒入模具中;再将蛋黄中加入10g水并慢慢搅匀，淋在模具内，确保均匀分布在蛋液表面;开启电源，取出水箱加满水，选择烹饪属性，按确认键，开始烹饪,cooking_liquid,NUTRITION_USAGE_CONTROLLED_COOKING_LIQUID,pending
1551-4,1551,芥蓝蒸肥牛,28,食用油,食用油20毫升,,调料,20毫升,3,方太灶具调至8段火，锅中加入清水，水烧开，加入一半食用油，将芥蓝放入煮1分钟捞出,cooking_fat,NUTRITION_USAGE_CONTROLLED_COOKING_FAT,pending
1555-3,1555,香菇蒸鸡腿肉,28,食用油,食用油5毫升,,调料,5毫升,,,cooking_fat,NUTRITION_USAGE_CONTROLLED_COOKING_FAT,pending
1555-9,1555,香菇蒸鸡腿肉,41,水,清水100毫升,,其他,100毫升,4;8,将香菇用清水洗净，用温水浸泡至软;请取出水箱加满水，选择“开始烹饪”，按屏幕提示操作,cooking_liquid,NUTRITION_USAGE_CONTROLLED_COOKING_LIQUID,pending
1556-7,1556,豆皮金针菇卷,28,食用油,食用油15毫升,,调料,15毫升,5;6,在烤盘里铺上锡纸，在烧烤架上刷适量食用油;将豆皮金针菇卷放在烧烤架上，刷上适量食用油，置入烤箱中,cooking_fat,NUTRITION_USAGE_CONTROLLED_COOKING_FAT,pending
1558-5,1558,橙子蛋糕,169,玉米油,辅料：玉米油28毫升,,蔬菜,28毫升,8,倒入橙汁、玉米油，放入橙皮屑，搅拌均匀，制成蛋糕糊,cooking_fat,NUTRITION_USAGE_CONTROLLED_COOKING_FAT,pending
1559-19,1559,洋葱牛肉包子,28,食用油,食用油5ml,,调料,5ml,4;6,最后再加食用油和洋葱丁，拌匀后冷藏30分钟备用;酵母水中加入面粉、食用油和3g白糖揉成光滑面团,cooking_fat,NUTRITION_USAGE_CONTROLLED_COOKING_FAT,pending
1559-2,1559,洋葱牛肉包子,41,水,温水75g,温,其他,75g,2;5;6;9;10,然后分5次加入凉白开水，一次10g，搅打完全吸收后再加水，直至肉馅顺滑，没有多余水份;酵母用温水化开;酵母水中加入面粉、食用油和3g白糖揉成光滑面团;放入设备中间层，取出水箱加满水，选择“发酵”按键，设置35摄氏度，30分钟;发酵完成后，取出水箱加满水，选择“开始烹饪”按键，按屏幕提示操作,cooking_liquid,NUTRITION_USAGE_CONTROLLED_COOKING_LIQUID,pending
1560-2,1560,高桥松饼,208,猪油,猪油36g,,肉禽,36g,3,静置水油面团时，将油酥面团中所有原料拌匀，用手掌根将猪油和面粉向前推擦至无白色粉粒，色泽均匀的面团即可（勿推擦过度，否则油酥面团会变得软而黏手）,cooking_fat,NUTRITION_USAGE_CONTROLLED_COOKING_FAT,pending
1560-4,1560,高桥松饼,41,水,清水48g,,其他,48g,1;3;5;6;7,将水油面团中所有原料放入料理盆中充分拌匀呈较稀软的不规则碎块状，再用力快速将面块在案板上搓揉均匀，待成为质地均匀柔软光滑的面团后，即成水油面团;静置水油面团时，将油酥面团中所有原料拌匀，用手掌根将猪油和面粉向前推擦至无白色粉粒，色泽均匀的面团即可（勿推擦过度，否则油酥面团会变得软而黏手）;将水油面团和油酥面团均分为11份（水油面团18g/份，油酥面团13g/份），并分别搓成球形（用保鲜膜盖住面团，防止干皮）;将水油面团捏成的中间厚边缘略薄圆皮，将油酥面团放在水油面团的中间;将水油面团向上拢并收口捏紧，收口向下，按成圆形面坯（盖上保鲜膜防干）,cooking_liquid,NUTRITION_USAGE_CONTROLLED_COOKING_LIQUID,pending
1560-6,1560,高桥松饼,208,猪油,猪油50g,,肉禽,50g,,,cooking_fat,NUTRITION_USAGE_CONTROLLED_COOKING_FAT,pending
1561-4,1561,照烧鳗鱼,20,橄榄油,橄榄油10毫升,,调料,10毫升,1,在铺有锡纸的烤盘上刷适量橄榄油,cooking_fat,NUTRITION_USAGE_CONTROLLED_COOKING_FAT,pending
1561-6,1561,照烧鳗鱼,28,食用油,食用油10毫升,,调料,10毫升,4,打开烤箱，刷上适量食用油、烧烤汁、烤肉酱、生抽,cooking_fat,NUTRITION_USAGE_CONTROLLED_COOKING_FAT,pending
1562-4,1562,雪蒸糕,41,水,水150克,,其他,150克,4;10,打好的米粉过筛，米粉中加水，搅拌均匀呈一团团均匀的小面团;放入方太智能烹饪设备第2层，开启电源，取出水箱加满水，选择“开始烹饪”按键，按屏幕提示操作,cooking_liquid,NUTRITION_USAGE_CONTROLLED_COOKING_LIQUID,pending
1566-9,1566,韩式部队火锅,1079,鸡汤,鸡汤700克,,肉禽,700克,1,主锅中加入娃娃菜、平菇、鱼丸、牛肉丸、火腿片、魔芋丝、韩国泡菜、韩国辣酱和鸡汤，盖上锅盖，设置：12分钟/大火/水煮类,cooking_liquid,NUTRITION_USAGE_CONTROLLED_COOKING_LIQUID,pending
1567-10,1567,酸菜牛肉,28,食用油,食用油30g,,调料,30g,1;6,牛肉洗净沥干切片，依次加入小苏打、盐、白酒、5g姜丝、5g生抽、淀粉、老抽、水顺时针方向搅拌使牛肉入水，再在表面倒入20g食用油，盖上保鲜膜冷藏腌制至少20分钟;主锅中加入10g食用油、10g姜丝、蒜片和小米辣，盖上锅盖和量杯，设置：2分钟/140℃/2档（反转）煸香,cooking_fat,NUTRITION_USAGE_CONTROLLED_COOKING_FAT,pending
1567-9,1567,酸菜牛肉,41,水,水80g,,其他,80g,1,牛肉洗净沥干切片，依次加入小苏打、盐、白酒、5g姜丝、5g生抽、淀粉、老抽、水顺时针方向搅拌使牛肉入水，再在表面倒入20g食用油，盖上保鲜膜冷藏腌制至少20分钟,cooking_liquid,NUTRITION_USAGE_CONTROLLED_COOKING_LIQUID,pending
1568-4,1568,红糖发糕,41,水,温水（35℃左右，稍微有温感）20ml,温,其他,20ml,1;3;4;5;7;8,将酵母粉加入温水中，用筷子搅拌至酵母溶解，备用;枸杞泡发后擦干水分备用;将红糖加入70ml温水中，用筷子搅拌至糖完全溶解，待其温度稍凉;加入鸡蛋液、泡打粉、面粉和酵母水，用筷子快速搅打3-4分钟，直到表面细腻，无明显颗粒;放入设备中间层，取出水箱加满水，选择“发酵”模式，设置35摄氏度，30分钟，开始发酵;发酵结束后取出，表面摆放红枣和枸杞，放入设备中间层，取出水箱加满水，选择“开始烹饪”按键，按屏幕提示操作,cooking_liquid,NUTRITION_USAGE_CONTROLLED_COOKING_LIQUID,pending
1569-7,1569,南瓜蒸排骨,28,食用油,食用油10g,,调料,10g,1,主锅中加入排骨、豆豉、蒜末、生抽、酱油、生粉、食用油和盐，盖上锅盖和量杯，设置：3分钟/1档（反转）混合,cooking_fat,NUTRITION_USAGE_CONTROLLED_COOKING_FAT,pending
1569-9,1569,南瓜蒸排骨,41,水,水600g,,其他,600g,3,主锅中加入600g水，盖上锅盖并放上蒸锅，将南瓜块平铺在蒸盘中，放上腌制好的排骨，盖上蒸盖，设置：30分钟/110℃/1档蒸制,cooking_liquid,NUTRITION_USAGE_CONTROLLED_COOKING_LIQUID,pending
1570-12,1570,香菇板栗烧鸡,41,水,水300g,,其他,300g,4,加入鲜香菇、板栗仁、盐和水，盖上锅盖和量杯，设置：2分钟/140℃/1档（反转）混合，再设置：13分钟/110℃停刀烧煮,cooking_liquid,NUTRITION_USAGE_CONTROLLED_COOKING_LIQUID,pending
1570-6,1570,香菇板栗烧鸡,28,食用油,食用油20g,,调料,20g,2,主锅中加入食用油、姜片和蒜瓣，盖上锅盖，不要放量杯，设置：2分钟/140℃/1档（反转）煸炒,cooking_fat,NUTRITION_USAGE_CONTROLLED_COOKING_FAT,pending
1571-7,1571,皮冻,41,水,水2000g,,其他,2000g,1,加入处理好的肉皮、盐和1200g水，盖上锅盖和量杯，设置：70分钟/100℃/1档熬煮，再设置：2分钟/10档打浆,cooking_liquid,NUTRITION_USAGE_CONTROLLED_COOKING_LIQUID,pending
1572-6,1572,网红古早蛋糕,1183,植物油,植物油70克,,调料,70克,2,植物油先加热，然后加入过筛的低筋面粉，搅拌均匀,cooking_fat,NUTRITION_USAGE_CONTROLLED_COOKING_FAT,pending
1573-11,1573,黄金猪排,28,食用油,食用油30克,,调料,30克,6,然后将肉片平铺在铺有锡纸的蒸烤盘上，用刷子将食用油刷在猪排表面,cooking_fat,NUTRITION_USAGE_CONTROLLED_COOKING_FAT,pending
1573-15,1573,黄金猪排,28,食用油,食用油30克,,调料,30克,,,cooking_fat,NUTRITION_USAGE_CONTROLLED_COOKING_FAT,pending
1574-10,1574,小鱼干蒸茄子,28,食用油,食用油15毫升,,调料,15毫升,6,放上拌好的小鱼干，撒上姜丝，放入红椒圈，淋入少许食用油,cooking_fat,NUTRITION_USAGE_CONTROLLED_COOKING_FAT,pending
1575-2,1575,桂花肉,28,食用油,B料：食用油40克,,调料,40克,,,cooking_fat,NUTRITION_USAGE_CONTROLLED_COOKING_FAT,pending
1576-1,1576,素三丁,28,食用油,主料：食用油25g,,调料,25g,,,cooking_fat,NUTRITION_USAGE_CONTROLLED_COOKING_FAT,pending
1577-4,1577,孜然羊肉,28,食用油,食用油20g,,调料,20g,2,主锅中加入食用油、花椒、姜丝、葱花和蒜片，盖上锅盖和量杯，设置：3分钟/140℃/1档（反转）爆香,cooking_fat,NUTRITION_USAGE_CONTROLLED_COOKING_FAT,pending
1580-13,1580,烤火鸡,41,水,C料：清水200克,,其他,200克,1,将原料B全部倒入锅中，水沸后立即关火，加入原料C，其中柠檬和香橙切瓣后挤出果汁，连同果皮一起放入腌料中，洋葱切块也放入腌料中,cooking_liquid,NUTRITION_USAGE_CONTROLLED_COOKING_LIQUID,pending
1581-8,1581,迷迭香烤鸡脯肉,28,食用油,食用油10毫升,,调料,10毫升,3;5;7,再加入孜然粉、食用油、迷迭香，搅拌均匀，腌渍20分钟，至其入味，备用;在垫有锡纸的烤盘上刷上适量食用油，将鸡脯肉放到烤盘上，放入烤箱中;打开箱门，将烤串翻面，撒上迷迭香碎，再依次刷上少许食用油、烧烤汁,cooking_fat,NUTRITION_USAGE_CONTROLLED_COOKING_FAT,pending
1582-5,1582,荷叶夹,41,水,水150g,,其他,150g,1;7,主锅加入水、酵母和白糖，盖上锅盖和量杯;发酵完成后，用擀面杖擀成面皮，在面皮表面喷上少许水后卷成长条备用,cooking_liquid,NUTRITION_USAGE_CONTROLLED_COOKING_LIQUID,pending
1582-6,1582,荷叶夹,28,食用油,食用油6g,,调料,6g,,,cooking_fat,NUTRITION_USAGE_CONTROLLED_COOKING_FAT,pending
1585-12,1585,玛格丽特披萨,20,橄榄油,橄榄油15克,,调料,15克,3,取一个大碗放入中筋面粉 将混合均匀的水和酵母倒入中筋面粉中 再加入糖 食盐 牛奶 橄榄油 混合均匀至无干粉状态,cooking_fat,NUTRITION_USAGE_CONTROLLED_COOKING_FAT,pending
1585-9,1585,玛格丽特披萨,41,水,温水60毫升,温,其他,60毫升,2;3,取一个碗 在碗中倒入温水 加入酵母 将酵母与温水混合均匀;取一个大碗放入中筋面粉 将混合均匀的水和酵母倒入中筋面粉中 再加入糖 食盐 牛奶 橄榄油 混合均匀至无干粉状态,cooking_liquid,NUTRITION_USAGE_CONTROLLED_COOKING_LIQUID,pending
1587-6,1587,三文鱼蔬菜饼,28,食用油,食用油20克,,调料,20克,,,cooking_fat,NUTRITION_USAGE_CONTROLLED_COOKING_FAT,pending
1588-1,1588,红烧土豆牛肉,28,食用油,主料：食用油20g,,调料,20g,1,主锅中加入食用油、葱花、蒜末、姜片和干辣椒，盖上锅盖和量杯，设置：3分钟/140℃/1档（反转）爆香,cooking_fat,NUTRITION_USAGE_CONTROLLED_COOKING_FAT,pending
1588-13,1588,红烧土豆牛肉,41,水,热水600g,热,其他,600g,3,加入洋葱丝、西红柿和热水，盖上锅盖和量杯，设置：20分钟/140℃/1档（反转）炖煮,cooking_liquid,NUTRITION_USAGE_CONTROLLED_COOKING_LIQUID,pending
1590-5,1590,超简单香芋蒸排骨,356,油,油3毫升,,调料,3毫升,2,排骨洗干净切块控干放入碗中加入部分盐、糖、生粉 、生抽、胡椒粉、料酒、油、蒜蓉抓匀盖好保鲜膜放冰箱里腌3小时,cooking_fat,NUTRITION_USAGE_CONTROLLED_COOKING_FAT,pending
1593-2,1593,蛋黄酥（多层）,208,猪油,猪油162g,,肉禽,162g,3;4;5,把B中的120g低粉、60g猪油混合，并揉成原色面团;把B中的120g低粉、60g猪油、紫薯粉混合均匀并揉成紫色面团;把B中的120g低粉、60g猪油、抹茶粉混合均匀并揉成绿色面团,cooking_fat,NUTRITION_USAGE_CONTROLLED_COOKING_FAT,pending
1593-4,1593,蛋黄酥（多层）,41,水,水180g,,其他,180g,,,cooking_liquid,NUTRITION_USAGE_CONTROLLED_COOKING_LIQUID,pending
1593-6,1593,蛋黄酥（多层）,208,猪油,猪油180g,,肉禽,180g,,,cooking_fat,NUTRITION_USAGE_CONTROLLED_COOKING_FAT,pending
1594-2,1594,小鸡馒头,41,水,辅料：水110克,,其他,110克,3;10,加入水，揉成光滑的面团;放入方太智能烹饪设备，开启电源，取出水箱加满水，选择“开始烹饪”按键，按屏幕提示操作,cooking_liquid,NUTRITION_USAGE_CONTROLLED_COOKING_LIQUID,pending
1595-6,1595,香橙烤黄鱼,20,橄榄油,橄榄油15克,,调料,15克,,,cooking_fat,NUTRITION_USAGE_CONTROLLED_COOKING_FAT,pending
1597-2,1597,人参茶,41,水,水300g,,其他,300g,1,主锅中加入人参、水和冰糖，盖上锅盖和量杯，设置：5分钟/140℃/1档熬煮,cooking_liquid,NUTRITION_USAGE_CONTROLLED_COOKING_LIQUID,pending
1599-1,1599,香菇白果炒鸡丁,28,食用油,主料：食用油20g,,调料,20g,1,主锅中加入食用油和鸡胸肉丁，盖上锅盖，不要放量杯，设置：3分钟/140℃/1档（反转）煸炒,cooking_fat,NUTRITION_USAGE_CONTROLLED_COOKING_FAT,pending
1600-6,1600,莴笋炒肉片,28,食用油,食用油15g,,调料,15g,3,主锅中加入食用油和蒜末，盖上锅盖，不要放量杯，设置：2分钟/140℃/1档（反转）爆香,cooking_fat,NUTRITION_USAGE_CONTROLLED_COOKING_FAT,pending
1601-5,1601,冬笋排骨廋肉汤,41,水,水2100g,,其他,2100g,2;3;4;5,主锅中加入600g水，盖上锅盖和量杯，设置：5分钟/140℃/1档烧开;加入冬笋，盖上锅盖和量杯，设置：5分钟/120℃/1档（反转）焯水，结束后将主锅内食物倒出并洗净冬笋备用;主锅中加入排骨、10g姜片、料酒和500g水，盖上锅盖和量杯，设置：6分钟/140℃/1档（反转）焯水，结束后将主锅内食物倒出并洗净排骨和主锅;加入焯水后的排骨、冬笋、5g姜片和1000g水，盖上锅盖和量杯，设置：25分钟/100℃/1档（反转）熬煮,cooking_liquid,NUTRITION_USAGE_CONTROLLED_COOKING_LIQUID,pending
1602-4,1602,黑椒蒜蓉蒸鸡腿,28,食用油,食用油15克,,调料,15克,4,将炒锅烧热，倒入原料B中食用油和蒜蓉，开小火煸炒至蒜蓉呈浅黄色取出备用,cooking_fat,NUTRITION_USAGE_CONTROLLED_COOKING_FAT,pending
1603-2,1603,绿豆汤,41,水,辅料：水1500克,,其他,1500克,1,锅中加入200g绿豆（泡好）、1500g水和30g黄冰糖，盖上锅盖，设置：60分钟/炖煮,cooking_liquid,NUTRITION_USAGE_CONTROLLED_COOKING_LIQUID,pending
1605-1,1605,花生酥,461,花生油,主料：花生油100g,,坚果,100g,1,主锅中加入花生油、白糖、盐和鸡蛋液，盖上锅盖和量杯，设置：2分钟/4档（反转）混合,cooking_fat,NUTRITION_USAGE_CONTROLLED_COOKING_FAT,pending
1607-7,1607,海南鸡饭,41,水,水330克,,其他,330克,1;4,将鸡宰杀，去掉鸡头鸡脚，冲洗干净后沥干水分;开启电源，取出水箱加满水，选择烹饪属性，按确认键，开始烹饪,cooking_liquid,NUTRITION_USAGE_CONTROLLED_COOKING_LIQUID,pending
1607-8,1607,海南鸡饭,20,橄榄油,橄榄油1汤匙,,调料,1汤匙,3,将米淘洗干净，加入B中香茅、盐、橄榄油，放在无孔蒸盘/玻璃盘上，将腌好的鸡放在米饭上，将蒸盘放入设备中间层,cooking_fat,NUTRITION_USAGE_CONTROLLED_COOKING_FAT,pending
1611-12,1611,珍珠爆浆蛋糕,41,水,水适量,,其他,,8;9,炖锅中加入适量水，煮沸后放入黑珍珠，煮约8分钟，倒入碗中焖3分钟;锅中放入红糖，加少许水，加热使红糖融化，捞出黑珍珠放入红糖中拌匀，浸泡约20分钟，若此时蛋糕还未准备好，可将红糖珍珠水浴保温,cooking_liquid,NUTRITION_USAGE_CONTROLLED_COOKING_LIQUID,pending
1611-6,1611,珍珠爆浆蛋糕,28,食用油,食用油30克,,调料,30克,3,依次将浸泡出茶香的牛奶、盐、食用油、过筛的低筋面粉加入放有蛋黄的料理盆中，注意每加一种原料需要翻拌至完全混合后再加下一种原料，最后将浸泡过牛奶的2包茶包撕开，将茶叶加入面糊中拌匀,cooking_fat,NUTRITION_USAGE_CONTROLLED_COOKING_FAT,pending
1612-17,1612,清蒸鲈鱼,28,食用油,食用油30克,,调料,30克,,,cooking_fat,NUTRITION_USAGE_CONTROLLED_COOKING_FAT,pending
1612-6,1612,清蒸鲈鱼,41,水,水600克,,其他,600克,3,主锅中加入水、盖上锅盖并放上复式蒸锅，设置：20分钟/140℃/1档蒸制,cooking_liquid,NUTRITION_USAGE_CONTROLLED_COOKING_LIQUID,pending
1613-5,1613,鲫鱼豆腐汤,28,食用油,食用油30g,,调料,30g,1,主锅中插入搅拌棒并卡在刀组上，加入鲫鱼块、食用油、20g大葱段和10g姜片，盖上锅盖，不要放量杯，设置：7分钟/140℃/1档（反转）煸炒,cooking_fat,NUTRITION_USAGE_CONTROLLED_COOKING_FAT,pending
1613-8,1613,鲫鱼豆腐汤,41,水,水1200g,,其他,1200g,2,结束后加入20g料酒和水，盖上锅盖和量杯，设置：30分钟/120℃/停刀烧煮,cooking_liquid,NUTRITION_USAGE_CONTROLLED_COOKING_LIQUID,pending
1616-1,1616,皮蛋瘦肉粥,605,高汤,主料：高汤1000克,,其他,1000克,,,cooking_liquid,NUTRITION_USAGE_CONTROLLED_COOKING_LIQUID,pending
1616-5,1616,皮蛋瘦肉粥,28,食用油,食用油15克,,调料,15克,1,加入皮蛋粒、食用油，设置：3分钟/120℃/1档煸炒,cooking_fat,NUTRITION_USAGE_CONTROLLED_COOKING_FAT,pending
1617-2,1617,海南椰子鸡,41,水,辅料：水800克,,其他,800克,2;3;4;5,加入水800g、料酒20g、生姜35g，冷水煮沸后捞出，用温水洗净;干枸杞加水浸泡至发胀后沥干水分备用;取一铸铁锅，加入焯水鸡块、新鲜椰肉条、珍珠马蹄、NFC100%椰子水、盐、15g生姜和红枣放在蒸烤架上;打开方太蒸烤一体机EP1，将蒸烤架放入蒸烤箱第2层，水箱加满水，开启电源，选择“开始烹饪”按键，按屏幕提示操作,cooking_liquid,NUTRITION_USAGE_CONTROLLED_COOKING_LIQUID,pending
1619-11,1619,咖喱鸡肉面包,41,水,水适量,,其他,,1,制作咖喱鸡肉馅：将咖喱酱放入锅中加入适量水，加热化开，沸腾后加入鸡肉丁、胡萝卜丁、土豆丁，炖煮至土豆丁胡萝卜丁熟透，再加入洋葱丁煮熟，加入黑胡椒粉、盐、糖调味，最后加入适量淀粉水翻炒至浓稠状态即没有汤汁状态，盛入大碗中放凉备用,cooking_liquid,NUTRITION_USAGE_CONTROLLED_COOKING_LIQUID,pending
1619-8,1619,咖喱鸡肉面包,41,水,水100g,,其他,100g,,,cooking_liquid,NUTRITION_USAGE_CONTROLLED_COOKING_LIQUID,pending
1620-12,1620,虾仁鸡蛋卷,28,食用油,食用油10毫升,,调料,10毫升,7,煎锅置火上，倒入少许食用油，用中火烧热，倒入调好的蛋液，摊开铺平，用小火煎成蛋皮，关火后盛出蛋皮，放凉待用,cooking_fat,NUTRITION_USAGE_CONTROLLED_COOKING_FAT,pending
1626-3,1626,雪菜蒸蛏子,208,猪油,辅料：猪油15克,,肉禽,15克,5,燃气灶开大火（7档），下入猪油，油热后倒入姜末爆香,cooking_fat,NUTRITION_USAGE_CONTROLLED_COOKING_FAT,pending
1627-6,1627,豆豉蒸排骨,41,水,水1000克,,其他,1000克,3,主锅中加入水，盖上锅盖并放上复式蒸锅，设置：50分钟/140℃/1档蒸制,cooking_liquid,NUTRITION_USAGE_CONTROLLED_COOKING_LIQUID,pending
1629-4,1629,虫草花炖鸡,41,水,水1800g,,其他,1800g,1;3,主锅中加入鸡肉、10g姜片、料酒和800g水，盖上锅盖和量杯，设置：8分钟/140℃/1档（反转）焯水;主锅中加入焯水后的鸡块、5g姜片、虫草花、陈皮、盐和1000g水，盖上锅盖和量杯，设置：50分钟/105℃停刀烧煮,cooking_liquid,NUTRITION_USAGE_CONTROLLED_COOKING_LIQUID,pending
1630-8,1630,南瓜芒果龙利鱼,20,橄榄油,橄榄油10毫升,,调料,10毫升,6,最后调入橄榄油，搅拌均匀,cooking_fat,NUTRITION_USAGE_CONTROLLED_COOKING_FAT,pending
1631-5,1631,荔枝桂圆汤,41,水,水300g,,其他,300g,1,主锅中加入荔枝肉、桂圆干、红枣、红糖和水，盖上锅盖和量杯，设置：6分钟/100℃/1档熬煮,cooking_liquid,NUTRITION_USAGE_CONTROLLED_COOKING_LIQUID,pending
1632-7,1632,清蒸鳜鱼,28,食用油,食用油10克,,调料,10克,,,cooking_fat,NUTRITION_USAGE_CONTROLLED_COOKING_FAT,pending
1633-5,1633,健康版泡芙,41,水,清水60ml,,其他,60ml,1,将清水、黄油、盐、细砂糖倒入奶锅中,cooking_liquid,NUTRITION_USAGE_CONTROLLED_COOKING_LIQUID,pending
1634-11,1634,法式洛林咸塔,20,橄榄油,橄榄油20g,,调料,20g,4,制作馅料：将切好的培根片、洋葱丝、胡萝卜丝、口蘑片倒入不粘锅内加入橄榄油、盐、胡椒粉炒熟,cooking_fat,NUTRITION_USAGE_CONTROLLED_COOKING_FAT,pending
1634-6,1634,法式洛林咸塔,41,水,水10g,,其他,10g,2;5,再加入鸡蛋和水的混合液体，翻拌均匀，揉成面团即可;将炒熟的馅料倒入滤网内，冷却并滤干多余水分,cooking_liquid,NUTRITION_USAGE_CONTROLLED_COOKING_LIQUID,pending
1635-7,1635,彩椒鸡胸肉,28,食用油,食用油20g,,调料,20g,2,主锅中加入食用油和蒜末，盖上锅盖和量杯，设置：2分钟/140℃/1档煸炒,cooking_fat,NUTRITION_USAGE_CONTROLLED_COOKING_FAT,pending
1636-10,1636,时蔬鸡肉串,155,色拉油,色拉油10克,,调料,10克,4,将彩椒去籽、去筋，然后切成1cm小方块，放到另一个料理盆中，加入20g色拉油和3g盐，并混合均匀，腌制30分钟以上,cooking_fat,NUTRITION_USAGE_CONTROLLED_COOKING_FAT,pending
1636-15,1636,时蔬鸡肉串,155,色拉油,色拉油20克,,调料,20克,,,cooking_fat,NUTRITION_USAGE_CONTROLLED_COOKING_FAT,pending
1637-6,1637,巧克力奶油麦芬蛋糕,1183,植物油,B料：植物油15克,,调料,15克,1,容器中倒入黄油、植物油、糖粉,cooking_fat,NUTRITION_USAGE_CONTROLLED_COOKING_FAT,pending
1637-8,1637,巧克力奶油麦芬蛋糕,41,水,水40毫升,,其他,40毫升,4,再分次倒入清水，每次倒入都用电动打蛋器搅拌至面糊混合均匀,cooking_liquid,NUTRITION_USAGE_CONTROLLED_COOKING_LIQUID,pending
1639-10,1639,西葫芦蒸饺,28,食用油,食用油15毫升,,调料,15毫升,2,取一个大碗，倒入肉末、西葫芦、姜末，再加入葱花，放入生抽、盐、鸡粉，再倒入食用油、十三香，拌匀，制成馅料,cooking_fat,NUTRITION_USAGE_CONTROLLED_COOKING_FAT,pending
1641-4,1641,团团圆圆—南瓜汤圆,41,水,辅料：水30毫升,,其他,30毫升,3;5,放入方太智能烹饪设备，开启电源，取出水箱加满水，选择“开始烹饪”按键，按屏幕提示操作;南瓜泥中加入糯米粉和水搅拌均匀,cooking_liquid,NUTRITION_USAGE_CONTROLLED_COOKING_LIQUID,pending
1642-6,1642,蔓越莓三色吐司,41,水,水155克,,其他,155克,3,（可适量加少许水先溶解抹茶粉和可可粉，再加入到面团当中）,cooking_liquid,NUTRITION_USAGE_CONTROLLED_COOKING_LIQUID,pending
1643-2,1643,西红柿烧芦子,41,水,水400g,,其他,400g,1;2,主锅中加入嫩葫芦块、400g水和1勺盐，盖上锅盖和量杯，设置： 6分钟/140℃/1档（反转）焯水;结束后，倒出嫩葫芦片过冷水并沥干水分，清洗主锅,cooking_liquid,NUTRITION_USAGE_CONTROLLED_COOKING_LIQUID,pending
1643-5,1643,西红柿烧芦子,28,食用油,食用油25g,,调料,25g,3,主锅中加入姜末、食用油和番茄块，盖上锅盖，不要放量杯，设置：5分钟/140℃/ 1档（反转）煸炒,cooking_fat,NUTRITION_USAGE_CONTROLLED_COOKING_FAT,pending
1645-4,1645,芝麻枸杞二米粥,41,水,水1200g,,其他,1200g,1,主锅中加入大米、糯米、熟黑芝麻、冰糖和1200g水，盖上锅盖，不要放量杯，设置：40分钟/98℃/2档（反转）熬煮,cooking_liquid,NUTRITION_USAGE_CONTROLLED_COOKING_LIQUID,pending
1647-5,1647,低温清蒸三文鱼,20,橄榄油,橄榄油10毫升,,调料,10毫升,,,cooking_fat,NUTRITION_USAGE_CONTROLLED_COOKING_FAT,pending
1648-2,1648,白灼小龙虾,41,水,开水1500g,煮沸,其他,1500g,1;2,主锅中加入小龙虾、1500g开水、小葱段、姜片和料酒，盖上锅盖和量杯，设置：10分钟/140℃/1档（反转）熬煮;烹饪结束，取出小龙虾过凉沥干水分，并洗净主锅,cooking_liquid,NUTRITION_USAGE_CONTROLLED_COOKING_LIQUID,pending
1649-5,1649,玉米面包,1985,葵花籽油,葵花籽油10ml,,调料,10ml,4,案板上抹上葵花籽油，将面团置于上面揉，大概2分钟,cooking_fat,NUTRITION_USAGE_CONTROLLED_COOKING_FAT,pending
1651-15,1651,酱烤肋条肉,41,水,开水800克,煮沸,其他,800克,1;2;4,将肋条肉清洗干净，然后冷水下锅，加入小葱、生姜片和料酒，焯水，水开后约中火10-15分钟;捞出来冷水冲洗一下;深碗内倒入开水、小葱、生姜、八角、桂皮、草果、香叶、白豆蔻、盐、生抽、老抽、蚝油、排骨酱、花生酱用筷子拌匀，放入肋条肉浸泡，没过肉,cooking_liquid,NUTRITION_USAGE_CONTROLLED_COOKING_LIQUID,pending
1652-14,1652,鲜虾粉果,28,食用油,食用油5克,,调料,5克,3,洗净的虾仁装入碗中，加入少许盐、白糖、生粉，倒入适量食用油，拌匀，腌渍20分钟，至其入味,cooking_fat,NUTRITION_USAGE_CONTROLLED_COOKING_FAT,pending
1652-7,1652,鲜虾粉果,208,猪油,辅料：猪油8克,,肉禽,8克,5;7,将肉末放入碗中，加入2克盐、生粉、生抽，拌匀至起胶，倒入适量清水，搅匀，放入虾仁，搅拌匀，加入适量鸡粉、白糖、胡椒粉、芝麻油，拌匀，放入猪油，拌匀，制成肉馅;将适量生粉放入装有澄面的碗中，加入少许盐，分次倒入少许清水，拌匀，至其呈糊状，倒入适量开水烫至凝固，放入少许生粉，搅拌匀，再分次放入少许生粉，揉搓成面团，加入猪油，搅拌匀，揉搓成光滑的面团,cooking_fat,NUTRITION_USAGE_CONTROLLED_COOKING_FAT,pending
1653-5,1653,腰果虾仁,28,食用油,食用油15克,,调料,15克,2,主锅中加入食用油、虾仁、小葱段、蒜末、胡萝卜片，盖上锅盖，设置：3分钟/猛火/热炒,cooking_fat,NUTRITION_USAGE_CONTROLLED_COOKING_FAT,pending
1655-11,1655,橙子蛋糕卷,169,玉米油,玉米油50克,,蔬菜,50克,4,制作蛋黄糊：依次将牛奶、盐、香草精、过筛的粉类、玉米油加入放有蛋黄的料理盆中，注意每加一种原料需要翻拌至完全混合后再加下一种原料,cooking_fat,NUTRITION_USAGE_CONTROLLED_COOKING_FAT,pending
1656-3,1656,冬瓜粥,41,水,水1000克,,其他,1000克,3,将冬瓜块、冬瓜皮和粳米放入砂锅内，加入水,cooking_liquid,NUTRITION_USAGE_CONTROLLED_COOKING_LIQUID,pending
1657-2,1657,猪肉大葱肉饼,41,水,水200g,,其他,200g,1,主锅中加入中筋面粉和水，盖上锅盖和量杯，设置：3分钟/揉面,cooking_liquid,NUTRITION_USAGE_CONTROLLED_COOKING_LIQUID,pending
1658-5,1658,双花山楂茶,41,水,水600g,,其他,600g,1;2,山楂圈、金银花和菊花清水浸泡洗净;主锅中加入山楂圈、金银花、菊花、冰糖和水，盖上锅盖和量杯，设置：7分钟/105℃停刀烧煮,cooking_liquid,NUTRITION_USAGE_CONTROLLED_COOKING_LIQUID,pending
1659-5,1659,杨枝甘露,41,水,水700克,,其他,700克,2;4,主锅内加入水，盖上锅盖和量杯，设置：10分钟/140℃/1档煮开;烹饪完成，将西米倒出冲凉水备用,cooking_liquid,NUTRITION_USAGE_CONTROLLED_COOKING_LIQUID,pending
1660-2,1660,抹茶蜜豆吐司,41,水,冰水115g,冰,其他,115g,1,主锅加入冰水、鸡蛋、白糖和酵母，盖上锅盖和量杯,cooking_liquid,NUTRITION_USAGE_CONTROLLED_COOKING_LIQUID,pending
1661-3,1661,鱼香尖肝,28,食用油,食用油30g,,调料,30g,1;3,主锅中加入10g食用油，盖上锅盖和量杯，设置：1分钟/140℃/1档热油;主锅中加入10g食用油、姜片和蒜粒，盖上锅盖，不要放量杯，设置：2分钟/140℃/1档（反转）爆香,cooking_fat,NUTRITION_USAGE_CONTROLLED_COOKING_FAT,pending
1661-6,1661,鱼香尖肝,41,水,水15g,,其他,15g,5,加入猪肝，盖上锅盖，不要放量杯，设置：2分钟/140℃/1档（反转）翻炒，结束后加入混合均匀的水淀粉，盖上锅盖，不要放量杯，设置：30秒/120℃/1档（反转）勾芡,cooking_liquid,NUTRITION_USAGE_CONTROLLED_COOKING_LIQUID,pending
1662-2,1662,抹茶蜜豆蛋糕卷,41,水,热水70g,热,其他,70g,1,抹茶粉加入温水，用手动打蛋器搅拌均匀备用,cooking_liquid,NUTRITION_USAGE_CONTROLLED_COOKING_LIQUID,pending
1662-4,1662,抹茶蜜豆蛋糕卷,169,玉米油,玉米油50g,,蔬菜,50g,2,主锅加入抹茶糊、蛋黄、玉米油和低筋面粉,cooking_fat,NUTRITION_USAGE_CONTROLLED_COOKING_FAT,pending
1663-13,1663,农家小炒鸡,41,水,水100g,,其他,100g,5,加入水，盖上锅盖和量杯，设置：10分钟/140℃/1档（反转）烧制,cooking_liquid,NUTRITION_USAGE_CONTROLLED_COOKING_LIQUID,pending
1663-6,1663,农家小炒鸡,28,食用油,食用油15g,,调料,15g,3,主锅中加入食用油、干辣椒段、葱白段和豆豉，盖上锅盖和量杯，设置：3分钟/140℃/1档（反转）煸炒,cooking_fat,NUTRITION_USAGE_CONTROLLED_COOKING_FAT,pending
1666-9,1666,蜂蜜牛奶小餐包,41,水,水5g,,其他,5g,,,cooking_liquid,NUTRITION_USAGE_CONTROLLED_COOKING_LIQUID,pending
1667-1,1667,上汤豆苗,41,水,主料：水800克,,其他,800克,1;2;3;5,主锅中加入水500g，盖上锅盖和量杯，设置：5分钟/140℃/1档煮沸;结束后加入豆苗，盖上锅盖和量杯，设置：40秒/140℃/1档（反转）焯水;结束后捞出放入冰水中，泡1分钟沥干水分;结束后，加入300g水和盐，盖上锅盖和量杯，设置：4分钟/140℃/1档（反转）烧沸,cooking_liquid,NUTRITION_USAGE_CONTROLLED_COOKING_LIQUID,pending
1667-3,1667,上汤豆苗,28,食用油,食用油5克,,调料,5克,4,主锅中加入食用油、姜片和蒜片，盖上锅盖和量杯，设置：3分钟/140℃/1档（反转）煸炒,cooking_fat,NUTRITION_USAGE_CONTROLLED_COOKING_FAT,pending
1668-2,1668,培根茄汁意面,41,水,水500克,,其他,500克,1;3;5,将培根切0.5厘米宽条，番茄焯水去皮后切成0.8*0.8cm的粒;在微波专用盒中放入A中意大利面、盐、水并盖上盖子，与调味料B一同放入蒸微一体机微波加热区;当提示音响起，取出意大利面，沥干水分，与食用油拌匀，取出调料碗B放在一边待用,cooking_liquid,NUTRITION_USAGE_CONTROLLED_COOKING_LIQUID,pending
1668-4,1668,培根茄汁意面,28,食用油,食用油1汤匙,,调料,1汤匙,5,当提示音响起，取出意大利面，沥干水分，与食用油拌匀，取出调料碗B放在一边待用,cooking_fat,NUTRITION_USAGE_CONTROLLED_COOKING_FAT,pending
1670-1,1670,娃娃菜油豆腐煲,28,食用油,主料：食用油15g,,调料,15g,2,主锅中加入食用油和五花肉，盖上锅盖，不要放量杯，设置：5分钟/140℃/1档（反转）煸炒,cooking_fat,NUTRITION_USAGE_CONTROLLED_COOKING_FAT,pending
1670-5,1670,娃娃菜油豆腐煲,41,水,水700g,,其他,700g,3,加入大葱、生抽和水，盖上锅盖和量杯，设置：8分钟/120℃/1档（反转）焖煮,cooking_liquid,NUTRITION_USAGE_CONTROLLED_COOKING_LIQUID,pending
1672-1,1672,双色刀切馒头,41,水,主料：水710g,,其他,710g,1;5,主锅中加入110g水、细砂糖和酵母，盖上锅盖和量杯，设置：3分钟/37℃/2档（反转）加热;主锅中加入600g水，盖上锅盖并放上复式蒸锅，设置：28分钟/140℃/1档蒸制,cooking_liquid,NUTRITION_USAGE_CONTROLLED_COOKING_LIQUID,pending
1676-5,1676,粉丝蒸丝瓜,356,油,油10克,,调料,10克,6;7,方太C2.i智控燃气灶开中火（5档），锅烧热下2大匙油，下入2大匙姜末小火煸至姜末干酥;然后将这个姜油均匀浇在摆好的菜上,cooking_fat,NUTRITION_USAGE_CONTROLLED_COOKING_FAT,pending
1677-4,1677,泰式烤全翅,41,水,水105g,,其他,105g,,,cooking_liquid,NUTRITION_USAGE_CONTROLLED_COOKING_LIQUID,pending
1678-10,1678,豆腐蒸黄鱼,28,食用油,食用油8克,,调料,8克,,,cooking_fat,NUTRITION_USAGE_CONTROLLED_COOKING_FAT,pending
1679-10,1679,番茄牛肉烩饭,41,水,水50g,,其他,50g,6,加入番茄酱和水，盖上锅盖和量杯，设置：3分钟/120℃/1档（反转）炒拌,cooking_liquid,NUTRITION_USAGE_CONTROLLED_COOKING_LIQUID,pending
1679-8,1679,番茄牛肉烩饭,28,食用油,食用油20g,,调料,20g,3;5,主锅中加入10g食用油和腌制后的牛肉，盖上锅盖和量杯，设置：2分钟 /140℃/1档（反转）翻炒;加入10g食用油和番茄块，盖上锅盖和量杯，设置：4分钟/140℃/1档（反转）翻炒,cooking_fat,NUTRITION_USAGE_CONTROLLED_COOKING_FAT,pending
1681-8,1681,葱香蒸鲜鱿,28,食用油,食用油10毫升,,调料,10毫升,,,cooking_fat,NUTRITION_USAGE_CONTROLLED_COOKING_FAT,pending
1684-2,1684,香浓豆浆,41,水,水700克,,其他,700克,1,主锅中加入泡发的黄豆和700g水，盖上锅盖和量杯，设置：35分钟/100℃/1档（反转）烧煮,cooking_liquid,NUTRITION_USAGE_CONTROLLED_COOKING_LIQUID,pending
1684-4,1684,香浓豆浆,41,水,开水600克,煮沸,其他,600克,2,加入白糖和600g开水，盖上锅盖和量杯，设置：3分钟/10档打浆,cooking_liquid,NUTRITION_USAGE_CONTROLLED_COOKING_LIQUID,pending
1687-4,1687,橙汁排骨,28,食用油,食用油15g,,调料,15g,2,主锅中加入食用油、腌制后的排骨、橙汁和20g生抽，盖上锅盖和量杯，设置：20分钟/110℃/1档（反转）烧煮，再设置：8分钟/140℃/1档（反转）收汁,cooking_fat,NUTRITION_USAGE_CONTROLLED_COOKING_FAT,pending
1688-4,1688,果蔬汁,41,水,水400g,,其他,400g,1,主锅中加入苹果块、胡萝卜块、蜂蜜和水，盖上锅盖和量杯，设置：1分30秒/10档打浆,cooking_liquid,NUTRITION_USAGE_CONTROLLED_COOKING_LIQUID,pending
1689-8,1689,清蒸比目鱼,1183,植物油,植物油适量,,调料,,7,方太电磁灶开至7段大火，锅中烧热适量植物油,cooking_fat,NUTRITION_USAGE_CONTROLLED_COOKING_FAT,pending
1690-4,1690,南瓜红糖饼,41,水,清水20毫升,,其他,20毫升,2;3;5,开启电源，取出水箱加满水，将南瓜放入中间层，选择【开始烹饪】按键，按屏幕提示操作即可;在搅拌盆中倒入糯米粉，倒入蒸熟的南瓜，加一点开水，和面，揉开，直到面团变得光滑有韧劲;取一个平底锅，加适量老红糖和水，开中火煮沸,cooking_liquid,NUTRITION_USAGE_CONTROLLED_COOKING_LIQUID,pending
1691-2,1691,排骨焖豆角,41,水,水400g,,其他,400g,1;3,排骨剁成块，主锅中加入水和排骨，盖上锅盖和量杯，设置：5分钟/140℃/1档（反转）焯水;烹饪完成后，加入焯水后的排骨，盖上锅盖和量杯，设置：2分钟/140℃/1档（反转）抄拌,cooking_liquid,NUTRITION_USAGE_CONTROLLED_COOKING_LIQUID,pending
1691-3,1691,排骨焖豆角,28,食用油,食用油15g,,调料,15g,2,主锅中加入食用油、小葱段、姜片和小米辣椒段，盖上锅盖和量杯，设置：3分钟/140℃/1档（反转）煸炒,cooking_fat,NUTRITION_USAGE_CONTROLLED_COOKING_FAT,pending
1694-1,1694,烫面春饼面团,41,水,主料：水695g,,其他,695g,1;7,主锅中加入195g水，盖上锅盖和量杯，设置3分钟/140℃/1档烧水;主锅中加入500g水，盖上锅盖，放上复式蒸锅，设置：17分钟/140℃/1档蒸制,cooking_liquid,NUTRITION_USAGE_CONTROLLED_COOKING_LIQUID,pending
1694-4,1694,烫面春饼面团,28,食用油,食用油20g,,调料,20g,5,将小剂子口朝上按扁，在上面刷一层食用油，用擀面杖擀成薄薄的圆饼，再刷一层薄薄的油,cooking_fat,NUTRITION_USAGE_CONTROLLED_COOKING_FAT,pending
1695-4,1695,海带竹荪汤,28,食用油,食用油15g,,调料,15g,2,主锅中加入食用油、姜片和海带丝，盖上锅盖和量杯，设置：4分钟/140℃/1档（反转）爆香,cooking_fat,NUTRITION_USAGE_CONTROLLED_COOKING_FAT,pending
1695-6,1695,海带竹荪汤,41,水,水800g,,其他,800g,3,加入水，盖上锅盖和量杯，设置：30分钟/105℃停刀烧煮,cooking_liquid,NUTRITION_USAGE_CONTROLLED_COOKING_LIQUID,pending
1697-15,1697,蛋黄酥,208,猪油,猪油135克,,肉禽,135克,,,cooking_fat,NUTRITION_USAGE_CONTROLLED_COOKING_FAT,pending
1697-2,1697,蛋黄酥,208,猪油,猪油81克,,肉禽,81克,,,cooking_fat,NUTRITION_USAGE_CONTROLLED_COOKING_FAT,pending
1697-22,1697,蛋黄酥,41,水,水90克,,其他,90克,1;5,水油皮：主锅中加入中筋面粉210g、细砂糖25g、水90g、固态猪油65g和全蛋液25g，盖上锅盖和量杯，设置：8分钟/3档（反转）揉面;水油皮用虎口包住油酥，包好后，擀成片卷成卷，将第一次卷好的卷，收口部位朝上，再次擀成牛舌状卷起来，保鲜膜包好备用,cooking_liquid,NUTRITION_USAGE_CONTROLLED_COOKING_LIQUID,pending
1697-4,1697,蛋黄酥,41,水,水90克,,其他,90克,1,水油皮：主锅中加入中筋面粉210g、细砂糖25g、水90g、固态猪油65g和全蛋液25g，盖上锅盖和量杯，设置：8分钟/3档（反转）揉面,cooking_liquid,NUTRITION_USAGE_CONTROLLED_COOKING_LIQUID,pending
1697-6,1697,蛋黄酥,208,猪油,猪油90克,,肉禽,90克,,,cooking_fat,NUTRITION_USAGE_CONTROLLED_COOKING_FAT,pending
1700-4,1700,银耳鸽蛋羹,1183,植物油,植物油10克,,调料,10克,8,砂锅置火上热，倒入适量植物油，烹入鸡汤和茯苓药汁，煮开后用淀粉勾芡，制成味汁,cooking_fat,NUTRITION_USAGE_CONTROLLED_COOKING_FAT,pending
1700-5,1700,银耳鸽蛋羹,1079,鸡汤,鸡汤10克,,肉禽,10克,8,砂锅置火上热，倒入适量植物油，烹入鸡汤和茯苓药汁，煮开后用淀粉勾芡，制成味汁,cooking_liquid,NUTRITION_USAGE_CONTROLLED_COOKING_LIQUID,pending
1702-4,1702,香烤鲫鱼,28,食用油,食用油30克,,调料,30克,3,将切好的鲫鱼放入碗中，放入姜丝、葱段，倒入料酒、生抽、五香粉、孜然粉、辣椒粉、蚝油、白芝麻、食用油，用手将调料涂抹均匀，在鱼肚中塞入少量的葱段和姜丝，腌制30分钟,cooking_fat,NUTRITION_USAGE_CONTROLLED_COOKING_FAT,pending
1703-10,1703,番茄牛腩,41,水,水300克,,其他,300克,1;2;3;6,将番茄表皮划十字刀，牛腩切成麻将块大小（2*1.5cm）的块，用清水浸泡1小时，充分将血水泡出后沥干水分;煮一锅水，待沸腾后，加入番茄，煮5~10秒钟至表面的皮皱裂后取出放入冷水中，将番茄去皮后，切成大块备用;将牛腩放入锅中加入冷水浸没，并加入A中姜片、葱段、料酒，大火加热至水沸腾，水沸后继续焯水2分钟，捞出用清水冲干净，沥干备用;开启电源，取出水箱加满水，选择烹饪属性，开始烹饪,cooking_liquid,NUTRITION_USAGE_CONTROLLED_COOKING_LIQUID,pending
1703-6,1703,番茄牛腩,28,食用油,B料：食用油30克,,调料,30克,,,cooking_fat,NUTRITION_USAGE_CONTROLLED_COOKING_FAT,pending
1704-5,1704,冰淇淋泡芙,41,水,清水75毫升,,其他,75毫升,2,加入水、细砂糖、黄油,cooking_liquid,NUTRITION_USAGE_CONTROLLED_COOKING_LIQUID,pending
1705-7,1705,泰式甜辣鱿鱼圈,155,色拉油,色拉油1汤匙,,调料,1汤匙,3,鱿鱼圈沥净水分，加入料酒、蒸鱼豉油、盐、白糖、鸡精、色拉油、葱段，姜片、白胡椒粉，搅拌均匀，腌制10分钟,cooking_fat,NUTRITION_USAGE_CONTROLLED_COOKING_FAT,pending
1707-2,1707,雪菜炒蚕豆,41,水,水100g,,其他,100g,,,cooking_liquid,NUTRITION_USAGE_CONTROLLED_COOKING_LIQUID,pending
1707-3,1707,雪菜炒蚕豆,28,食用油,食用油20g,,调料,20g,2,加入食用油，盖上锅盖，不要放量杯，设置：2分钟/140℃/1档（反转）煸炒,cooking_fat,NUTRITION_USAGE_CONTROLLED_COOKING_FAT,pending
1708-7,1708,咸鱼豆腐煲,356,油,油3克,,调料,3克,5;9,锅中加少许油，放入葱姜片爆香，放入咸鱼煸炒;用水淀粉勾芡，洒上葱花香油即可,cooking_fat,NUTRITION_USAGE_CONTROLLED_COOKING_FAT,pending
1710-7,1710,宫廷酸梅汤,41,水,水2750克,,其他,2750克,1;4,主锅中加入乌梅、乌枣、生山楂干、豆蔻、甘草、洛神花、75g冰糖和1250g水，盖上锅盖，设置：23分钟;主锅中加入第一次熬煮的食材、90g冰糖和1500g水，盖上锅盖，设置：23分钟/大火/水煮类,cooking_liquid,NUTRITION_USAGE_CONTROLLED_COOKING_LIQUID,pending
1711-4,1711,萝卜炖筒骨汤,41,水,水1800g,,其他,1800g,2;4,主锅中加入筒子骨、10g姜片和800g水，盖上锅盖和量杯，设置：8分/140℃/1档（反转）焯水;加入筒子骨、10g姜片、料酒和1000g水，盖上锅盖和量杯，设置：60分钟/100℃停刀烧煮,cooking_liquid,NUTRITION_USAGE_CONTROLLED_COOKING_LIQUID,pending
1713-4,1713,红茶戚风,41,水,B料：开水70克,煮沸,其他,70克,1;3;4,取红茶5g（茶包2个）加70g开水浸泡出红茶水，放凉备用;取两个料理盆（无水无油），将鸡蛋黄和蛋清分离到两个料理盆中;在蛋黄中加入细砂糖20g，用手动打蛋器搅拌至砂糖融化，蛋黄颜色发白，再加入冷却后的红茶水30g和色拉油搅拌均匀,cooking_liquid,NUTRITION_USAGE_CONTROLLED_COOKING_LIQUID,pending
1713-6,1713,红茶戚风,155,色拉油,色拉油30克,,调料,30克,4,在蛋黄中加入细砂糖20g，用手动打蛋器搅拌至砂糖融化，蛋黄颜色发白，再加入冷却后的红茶水30g和色拉油搅拌均匀,cooking_fat,NUTRITION_USAGE_CONTROLLED_COOKING_FAT,pending
1714-9,1714,家庭烤鱼,28,食用油,食用油20克,,调料,20克,,,cooking_fat,NUTRITION_USAGE_CONTROLLED_COOKING_FAT,pending
1715-11,1715,香芋蒸排骨,28,食用油,食用油10g,,调料,10g,2,取一碗，加入排骨、盐、白糖、生粉、白胡椒粉、料酒、生抽、食用油、蒜蓉和小米椒，搅拌均匀，盖好保鲜膜放冰箱腌制1小时,cooking_fat,NUTRITION_USAGE_CONTROLLED_COOKING_FAT,pending
1715-12,1715,香芋蒸排骨,41,水,水1000g,,其他,1000g,4,主锅中加入水，盖上锅盖，放上复式蒸锅，设置：50分钟/140℃/1档蒸制,cooking_liquid,NUTRITION_USAGE_CONTROLLED_COOKING_LIQUID,pending
1716-8,1716,清炖牛肉汤,41,水,水1500克,,其他,1500克,1,锅中加入焯好的牛腩块、20g姜片、30g大葱段、1颗草果、4颗砂仁和1500g水，盖上锅盖，设置：1小时/煲汤,cooking_liquid,NUTRITION_USAGE_CONTROLLED_COOKING_LIQUID,pending
1718-2,1718,伤心凉粉,41,水,水900g,,其他,900g,1,主锅中加入豌豆淀粉和水，盖上锅盖和量杯，设置：8分钟/100℃/3档混合,cooking_liquid,NUTRITION_USAGE_CONTROLLED_COOKING_LIQUID,pending
1719-1,1719,木耳笋片,28,食用油,主料：食用油20g,,调料,20g,1,主锅中加入食用油、小葱段和小红辣椒段，盖上锅盖，不要放量杯，设置：2分钟/140℃/ 1档（反转）煸炒,cooking_fat,NUTRITION_USAGE_CONTROLLED_COOKING_FAT,pending
1721-4,1721,香菇蒸虾盏,41,水,水500g,,其他,500g,2,主锅中加入水，盖上锅盖，放上复式蒸锅，设置：20分钟/140℃/1档蒸制,cooking_liquid,NUTRITION_USAGE_CONTROLLED_COOKING_LIQUID,pending
1722-15,1722,鱼香茄子,41,水,清水1茶匙,,其他,1茶匙,6,待提示音响起时取出，将茄子中水分沥出，调料B、C分别加入其中，搅拌均匀后再放入蒸微一体机中，按确认键继续烹饪,cooking_liquid,NUTRITION_USAGE_CONTROLLED_COOKING_LIQUID,pending
1722-2,1722,鱼香茄子,28,食用油,食用油2茶匙,,调料,2茶匙,2,在茄子条中加入A中食用油、盐，并拌和均匀,cooking_fat,NUTRITION_USAGE_CONTROLLED_COOKING_FAT,pending
1722-4,1722,鱼香茄子,28,食用油,B料：食用油2茶匙,,调料,2茶匙,,,cooking_fat,NUTRITION_USAGE_CONTROLLED_COOKING_FAT,pending
1722-7,1722,鱼香茄子,41,水,清水1茶匙,,其他,1茶匙,,,cooking_liquid,NUTRITION_USAGE_CONTROLLED_COOKING_LIQUID,pending
1723-14,1723,红烧肉,41,水,水150克,,其他,150克,1;2;3;5,将五花肉用水冲洗，切成方形（2*2cm）左右的肉块，放入锅中加冷水浸没，并加入A中姜片、葱段、料酒，大火加热至水沸腾，水沸后继续焯水2分钟，捞出用清水冲干净;沥干水分备用;将B中原料放在带盖的微波专用容器底部，再放入焯水后的五花肉块，盖上盖子，放在玻璃蒸盘上;开启电源，取出水箱加满水，选择烹饪属性，开始烹饪,cooking_liquid,NUTRITION_USAGE_CONTROLLED_COOKING_LIQUID,pending
1724-8,1724,四神汤,41,水,水1400克,,其他,1400克,1,锅中焯好的排骨段、150g山药块、泡发好的茯苓、薏仁、莲子和芡实、1大勺盐和1200g水，盖上锅盖，设置：1小时/煲汤,cooking_liquid,NUTRITION_USAGE_CONTROLLED_COOKING_LIQUID,pending
1726-10,1726,蒸泡面,41,水,水200克,,其他,200克,2,先把方便面泡一下水，放入方太智能烹饪设备第2层，开启电源，取出水箱加满水，选择“开始烹饪”按键，按屏幕提示操作,cooking_liquid,NUTRITION_USAGE_CONTROLLED_COOKING_LIQUID,pending
1727-8,1727,六味山楂条,1183,植物油,植物油10克,,调料,10克,6,取一方形烤盘，铺烘焙纸，刷少许植物油防粘,cooking_fat,NUTRITION_USAGE_CONTROLLED_COOKING_FAT,pending
1730-2,1730,豆苗树叶饺,41,水,清水400克,,其他,400克,2;4;5;10,锅中倒适量水，水沸后将洗净的豌豆苗放入锅中，小火煮沸1分钟后捞出;过滤后的豌豆苗纤维用纱布挤掉水分备用;用过滤后的220g绿色汁水和面，揉均匀后的绿色面团待用;放入方太智能烹饪设备第2层，开启电源，取出水箱加满水，选择“开始烹饪”按键，按屏幕提示操作,cooking_liquid,NUTRITION_USAGE_CONTROLLED_COOKING_LIQUID,pending
1733-10,1733,清蒸水晶萝卜卷,41,水,水适量,,其他,,2;4;6,白萝卜去两头，取中间，切片，用开水氽软，沥水待用;肉末加料酒、盐、蚝油、少量清水搅拌均匀，加入胡萝卜、黑木耳;放入方太智能烹饪设备，开启电源，取出水箱加满水，选择“开始烹饪”按键，按屏幕提示操作,cooking_liquid,NUTRITION_USAGE_CONTROLLED_COOKING_LIQUID,pending
1734-7,1734,杏仁核桃酥,28,食用油,食用油65毫升,,调料,65毫升,3,倒入食用油，混合均匀,cooking_fat,NUTRITION_USAGE_CONTROLLED_COOKING_FAT,pending
1735-5,1735,黑米杂粮小窝头,28,食用油,食用油10毫升,,调料,10毫升,3,取一个蒸盘，刷上一层食用油,cooking_fat,NUTRITION_USAGE_CONTROLLED_COOKING_FAT,pending
1736-3,1736,茶叶蛋,41,水,水750克,,其他,750克,,,cooking_liquid,NUTRITION_USAGE_CONTROLLED_COOKING_LIQUID,pending
1737-1,1737,枣糕,41,水,主料：水600g,,其他,600g,1,主锅中加入水和红枣，盖上锅盖和量杯，设置：25分钟/105℃/1档（反转）煮制,cooking_liquid,NUTRITION_USAGE_CONTROLLED_COOKING_LIQUID,pending
1737-8,1737,枣糕,169,玉米油,玉米油70g,,蔬菜,70g,5,加入低筋面粉、泡打粉、小苏打和玉米油，盖上锅盖和量杯，设置：1分30秒/3档混合,cooking_fat,NUTRITION_USAGE_CONTROLLED_COOKING_FAT,pending
1738-14,1738,低盐卤牛肉,41,水,水1000克,,其他,1000克,,,cooking_liquid,NUTRITION_USAGE_CONTROLLED_COOKING_LIQUID,pending
1741-1,1741,榛菇烧鸡,28,食用油,主料：食用油20g,,调料,20g,1,主锅中加入食用油、姜片、蒜片、香叶、桂皮和八角，盖上锅盖，不要放量杯，设置：3分钟/140℃/1档（反转）煸炒,cooking_fat,NUTRITION_USAGE_CONTROLLED_COOKING_FAT,pending
1741-14,1741,榛菇烧鸡,41,水,水150g,,其他,150g,2,插入搅拌棒并卡在刀组上，加入鸡肉、榛蘑、料酒、生抽、老抽、盐、白糖和水，盖上锅盖和量杯，设置：25分钟/110℃/1档（反转）烧煮,cooking_liquid,NUTRITION_USAGE_CONTROLLED_COOKING_LIQUID,pending
1744-2,1744,蚝油炒冬瓜条,41,水,水15g,,其他,15g,1;4,取一小碗加入淀粉和水，混匀制成水淀粉备用;加入水淀粉，盖上锅盖，不要放量杯，设置：20秒/140℃/1档（反转）煸炒,cooking_liquid,NUTRITION_USAGE_CONTROLLED_COOKING_LIQUID,pending
1744-3,1744,蚝油炒冬瓜条,28,食用油,食用油15g,,调料,15g,2,主锅中加入食用油和蒜末，盖上锅盖，不要放量杯，设置：2分钟/140℃/1档（反转）煸炒,cooking_fat,NUTRITION_USAGE_CONTROLLED_COOKING_FAT,pending
1746-4,1746,糍粑,28,食用油,食用油80毫升,,调料,80毫升,3,倒入食用油，搅拌均匀，制成米浆,cooking_fat,NUTRITION_USAGE_CONTROLLED_COOKING_FAT,pending
1747-4,1747,红枣桂圆粥,41,水,水500克,,其他,500克,1,将食材洗净沥干放入砂锅中，并加入水,cooking_liquid,NUTRITION_USAGE_CONTROLLED_COOKING_LIQUID,pending
1748-3,1748,黑芝麻糕,41,水,水1300g,,其他,1300g,1;3;7,主锅中加入马蹄粉、粘米粉和250g水，盖上锅盖和量杯，设置：1分钟/3档混合;主锅中加入冰糖和250g水，盖上锅盖和量杯，设置：4分钟/100℃/1档（反转）烧煮;主锅洗净加入800g水，盖上锅盖，放上复式蒸锅，设置：45分钟/140℃/1档蒸煮,cooking_liquid,NUTRITION_USAGE_CONTROLLED_COOKING_LIQUID,pending
1749-10,1749,鸡肉玉米焖饭,356,油,油3毫升,,调料,3毫升,2;3,鸡腿肉去骨切丁，加入2毫升的蚝油、1毫升生抽、食用油、淀粉和姜片腌制半小时备用;方太燃气灶小火3档热油加入鸡肉炒至半熟,cooking_fat,NUTRITION_USAGE_CONTROLLED_COOKING_FAT,pending
1751-10,1751,萝卜糕,41,水,水1300g,,其他,1300g,3;5,加入挤干的白萝卜丝、粘米粉、澄面、500g水，设置：30秒/4档混匀;主锅中加入800g水，盖上锅盖并放上复式蒸锅，设置：60分钟/120℃/2档蒸制,cooking_liquid,NUTRITION_USAGE_CONTROLLED_COOKING_LIQUID,pending
1751-5,1751,萝卜糕,28,食用油,食用油15g,,调料,15g,1,主锅中加入食用油、腊肠粒和干贝丝，设置：5分钟/140℃/1档煸炒,cooking_fat,NUTRITION_USAGE_CONTROLLED_COOKING_FAT,pending
1752-9,1752,法式香橙煎鸭胸,28,食用油,食用油25毫升,,调料,25毫升,,,cooking_fat,NUTRITION_USAGE_CONTROLLED_COOKING_FAT,pending
1753-1,1753,韩式南瓜羹,41,水,主料：水1200g,,其他,1200g,1;3;4;5,取一个碗，加入糯米粉和500g水，搅拌均匀备用;主锅中加入600g水，盖上锅盖并放上复式蒸锅，设置：30分钟/140℃/1档蒸制;主锅洗净，加入蒸好的南瓜和100g水，盖上锅盖和量杯，设置：10秒/8档打泥，结束后用刮刀将锅内壁食材刮至锅底;加入冰糖和糯米粉水，盖上锅盖和量杯，设置：5分钟/100℃/3档熬煮，烹饪结束，即可享用,cooking_liquid,NUTRITION_USAGE_CONTROLLED_COOKING_LIQUID,pending
1754-5,1754,胡萝卜牛腩煲,41,水,水1200g,,其他,1200g,2;3;4,主锅中加入牛腩、600g水、姜片和料酒，盖上锅盖和量杯，设置：8分钟/140℃/1档（反转）焯水，结束后将锅内食物倒出并清洗牛腩和主锅;加入蒜片、70g洋葱、食用油和焯水后的牛腩，盖上锅盖和量杯，设置：5分钟/140℃/1档（反转）煸炒;加入600g水、盐、八角、桂皮、香叶和生抽，盖上锅盖和量杯，设置：55分钟/105℃停刀烧煮,cooking_liquid,NUTRITION_USAGE_CONTROLLED_COOKING_LIQUID,pending
1754-8,1754,胡萝卜牛腩煲,28,食用油,食用油15g,,调料,15g,3,加入蒜片、70g洋葱、食用油和焯水后的牛腩，盖上锅盖和量杯，设置：5分钟/140℃/1档（反转）煸炒,cooking_fat,NUTRITION_USAGE_CONTROLLED_COOKING_FAT,pending
1755-3,1755,葱油梭子蟹,28,食用油,食用油20克,,调料,20克,,,cooking_fat,NUTRITION_USAGE_CONTROLLED_COOKING_FAT,pending
1756-7,1756,醉麸豆豉蒸黄鱼,356,油,油10克,,调料,10克,4,蒸好后取出，撒葱花，淋热油,cooking_fat,NUTRITION_USAGE_CONTROLLED_COOKING_FAT,pending
1758-2,1758,萝卜清汤,605,高汤,高汤600g,,其他,600g,1,主锅中加入白萝卜和高汤，盖上锅盖和量杯，设置：28分钟/105℃/1档（反转）慢煮,cooking_liquid,NUTRITION_USAGE_CONTROLLED_COOKING_LIQUID,pending
1761-7,1761,咸肉薏米蒸冬瓜,41,水,水500克,,其他,500克,4,取一锅，加入水、黄酒和咸肉,cooking_liquid,NUTRITION_USAGE_CONTROLLED_COOKING_LIQUID,pending
1762-3,1762,玫瑰卷,41,水,辅料：水80克,,其他,80克,1;6,少量水把酵母化开，然后倒面粉里进行揉面，面团差不多发酵到一倍大时即可;放入方太智能烹饪设备，开启电源，取出水箱加满水，选择“开始烹饪”按键，按屏幕提示操作,cooking_liquid,NUTRITION_USAGE_CONTROLLED_COOKING_LIQUID,pending
1764-8,1764,松茸双档海参盅,1079,鸡汤,辅料：鸡汤500毫升,,肉禽,500毫升,7,将锅中的食材捞出，装盅，再倒入事先煮好的鸡汤，调入少许盐,cooking_liquid,NUTRITION_USAGE_CONTROLLED_COOKING_LIQUID,pending
1765-4,1765,芸豆猪脚汤,41,水,水1800g,,其他,1800g,1,加入焯水的猪脚、芸豆、1200g水、5g姜片、10g料酒和大葱白，盖上锅盖和量杯，设置：90分钟/98℃/1档（反转）熬煮,cooking_liquid,NUTRITION_USAGE_CONTROLLED_COOKING_LIQUID,pending
1768-2,1768,百合莲子糖水,41,水,水800g,,其他,800g,1,主锅中加入泡好的莲子和水，盖上锅盖和量杯，设置：25分钟/120℃/1档（反转）焖煮，煮至莲子松软,cooking_liquid,NUTRITION_USAGE_CONTROLLED_COOKING_LIQUID,pending
1769-11,1769,美式烤猪排,28,食用油,食用油15毫升,,调料,15毫升,4,在锡纸上刷适量食用油,cooking_fat,NUTRITION_USAGE_CONTROLLED_COOKING_FAT,pending
1770-4,1770,椰浆西米粽,169,玉米油,辅料：玉米油10毫升,,蔬菜,10毫升,6,倒入玉米油、椰浆混合液，搅拌均匀,cooking_fat,NUTRITION_USAGE_CONTROLLED_COOKING_FAT,pending
1771-5,1771,上汤芦笋,28,食用油,食用油20克,,调料,20克,1,主锅中加入食用油、蒜片、熟咸蛋黄、皮蛋和培根，盖上锅盖，设置：2分钟/热炒/中火,cooking_fat,NUTRITION_USAGE_CONTROLLED_COOKING_FAT,pending
1771-7,1771,上汤芦笋,605,高汤,高汤200克,,其他,200克,2,加入芦笋、加入高汤和盐，盖上锅盖，设置：7分钟/红烧/大火,cooking_liquid,NUTRITION_USAGE_CONTROLLED_COOKING_LIQUID,pending
1772-10,1772,干贝香菇蒸豆腐,28,食用油,食用油10毫升,,调料,10毫升,,,cooking_fat,NUTRITION_USAGE_CONTROLLED_COOKING_FAT,pending
1773-2,1773,超级水果茶,41,水,冰水480g,冰,其他,480g,,,cooking_liquid,NUTRITION_USAGE_CONTROLLED_COOKING_LIQUID,pending
1774-1,1774,青椒牛肚丝,28,食用油,主料：食用油15g,,调料,15g,2,主锅中加入食用油、蒜末、小米辣和豆豉，盖上锅盖和量杯，设置：2分钟/140℃/1档（反转）爆香,cooking_fat,NUTRITION_USAGE_CONTROLLED_COOKING_FAT,pending
1775-2,1775,椰蓉开口酥,208,猪油,猪油45g,,肉禽,45g,,,cooking_fat,NUTRITION_USAGE_CONTROLLED_COOKING_FAT,pending
1775-4,1775,椰蓉开口酥,208,猪油,猪油35g,,肉禽,35g,,,cooking_fat,NUTRITION_USAGE_CONTROLLED_COOKING_FAT,pending
1775-6,1775,椰蓉开口酥,41,水,水40g,,其他,40g,1;2;3;4,将B中水油面和A中干油酥的原料分别放入两个料理盆中，揉至均匀即可，盖保鲜膜松弛20分钟;将C中黄油隔热水融化，稍冷却放入其他材料混合成团，放入冰箱冷藏至硬均分为12份，搓圆，表面盖上保鲜膜防干;将松弛后的干油酥和水油面分别均分成12份，撮圆，表面盖上保鲜膜防干;取1个水油面团擀成直径约5厘米的面片，中间放干油酥，将水油面向上拢并收口，依次完成12个面团，表面盖上保鲜膜防干,cooking_liquid,NUTRITION_USAGE_CONTROLLED_COOKING_LIQUID,pending
1776-1,1776,奶油培根意面,41,水,主料：水1000g,,其他,1000g,1;4,主锅加入水，盖上锅盖和量杯;烧煮结束后，取出意面沥干水份备用,cooking_liquid,NUTRITION_USAGE_CONTROLLED_COOKING_LIQUID,pending
1776-3,1776,奶油培根意面,20,橄榄油,橄榄油20g,,调料,20g,3;6,煮至8分钟时，取下量杯，从小孔加入3g盐、5g橄榄油和意面;主锅加入15g橄榄油、洋葱碎和培根片，盖上锅盖和量杯,cooking_fat,NUTRITION_USAGE_CONTROLLED_COOKING_FAT,pending
1777-1,1777,醋溜白菜,28,食用油,A料：食用油10克,,调料,10克,1,主锅中加入食用油、蒜末和干辣椒段，盖上锅盖，设置：1分钟/热炒/大火,cooking_fat,NUTRITION_USAGE_CONTROLLED_COOKING_FAT,pending
1778-5,1778,南瓜糯米球,28,食用油,食用油300毫升,,调料,300毫升,9,方太CS34BW磁控电磁灶调至4段中火，锅中倒入食用油，油锅底部有小泡泡冒出，放入芝麻球慢炸,cooking_fat,NUTRITION_USAGE_CONTROLLED_COOKING_FAT,pending
1779-1,1779,麻辣冒菜,28,食用油,主料：食用油20g,,调料,20g,1,主锅中加入食用油、藤椒油、青红椒圈、蒜末、姜末和火锅底料，盖上锅盖，不要放量杯，设置：3分钟/140℃/1档（反转）煸炒,cooking_fat,NUTRITION_USAGE_CONTROLLED_COOKING_FAT,pending
1779-9,1779,麻辣冒菜,41,水,水1000g,,其他,1000g,3,加入水、熟鹌鹑蛋、金针菇、香菇、莲藕、豆皮和芹菜，盖上锅盖和量杯，设置：15分钟/110℃/停刀烧煮,cooking_liquid,NUTRITION_USAGE_CONTROLLED_COOKING_LIQUID,pending
1780-9,1780,咸蛋蒸肉饼,28,食用油,食用油5毫升,,调料,5毫升,,,cooking_fat,NUTRITION_USAGE_CONTROLLED_COOKING_FAT,pending
1781-8,1781,培根芝士焗饭,20,橄榄油,橄榄油20克,,调料,20克,2;3,"烧一锅热水，加入少许盐，几滴橄榄油，倒入西兰花焯水,捞出过凉水备用;热锅加热橄榄油，放入蒜与洋葱丁翻炒出香味",cooking_fat,NUTRITION_USAGE_CONTROLLED_COOKING_FAT,pending
1782-1,1782,素炒芹菜,28,食用油,主料：食用油15g,,调料,15g,1,主锅中加入食用油、蒜末和葱花，盖上锅盖和量杯，设置：2分钟/140℃/1档（反转）爆香,cooking_fat,NUTRITION_USAGE_CONTROLLED_COOKING_FAT,pending
1784-2,1784,脆香糍饭糕,28,食用油,食用油500g,,调料,500g,,,cooking_fat,NUTRITION_USAGE_CONTROLLED_COOKING_FAT,pending
1785-6,1785,闪电泡芙,41,水,水120毫升,,其他,120毫升,1,把水倒入锅中，倒入细砂糖、牛奶,cooking_liquid,NUTRITION_USAGE_CONTROLLED_COOKING_LIQUID,pending
1786-5,1786,碳烤虾丸,28,食用油,食用油10毫升,,调料,10毫升,2;3,在烤盘中铺上锡纸，刷上适量食用油;将虾丸放入烤盘中，刷上适量食用油,cooking_fat,NUTRITION_USAGE_CONTROLLED_COOKING_FAT,pending
1787-5,1787,丝瓜蒸香肠,28,食用油,食用油10毫升,,调料,10毫升,4,放上香肠，加入适量食用油,cooking_fat,NUTRITION_USAGE_CONTROLLED_COOKING_FAT,pending
1788-9,1788,排骨蒸茄子,356,油,油5克,,调料,5克,5,小碗装小半碗水，加油、蚝油、生抽、蒜、辣椒粉，搅拌均匀,cooking_fat,NUTRITION_USAGE_CONTROLLED_COOKING_FAT,pending
1789-8,1789,清蒸茄子,28,食用油,食用油15毫升,,调料,15毫升,,,cooking_fat,NUTRITION_USAGE_CONTROLLED_COOKING_FAT,pending
1790-7,1790,莲藕排骨汤,41,水,开水800克,煮沸,其他,800克,2;3,在锅中倒入400g水，排骨、料酒，大火煮开后3-4分钟后关火取出，冲凉水洗净，放入砂锅中，再加入B原料;开启电源，取出水箱加满水，选择“开始烹饪”按键，按屏幕提示操作,cooking_liquid,NUTRITION_USAGE_CONTROLLED_COOKING_LIQUID,pending
1791-7,1791,火腿清蒸鹌鹑蛋,20,橄榄油,橄榄油5克,,调料,5克,3,再少许橄榄油和匀,cooking_fat,NUTRITION_USAGE_CONTROLLED_COOKING_FAT,pending
1792-3,1792,广式月饼,461,花生油,花生油22克,,坚果,22克,2,再加入花生油，充分搅拌乳化呈较粘稠状态,cooking_fat,NUTRITION_USAGE_CONTROLLED_COOKING_FAT,pending
1793-7,1793,溜肝尖,28,食用油,食用油20g,,调料,20g,4,主锅中加入食用油、姜末、蒜末和葱花，盖上锅盖，不要放量杯，设置：3分钟/140℃/1档（反转）爆香,cooking_fat,NUTRITION_USAGE_CONTROLLED_COOKING_FAT,pending
1794-5,1794,蒜苔萝卜炒牛肉,28,食用油,食用油25g,,调料,25g,1;2,取一碗放在锅盖上，依次称取牛肉片、料酒、生抽、1小勺盐和10g食用油，取下碗拌匀，腌制15分钟备用;主锅中加入15g食用油和腌好的牛肉片，盖上锅盖，不要放量杯，设置：3分钟/140℃/2档（反转）煸炒,cooking_fat,NUTRITION_USAGE_CONTROLLED_COOKING_FAT,pending
1795-6,1795,香菇木耳蒸饺,41,水,水100克,,其他,100克,2;9,面粉加入水拌成絮状;开启电源，取出水箱加满水，将蒸烤盘/蒸烤架放入中间层，选择【开始烹饪】按键，按屏幕提示操作即可,cooking_liquid,NUTRITION_USAGE_CONTROLLED_COOKING_LIQUID,pending
1799-3,1799,番茄土豆炖牛腩,41,水,水1100克,,其他,1100克,1;5,主锅中加入牛腩、料酒和600g水，盖上锅盖和量杯，设置：7分钟/140℃/ 1档（反转）焯水;加入生抽、盐、冰糖、白胡椒粉和500g水，盖上锅盖和量杯，设置：50分钟/100℃/ 1档（反转）炖煮,cooking_liquid,NUTRITION_USAGE_CONTROLLED_COOKING_LIQUID,pending
1799-4,1799,番茄土豆炖牛腩,28,食用油,食用油15克,,调料,15克,3,加入食用油、香葱结、姜片、洋葱和牛腩，盖上锅盖和量杯，设置：4分钟/140℃/1档（反转）煸炒,cooking_fat,NUTRITION_USAGE_CONTROLLED_COOKING_FAT,pending
1801-7,1801,杂蔬烤照烧龙利鱼,20,橄榄油,橄榄油少许,,调料,,3;4,撒上葱、黑胡椒、百里香，抹上橄榄油;将蔬菜切好，摆在龙利鱼周边，最后在淋上橄榄油，撒点胡椒粉,cooking_fat,NUTRITION_USAGE_CONTROLLED_COOKING_FAT,pending
1803-2,1803,龟苓膏,41,水,水750g,,其他,750g,1;2,主锅中加入龟苓膏粉和250g水，盖上锅盖和量杯，设置：2分钟/4档混合至无颗粒状;（主锅中）加入500g水，盖上锅盖和量杯，设置：10分钟/110℃/2档（反转）慢煮,cooking_liquid,NUTRITION_USAGE_CONTROLLED_COOKING_LIQUID,pending
1804-5,1804,火腿卷,208,猪油,猪油5克,,肉禽,5克,2,加猪油，揉搓成面团,cooking_fat,NUTRITION_USAGE_CONTROLLED_COOKING_FAT,pending
1810-3,1810,基础煮燕麦饭,41,水,水60克,,其他,60克,2;4;5,将大米淘洗干净，加入水;放入方太智能烹饪设备，开启电源，取出水箱加满水，选择“开始烹饪”按键，按屏幕提示操作;蒸好后取出翻拌均匀，装饰一点水果,cooking_liquid,NUTRITION_USAGE_CONTROLLED_COOKING_LIQUID,pending
1811-10,1811,茄饼蒸肉,356,油,油25毫升,,调料,25毫升,6;7,用筷子逐个将沾满面糊的茄子片放入撒了油的平底锅中，方太电磁灶开至5段中火，将茄子片的两面都煎成金黄色;将肉馅放入大碗中，放入生抽、老抽、花椒粉、料酒、食用油拌均匀,cooking_fat,NUTRITION_USAGE_CONTROLLED_COOKING_FAT,pending
1812-2,1812,四喜烤麸,28,食用油,食用油20g,,调料,20g,1,主锅中加入食用油、泡发的香菇、木耳、黄花菜和花生仁，盖上锅盖和量杯，设置：3分钟/140℃/1档（反转）煸炒,cooking_fat,NUTRITION_USAGE_CONTROLLED_COOKING_FAT,pending
1812-7,1812,四喜烤麸,41,水,水300g,,其他,300g,2,加入烤麸、水、生抽、老抽、冰糖和芝麻油，盖上锅盖和量杯，设置：20分钟/105℃/停刀烧煮,cooking_liquid,NUTRITION_USAGE_CONTROLLED_COOKING_LIQUID,pending
1814-2,1814,肉末粉丝包,41,水,温水150克,温,其他,150克,1;2;7,温水融化酵母静置5分钟;面粉、糖、水混合后倒入酵母水，揉至面团光滑，装入盆内发酵至两倍大;下适量的水（直接放粉丝容易粘锅），再放入粉丝，用盐，糖，生抽，胡椒粉调味，撒入葱花，翻炒均匀出锅,cooking_liquid,NUTRITION_USAGE_CONTROLLED_COOKING_LIQUID,pending
1814-9,1814,肉末粉丝包,356,油,油10克,,调料,10克,4;6,用生抽，油和白胡椒粉，少许糖腌制肉末;热锅下油，油热后下一小勺郫县豆瓣酱炒出红油，下肉末炒匀,cooking_fat,NUTRITION_USAGE_CONTROLLED_COOKING_FAT,pending
1815-4,1815,蒜蓉辣酱烧排骨,41,水,水1100g,,其他,1100g,1;3,主锅中加入排骨、料酒、姜片和800g水，盖上锅盖和量杯，设置：8分钟/140℃/1档（反转）焯水;主锅中加入焯水后的排骨、蒜蓉辣酱、老抽、白糖和300g水，盖上锅盖和量杯，设置：30分钟/120℃/1档（反转）煸炒,cooking_liquid,NUTRITION_USAGE_CONTROLLED_COOKING_LIQUID,pending
1816-5,1816,西兰花炒虾仁,28,食用油,食用油15g,,调料,15g,2,主锅中加入食用油和蒜末，盖上锅盖，不要放量杯，设置：2分钟/140℃/1档（反转）煸炒,cooking_fat,NUTRITION_USAGE_CONTROLLED_COOKING_FAT,pending
1820-3,1820,红薯米饭,41,水,水1330g,,其他,1330g,2;4,取一大碗称取洗净沥干的大米和330g水，再将红薯丁均匀的铺放在大米表面;主锅中加入1000g水，盖上锅盖，放上复式蒸锅，设置：60分钟/140℃/1档蒸制,cooking_liquid,NUTRITION_USAGE_CONTROLLED_COOKING_LIQUID,pending
1823-1,1823,古早芝士蛋糕,169,玉米油,主料：玉米油110g,,蔬菜,110g,,,cooking_fat,NUTRITION_USAGE_CONTROLLED_COOKING_FAT,pending
1824-3,1824,芝麻豆花,41,水,水910g,,其他,910g,1;3,主锅中加入泡发黄豆、20g炒香黑芝麻和900g水，盖上锅盖和量杯，设置：20分钟/98℃/2档煮制，再设置：3分钟/10档打浆;取一大碗放在锅盖上，称取内酯和10g水，取下碗混匀,cooking_liquid,NUTRITION_USAGE_CONTROLLED_COOKING_LIQUID,pending
1826-3,1826,荠菜拌笋丁,28,食用油,食用油1大勺,,调料,1大勺,,,cooking_fat,NUTRITION_USAGE_CONTROLLED_COOKING_FAT,pending
1826-4,1826,荠菜拌笋丁,41,水,水500g,,其他,500g,1;2,加入荠菜，盖上锅盖，不要放量杯，设置：1分钟/120℃/1档（反转）烧煮，结束后取出过凉水并挤干水分备用;加入挤干水的荠菜和鲜笋，加入香油和1小勺盐，盖上锅盖和量杯，设置：10秒/7档打碎,cooking_liquid,NUTRITION_USAGE_CONTROLLED_COOKING_LIQUID,pending
1827-5,1827,拿破仑酥,41,水,水63g,,其他,63g,5;12,将A中粉类过筛，与黄油、盐、冰水混合均匀，搓至均匀无颗粒状态，揉成团，将面团封保鲜膜放冰箱冷藏30分钟左右;取出放凉，用刀切成所需形状，将酥层分开，挤卡仕达酱，最外层表面挤奶油放上时令水果装饰食用,cooking_liquid,NUTRITION_USAGE_CONTROLLED_COOKING_LIQUID,pending
1828-3,1828,黄芪淮山猪骨汤,41,水,水1900g,,其他,1900g,1;3,主锅中加入筒骨、姜片和800g水，盖上锅盖和量杯，设置：8分钟/140℃/1档（反转）焯水;主锅中加入筒骨、白扁豆、黄芪和1100g水，盖上锅盖和量杯，设置：60分钟/105℃停刀烧煮,cooking_liquid,NUTRITION_USAGE_CONTROLLED_COOKING_LIQUID,pending
1829-3,1829,抹茶瑞士卷,155,色拉油,色拉油40克,,调料,40克,1,蛋白蛋黄分开，将4个蛋黄打散，加入牛奶拌匀，再加入色拉油拌匀,cooking_fat,NUTRITION_USAGE_CONTROLLED_COOKING_FAT,pending
1830-6,1830,黑啤鸡翅,28,食用油,食用油25g,,调料,25g,2,主锅中加入食用油、蒜片和姜片，盖上锅盖，不要放量杯，设置：2分钟/140℃/1档（反转）爆香,cooking_fat,NUTRITION_USAGE_CONTROLLED_COOKING_FAT,pending
1832-4,1832,山楂陈皮红糖饮,41,水,水1000g,,其他,1000g,1,主锅中加入山楂干、陈皮、红糖和水，盖上锅盖和量杯，设置：25分钟/105℃熬煮,cooking_liquid,NUTRITION_USAGE_CONTROLLED_COOKING_LIQUID,pending
1833-1,1833,芹菜炒蟹味菇,28,食用油,主料：食用油10g,,调料,10g,2,主锅中加入食用油和蟹味菇，盖上锅盖，不要放量杯，设置：2分钟/140℃/1档（反转）翻炒,cooking_fat,NUTRITION_USAGE_CONTROLLED_COOKING_FAT,pending
1834-5,1834,冰糖雪梨金桔饮,41,水,水800g,,其他,800g,2,主锅中加入雪梨、金桔、红枣、冰糖和水，盖上锅盖和量杯，设置：20分钟/98℃/1档（反转）炖煮,cooking_liquid,NUTRITION_USAGE_CONTROLLED_COOKING_LIQUID,pending
1835-1,1835,生滚海鲜粥,28,食用油,A料：食用油20克,,调料,20克,1,主锅洗净擦干，加入食用油、姜丝和香菇丝，盖上锅盖，打开滑盖，设置：2分钟/大火/热炒,cooking_fat,NUTRITION_USAGE_CONTROLLED_COOKING_FAT,pending
1835-5,1835,生滚海鲜粥,41,水,水1100克,,其他,1100克,2,加入洗净的大米、水和切粒的虾仁，盖上锅盖，打开滑盖，设置：40分钟/大火/慢煮粥模式,cooking_liquid,NUTRITION_USAGE_CONTROLLED_COOKING_LIQUID,pending
1836-8,1836,蜜汁烧鸡全腿,28,食用油,食用油10毫升,,调料,10毫升,1,将洗净的鸡腿装入碗中，放入盐、蜂蜜、烧烤汁、花生酱，再加入芝麻酱、生抽、食用油,cooking_fat,NUTRITION_USAGE_CONTROLLED_COOKING_FAT,pending
1837-5,1837,蜂蜜枣糕,41,水,开水（100℃）140克,煮沸,其他,140克,1;3;5,将红枣15g、葡萄干10g放入清水中浸泡5分钟，取出沥水;将水磨糯米粉、澄面、白糖放入盆中，倒入100℃的热水140g，边倒边搅，搅匀后揉成面团备用;将玻璃蒸盘放在蒸微一体机中间层，开启电源，取出水箱加满水，选择烹饪属性，按确认键，开始烹饪,cooking_liquid,NUTRITION_USAGE_CONTROLLED_COOKING_LIQUID,pending
1838-2,1838,柠汁煎鳕鱼,20,橄榄油,橄榄油15克,,调料,15克,,,cooking_fat,NUTRITION_USAGE_CONTROLLED_COOKING_FAT,pending
1838-9,1838,柠汁煎鳕鱼,20,橄榄油,橄榄油30克,,调料,30克,,,cooking_fat,NUTRITION_USAGE_CONTROLLED_COOKING_FAT,pending
1841-1,1841,八宝辣酱,28,食用油,主料：食用油20g,,调料,20g,1;6,主锅中加入10g食用油、水淀粉和猪腿肉丁，盖上锅盖和量杯，设置：4分钟/140℃/1档（反转）煸炒;加入10g食用油、辣椒酱、豆瓣酱、甜面酱、猪腿肉丁、猪肚、鸭胗和虾皮，盖上锅盖和量杯，设置：5分钟/140℃/1档（反转）煸炒,cooking_fat,NUTRITION_USAGE_CONTROLLED_COOKING_FAT,pending
1841-4,1841,八宝辣酱,41,水,水300g,,其他,300g,3;5;7,主锅中加入鸭胗、猪肚、料酒和200g水，盖上锅盖和量杯，设置：10分钟/140℃/1档（反转）焯水;焯好水的鸭胗切丁备用;结束后，加入笋丁、豆干、虾仁、老抽和100g水，盖上锅盖和量杯，设置：5分钟/140℃/1档（反转）烧煮,cooking_liquid,NUTRITION_USAGE_CONTROLLED_COOKING_LIQUID,pending
1842-14,1842,酸豆角肉末包子,155,色拉油,色拉油10克,,调料,10克,,,cooking_fat,NUTRITION_USAGE_CONTROLLED_COOKING_FAT,pending
1842-5,1842,酸豆角肉末包子,41,水,清水600克,,其他,600克,2;3;14,酵母加糖用37-38度左右的温水拌匀备用;面粉里加入无铝泡打粉拌匀，把酵母水倒入搅拌，加入水和成面团，静置室温发酵40分钟;放入方太智能烹饪设备第2层，开启电源，取出水箱加满水，选择“开始烹饪”按键，按屏幕提示操作,cooking_liquid,NUTRITION_USAGE_CONTROLLED_COOKING_LIQUID,pending
1844-2,1844,棉花杏仁蛋糕,169,玉米油,玉米油35g,,蔬菜,35g,2,主锅中加入玉米油，盖上锅盖和量杯，设置：2分钟/75℃/1档热油,cooking_fat,NUTRITION_USAGE_CONTROLLED_COOKING_FAT,pending
1846-1,1846,冬瓜海带排骨汤,28,食用油,主料：食用油15g,,调料,15g,1,主锅中加入食用油、排骨和姜片，盖上锅盖和量杯，设置：3分钟/140℃/1档（反转）炒拌,cooking_fat,NUTRITION_USAGE_CONTROLLED_COOKING_FAT,pending
1846-3,1846,冬瓜海带排骨汤,41,水,水600g,,其他,600g,2,加入水，盖上锅盖和量杯，设置：30分钟/140℃/1档（反转）熬煮,cooking_liquid,NUTRITION_USAGE_CONTROLLED_COOKING_LIQUID,pending
1847-13,1847,丝瓜蒸猪肚,28,食用油,食用油10毫升,,调料,10毫升,4,倒入少许食用油，腌渍10分钟至入味,cooking_fat,NUTRITION_USAGE_CONTROLLED_COOKING_FAT,pending
1848-2,1848,菠菜小蛋糕,41,水,水520g,,其他,520g,1;6,主锅中加入菠菜段和20g水，盖上锅盖和量杯，设置：10秒/10档切碎;主锅中加入500g水，盖上锅盖，放上复式蒸锅，设置：20分钟/140℃/1档蒸制,cooking_liquid,NUTRITION_USAGE_CONTROLLED_COOKING_LIQUID,pending
1848-6,1848,菠菜小蛋糕,155,色拉油,色拉油12g,,调料,12g,4,加入菠菜泥、色拉油、低筋面粉和牛奶，盖上锅盖和量杯，设置：30秒/3档混合,cooking_fat,NUTRITION_USAGE_CONTROLLED_COOKING_FAT,pending
1849-11,1849,椒盐八宝糯米饭,208,猪油,猪油30克,,肉禽,30克,4;5,烹饪结束，取出，倒入碗中，拌入猪油20g、白糖、糖冬瓜碎、红绿丝碎、干红枣碎、山楂碎、花生及腰果碎、黑白芝麻，拌匀;锅中放入猪油10g，将葱花炒香，放入椒盐、盐、红糖炒出香味,cooking_fat,NUTRITION_USAGE_CONTROLLED_COOKING_FAT,pending
1850-5,1850,蒜苔炒鸡杂,41,水,水500克,,其他,500克,1,主锅中加入鸡心、鸡胗、姜片、料酒和水，盖上锅盖，设置：5分钟/焯水,cooking_liquid,NUTRITION_USAGE_CONTROLLED_COOKING_LIQUID,pending
1850-6,1850,蒜苔炒鸡杂,28,食用油,食用油20克,,调料,20克,3,主锅中加入食用油、姜末、蒜末和葱花，盖上锅盖，设置：1分钟/热炒/大火,cooking_fat,NUTRITION_USAGE_CONTROLLED_COOKING_FAT,pending
1854-2,1854,白米粥,41,水,水270g,,其他,270g,1,主锅中加入大米和水，盖上锅盖和量杯，设置：30分钟/95℃/2档（反转）,cooking_liquid,NUTRITION_USAGE_CONTROLLED_COOKING_LIQUID,pending
1859-9,1859,蝴蝶酥,41,水,B料：水80毫升,,其他,80毫升,2,倒入细砂糖、水、鸡蛋,cooking_liquid,NUTRITION_USAGE_CONTROLLED_COOKING_LIQUID,pending
1863-3,1863,土豆牛骨汤,41,水,水1900g,,其他,1900g,1;2;3,主锅中加入牛仔骨、料酒和700g水，盖上锅盖和量杯，设置：8分钟/140℃/1档（反转）焯水;结束后，用温水洗净牛仔骨并洗净主锅;主锅中加入焯水后的牛仔骨、姜片和1200g水，盖上锅盖和量杯，设置：60分钟/105℃停刀烧煮,cooking_liquid,NUTRITION_USAGE_CONTROLLED_COOKING_LIQUID,pending
1865-9,1865,黑胡椒烤仔鸡,155,色拉油,B料：色拉油适量,,调料,,2,将腌渍好的仔鸡取出，沥去表面腌料汁，平铺在垫有锡纸的烤盘内，戴一次性手套，在鸡肉表面涂抹少许色拉油，均匀地撒上黑胡椒,cooking_fat,NUTRITION_USAGE_CONTROLLED_COOKING_FAT,pending
1866-9,1866,烤猪排,20,橄榄油,橄榄油10毫升,,调料,10毫升,5,把腌制好的猪肋排和洋葱一起放上铺有锡纸的烤盘，淋上橄榄油,cooking_fat,NUTRITION_USAGE_CONTROLLED_COOKING_FAT,pending
1867-13,1867,剁椒鱼头,41,水,水600g,,其他,600g,2,主锅中加入水，盖上锅盖并放上复式蒸锅，设置：22分钟/140℃/1档蒸制,cooking_liquid,NUTRITION_USAGE_CONTROLLED_COOKING_LIQUID,pending
1867-6,1867,剁椒鱼头,28,食用油,食用油20g,,调料,20g,1,主锅中加入食用油、姜末、蒜末、红椒、红剁椒、白糖和白胡椒粉，盖上锅盖和量杯，设置：3分钟/140℃/1档（反转）煸炒，结束后取出炒好的调料浇在鱼头上，再将鱼盘放入蒸锅并盖上蒸盖备用,cooking_fat,NUTRITION_USAGE_CONTROLLED_COOKING_FAT,pending
1871-5,1871,烤箱版烩牛腩,356,油,辅料：油30克,,调料,30克,6,燃气灶开中火（5档），热油，放入姜片、蒜片爆香,cooking_fat,NUTRITION_USAGE_CONTROLLED_COOKING_FAT,pending
1872-6,1872,红茶海绵蛋糕,155,色拉油,B料：色拉油70毫升,,调料,70毫升,5,倒入色拉油，拌匀,cooking_fat,NUTRITION_USAGE_CONTROLLED_COOKING_FAT,pending
1873-4,1873,迷迭香土豆块,20,橄榄油,橄榄油30g,,调料,30g,3,土豆块放入料理盆中，再加入迷迭香碎、3g盐和橄榄油，搅拌均匀,cooking_fat,NUTRITION_USAGE_CONTROLLED_COOKING_FAT,pending
1877-10,1877,梅菜扣肉,28,食用油,食用油20克,,调料,20克,4,取一碗加入肉片、白糖、鸡精、盐、食用油、15g料酒、老抽、海鲜酱、10g小葱段、5g姜片、桂皮、八角和40g水，搅拌均匀后腌制15分钟,cooking_fat,NUTRITION_USAGE_CONTROLLED_COOKING_FAT,pending
1877-2,1877,梅菜扣肉,41,水,水1740克,,其他,1740克,1;2;4;6,梅干菜用温水浸泡2小时，充分洗净，沥干水分，剁碎备用;主锅中加入800g水、五花肉、10g小葱段、5g姜片和15g料酒，盖上锅盖和量杯，设置：30分钟/105℃炖煮;取一碗加入肉片、白糖、鸡精、盐、食用油、15g料酒、老抽、海鲜酱、10g小葱段、5g姜片、桂皮、八角和40g水，搅拌均匀后腌制15分钟;主锅中加入900g水，盖上锅盖，放上复式蒸锅，设置：50分钟/140℃/1档蒸制,cooking_liquid,NUTRITION_USAGE_CONTROLLED_COOKING_LIQUID,pending
1878-2,1878,羊肉串,28,食用油,食用油30克,,调料,30克,3,在羊肉串两面刷上食用油,cooking_fat,NUTRITION_USAGE_CONTROLLED_COOKING_FAT,pending
1881-4,1881,百香果烧排骨,41,水,水1000g,,其他,1000g,1;3,主锅中加入排骨、姜片、料酒和850g水，盖上锅盖和量杯，设置：10分钟/140℃/1档（反转）焯水;主锅中加入焯好的排骨、百香果肉、九制话梅、生抽、老抽、冰糖和150g水，盖上锅盖和量杯，设置：35分钟/120℃/1档（反转）焖煮,cooking_liquid,NUTRITION_USAGE_CONTROLLED_COOKING_LIQUID,pending
1884-1,1884,杏香烩什锦,28,食用油,主料：食用油15g,,调料,15g,1,主锅中加入食用油、胡萝卜片、泡发木耳、杏仁和蒜末，盖上锅盖和量杯，设置：3分钟/140℃/1档（反转）煸炒,cooking_fat,NUTRITION_USAGE_CONTROLLED_COOKING_FAT,pending
1884-8,1884,杏香烩什锦,41,水,水550g,,其他,550g,2,加入熟肉丸、生抽和550g水，盖上锅盖和量杯，设置：5分钟/140℃/1档（反转）炖煮,cooking_liquid,NUTRITION_USAGE_CONTROLLED_COOKING_LIQUID,pending
1885-4,1885,暖胃羊肉汤,41,水,水1600g,,其他,1600g,1;2,加入焯水后的羊肉、食用油、10g姜片、大葱白、洋葱块和香菜梗，盖上锅盖和量杯，设置：5分钟/140℃/ 1档（反转）煸炒;加入1000g水、当归、胡萝卜和红枣，盖上锅盖和量杯，设置：10分钟/140℃/1档（反转）烧煮，再设置：65分/98℃/1档（反转）炖煮,cooking_liquid,NUTRITION_USAGE_CONTROLLED_COOKING_LIQUID,pending
1885-5,1885,暖胃羊肉汤,28,食用油,食用油15g,,调料,15g,1,加入焯水后的羊肉、食用油、10g姜片、大葱白、洋葱块和香菜梗，盖上锅盖和量杯，设置：5分钟/140℃/ 1档（反转）煸炒,cooking_fat,NUTRITION_USAGE_CONTROLLED_COOKING_FAT,pending
1886-2,1886,五香茶叶蛋,41,水,水1200g,,其他,1200g,1;3,主锅中加入鸡蛋和600g水，盖上锅盖和量杯，设置：12分钟/105℃停刀烧煮;主锅洗净，加入600g水、生抽、老抽、冰糖、盐、八角、香叶、桂皮、小茴香、茶叶和鸡蛋，盖上锅盖和量杯，设置：20分钟/100℃停刀烧煮,cooking_liquid,NUTRITION_USAGE_CONTROLLED_COOKING_LIQUID,pending
1887-2,1887,莲子糕,41,水,水500g,,其他,500g,1;2;4,主锅中加入干莲子和500g水，盖上锅盖和量杯，设置：30分钟/110℃/停刀慢煮;结束后取出煮熟的莲子，沥干水分备用;（主锅中）加入黄油、面粉、细砂糖和莲子泥，盖上锅盖，不要放量杯，设置：5分钟/110℃/2档（反转）煸炒，炒至水分收干,cooking_liquid,NUTRITION_USAGE_CONTROLLED_COOKING_LIQUID,pending
1888-12,1888,南瓜鸡腿煲,461,花生油,花生油15毫升,,坚果,15毫升,,,cooking_fat,NUTRITION_USAGE_CONTROLLED_COOKING_FAT,pending
1889-7,1889,菠萝包,41,水,水65克,,其他,65克,1;3,将高筋粉、奶粉、盐、细砂糖称好后于料理盆中混合均匀，再加入干酵母、水和鸡蛋液揉至面团扩展阶段;将揉好的面团放入料理盆中盖上保鲜膜，并在保鲜膜上盖上湿毛巾，放置烤箱第2层，设置发酵模式，35℃、1h，底部放入一碗热水,cooking_liquid,NUTRITION_USAGE_CONTROLLED_COOKING_LIQUID,pending
1890-7,1890,藜麦南瓜小米粥,41,水,水950克,,其他,950克,1,主锅中加入三色藜麦、南瓜、胡萝卜、大米、小米、枸杞和水，盖上锅盖，不要放量杯，设置：45分钟/98℃/2档（反转）熬煮,cooking_liquid,NUTRITION_USAGE_CONTROLLED_COOKING_LIQUID,pending
1891-2,1891,韭菜炒河虾,28,食用油,食用油25g,,调料,25g,1,主锅中加入10g姜丝和食用油，盖上锅盖，不要放量杯，设置：2分钟/140℃/1档（反转）煸炒,cooking_fat,NUTRITION_USAGE_CONTROLLED_COOKING_FAT,pending
1892-3,1892,三虾蒸蒲菜,155,色拉油,色拉油35克,,调料,35克,4,取一锅，锅中倒入色拉油，开小火下茄膏，炒出红油，转大火，导入罗氏虾碎,cooking_fat,NUTRITION_USAGE_CONTROLLED_COOKING_FAT,pending
1892-8,1892,三虾蒸蒲菜,41,水,开水300克,煮沸,其他,300克,1;5,取一锅加入水烧开，放入罗氏虾，大火烧30秒捞出备用;炒出香味后加入开水，再加入盐、鸡粉和糖，保持水沸腾状态煮五分钟,cooking_liquid,NUTRITION_USAGE_CONTROLLED_COOKING_LIQUID,pending
1893-12,1893,肉包子,41,水,葱姜水29克,,其他,,3;8;13,最后加入清水，揉成面团;最后加入葱姜水;开启电源，取出水箱加满水，将蒸烤盘/蒸烤架放入中间层，选择【开始烹饪】按键，按屏幕提示操作即可,cooking_liquid,NUTRITION_USAGE_CONTROLLED_COOKING_LIQUID,pending
1893-5,1893,肉包子,41,水,清水80克,,其他,80克,13,开启电源，取出水箱加满水，将蒸烤盘/蒸烤架放入中间层，选择【开始烹饪】按键，按屏幕提示操作即可,cooking_liquid,NUTRITION_USAGE_CONTROLLED_COOKING_LIQUID,pending
1896-2,1896,酒酿太阳蛋,41,水,水200克,,其他,200克,1;3,将酒酿和水加到汤碗中，混合均匀，然后将鸡蛋打入其中，撒入洗净的枸杞;开启电源，取出水箱加满水，选择“开始烹饪”按键，按屏幕提示操作,cooking_liquid,NUTRITION_USAGE_CONTROLLED_COOKING_LIQUID,pending
1897-8,1897,泡椒鸡心,41,水,水400g,,其他,400g,3;6,主锅中加入鸡心、5g姜片、料酒和水，盖上锅盖和量杯，设置：6分钟/140℃/1档（反转）焯水;加入焯水后的鸡心和生抽，盖上锅盖，不要放量杯，设置：3分钟/140℃/1档（反转）炒拌,cooking_liquid,NUTRITION_USAGE_CONTROLLED_COOKING_LIQUID,pending
1897-9,1897,泡椒鸡心,28,食用油,食用油15g,,调料,15g,5,主锅中加入食用油、泡椒、青椒、红椒、蒜片、5g姜片和葱段，盖上锅盖，不要放量杯，设置：2分钟/140℃/1档（反转）煸炒,cooking_fat,NUTRITION_USAGE_CONTROLLED_COOKING_FAT,pending
1898-16,1898,锡纸盒豆腐,41,水,水100克,,其他,100克,3,取1碗，加入辣椒粉、孜然粉、五香粉、辣椒油、花椒油、芝麻油、生抽、蚝油、老干妈、蒜蓉辣椒酱、白芝麻、白砂糖、小米辣碎、葱花和纯净水，搅拌均匀,cooking_liquid,NUTRITION_USAGE_CONTROLLED_COOKING_LIQUID,pending
1901-4,1901,菠菜汁心形馒头,1183,植物油,植物油5毫升,,调料,5毫升,2,将低筋面粉、细砂糖、植物油、酵母、菠菜汁混均匀揉成光滑的面团,cooking_fat,NUTRITION_USAGE_CONTROLLED_COOKING_FAT,pending
1902-7,1902,南乳粉蒸肉,41,水,水810g,,其他,810g,1;3,取一碗放在锅盖上，碗中加入五花肉、芋头、南乳汁、蒸肉粉、料酒、盐和10g水，混合均匀腌制15分钟入味;主锅中加入800g水，盖上锅盖，放上复式蒸锅，设置：40分钟/140℃/1档（反转）蒸煮,cooking_liquid,NUTRITION_USAGE_CONTROLLED_COOKING_LIQUID,pending
1903-8,1903,清蒸鲥鱼,41,水,水600g,,其他,600g,3,主锅中加入水，盖上锅盖，放上复式蒸锅，设置：30分钟/140℃/1档蒸制,cooking_liquid,NUTRITION_USAGE_CONTROLLED_COOKING_LIQUID,pending
1904-1,1904,冻奶茶,41,水,主料：水500g,,其他,500g,1,主锅中加入水，盖上锅盖和量杯，设置：4分钟30秒/140℃/1档加热,cooking_liquid,NUTRITION_USAGE_CONTROLLED_COOKING_LIQUID,pending
1905-3,1905,清蒸鳕鱼,356,油,油5毫升,,调料,5毫升,6,方太燃气灶开7档大火，锅里放油，将油烧热，将热油淋到鱼肉上即可,cooking_fat,NUTRITION_USAGE_CONTROLLED_COOKING_FAT,pending
1907-7,1907,东北蒸肉,41,水,水1710g,,其他,1710g,1;3;5,主锅中加入五花肉、生姜、八角、花椒、香叶、桂皮和1000g水，盖上锅盖和量杯，设置：35分钟/105℃停刀烧煮;取一小碗加入葱花、生抽、老抽和10g水混匀成酱汁备用;主锅中加入700g水，盖上锅盖，放上复式蒸锅，设置：35分钟/140℃/1档蒸制,cooking_liquid,NUTRITION_USAGE_CONTROLLED_COOKING_LIQUID,pending
1908-4,1908,意大利披萨,41,水,水40毫升,,其他,40毫升,1;4,将酵母倒入清水中，加入细砂糖;加入鸡蛋、酵母糖水,cooking_liquid,NUTRITION_USAGE_CONTROLLED_COOKING_LIQUID,pending
1909-1,1909,豆沙包,41,水,主料：水730g,,其他,730g,1;7,主锅中加入130g水和干酵母，盖上锅盖和量杯，设置：3分钟/37℃/3档（反转）混合;主锅中加入600g水，盖上锅盖，放上复式蒸锅，设置：30分钟/140℃/2档蒸制,cooking_liquid,NUTRITION_USAGE_CONTROLLED_COOKING_LIQUID,pending
1911-9,1911,南乳蒸鸡腿,155,色拉油,色拉油10克,,调料,10克,2,加入姜丝、拍蒜粒、小米辣圈、南乳汁、蚝油、糖，拌匀腌制，最后放入生粉、色拉油拌匀，抖散放入盘中,cooking_fat,NUTRITION_USAGE_CONTROLLED_COOKING_FAT,pending
1912-13,1912,糖醋带鱼,41,水,水100g,,其他,100g,3,插入搅拌棒并卡在刀组上，加入腌制好的带鱼、料酒、生抽、香醋、白糖、1小勺盐、白胡椒粉和水，盖上锅盖和量杯，设置：1分钟/120℃/1档（反转）烧煮，再设置：9分钟/110℃停刀烧煮,cooking_liquid,NUTRITION_USAGE_CONTROLLED_COOKING_LIQUID,pending
1912-4,1912,糖醋带鱼,28,食用油,食用油20g,,调料,20g,2,主锅中加入食用油、姜丝、小葱和八角，盖上锅盖，不要放量杯，设置：3分钟/140℃/1档（反转）煸炒,cooking_fat,NUTRITION_USAGE_CONTROLLED_COOKING_FAT,pending
1913-2,1913,土豆牛腩,41,水,水1400克,,其他,1400克,1;3;4,主锅中加入牛腩块、500g水、5g姜片和料酒，盖上锅盖和量杯，设置：6分钟/140℃/1档(反转)焯水;主锅中加入食用油、冰糖、焯水的牛腩、10g姜片、八角、桂皮和洋葱，盖上锅盖和量杯，设置：8分钟/140℃/1档（反转）煸炒;结束后，加入生抽、老抽、蚝油和900g水，盖上锅盖和量杯，设置：50分钟/130℃/1档（反转）熬煮,cooking_liquid,NUTRITION_USAGE_CONTROLLED_COOKING_LIQUID,pending
1913-5,1913,土豆牛腩,28,食用油,食用油30克,,调料,30克,3,主锅中加入食用油、冰糖、焯水的牛腩、10g姜片、八角、桂皮和洋葱，盖上锅盖和量杯，设置：8分钟/140℃/1档（反转）煸炒,cooking_fat,NUTRITION_USAGE_CONTROLLED_COOKING_FAT,pending
1914-5,1914,红咖喱烩牛肉,41,水,水100g,,其他,100g,1,主锅中加入水和红咖喱酱，盖上锅盖和量杯，设置：3分钟/100℃/1档（反转）烧煮,cooking_liquid,NUTRITION_USAGE_CONTROLLED_COOKING_LIQUID,pending
1918-6,1918,四川回锅肉,41,水,水1000g,,其他,1000g,1;2,主锅中加入五花肉、20g姜片、小葱结、花椒、20g料酒和水，盖上锅盖和量杯，设置：30分钟/98℃/1档（反转）烧煮，结束后将锅内食物倒出并洗净五花肉和主锅;待煮熟的五花肉冷却后擦干表面水分并切片,cooking_liquid,NUTRITION_USAGE_CONTROLLED_COOKING_LIQUID,pending
1918-7,1918,四川回锅肉,28,食用油,食用油15g,,调料,15g,3,加入食用油、姜片和五花肉片，盖上锅盖，不要放量杯，设置：3分30秒/120℃/1档（反转）煸炒,cooking_fat,NUTRITION_USAGE_CONTROLLED_COOKING_FAT,pending
1919-1,1919,素炒韭黄,28,食用油,主料：食用油20g,,调料,20g,1,主锅中加入食用油，盖上锅盖和量杯，设置：3分钟/140℃/1档热油,cooking_fat,NUTRITION_USAGE_CONTROLLED_COOKING_FAT,pending
1920-4,1920,甜菜慕斯,41,水,水40g,,其他,40g,4,主锅中加入甜菜根块和40g水，盖上锅盖和量杯，设置：5秒/10档切碎,cooking_liquid,NUTRITION_USAGE_CONTROLLED_COOKING_LIQUID,pending
1921-14,1921,豆花牛肉,41,水,水300g,,其他,300g,5,加入水，盖上锅盖和量杯，设置：10分钟/140℃/1档（反转）烧煮,cooking_liquid,NUTRITION_USAGE_CONTROLLED_COOKING_LIQUID,pending
1921-9,1921,豆花牛肉,28,食用油,食用油25g,,调料,25g,2;3,取一碗加入牛肉、淀粉、生抽、老抽、料酒、5g食用油、白胡椒粉和盐，搅拌均匀，腌制15分钟;主锅中加入20g食用油、洋葱、干辣椒、花椒和郫县豆瓣酱，盖上锅盖和量杯，设置：2分钟/140℃/1档（反转）爆香,cooking_fat,NUTRITION_USAGE_CONTROLLED_COOKING_FAT,pending
1922-5,1922,黑豆浆蒸黑米蛋糕,169,玉米油,玉米油40克,,蔬菜,40克,5,混合黑豆浆+10g绵白糖+玉米油至乳化状态,cooking_fat,NUTRITION_USAGE_CONTROLLED_COOKING_FAT,pending
1922-9,1922,黑豆浆蒸黑米蛋糕,41,水,水900克,,其他,900克,2;3;11,将黑豆和黑米提前数小时（或一夜）洗净并用清水泡软;混合枸杞和黑芝麻，倒入破壁料理机，并加清水至900ml水位线;黑米蛋糕糊倒入6寸模具，并用刮板稍抹平表面，放入方太智能烹饪设备，开启电源，取出水箱加满水，选择“开始烹饪”按键，按屏幕提示操作,cooking_liquid,NUTRITION_USAGE_CONTROLLED_COOKING_LIQUID,pending
1923-10,1923,京韵酱香烤鸡,356,油,油40克,,调料,40克,3,加入五香粉、蚝油、生抽、料酒、油,cooking_fat,NUTRITION_USAGE_CONTROLLED_COOKING_FAT,pending
1924-4,1924,毛氏红烧肉,41,水,水880克,,其他,880克,1;3,主锅中加入五花肉块、15g料酒、10g姜片和600g水，盖上锅盖和量杯，设置：8分钟/140℃/1档（反转）焯水;主锅中加入生抽、老抽、冰糖和280g水，盖上锅盖，不要盖量杯，设置：6分钟/140℃/ 1档（反转）熬煮成红烧汁,cooking_liquid,NUTRITION_USAGE_CONTROLLED_COOKING_LIQUID,pending
1925-4,1925,清补凉老鸭煲鲜鲍鱼汤,41,水,水1000克,,其他,1000克,1,主锅中加入800g老鸭块、6只八头鲜鲍鱼、10g姜片和1000g水，盖上锅盖，设置：10分钟/焯水,cooking_liquid,NUTRITION_USAGE_CONTROLLED_COOKING_LIQUID,pending
1926-6,1926,蓝莓牛奶布丁,41,水,冷水10克,冷,其他,10克,5;7,开启电源，取出水箱加满水，选择“开始烹饪”按键，按屏幕提示操作;将蓝莓酱10g与水10g（1：1）调匀，在将凝固好的布丁淋上蓝莓酱，装盘即可,cooking_liquid,NUTRITION_USAGE_CONTROLLED_COOKING_LIQUID,pending
1926-7,1926,蓝莓牛奶布丁,41,水,开水60克,煮沸,其他,60克,5,开启电源，取出水箱加满水，选择“开始烹饪”按键，按屏幕提示操作,cooking_liquid,NUTRITION_USAGE_CONTROLLED_COOKING_LIQUID,pending
1927-5,1927,爆目鱼花,28,食用油,食用油10g,,调料,10g,2,主锅中加入腌制好的目鱼花、食用油、姜末、10g料酒和黑胡椒粉，盖上锅盖，不要盖量杯，设置：7分钟/140℃/1档（反转）煸炒,cooking_fat,NUTRITION_USAGE_CONTROLLED_COOKING_FAT,pending
1928-6,1928,蒜蓉蒸鸡,461,花生油,花生油2勺,,坚果,2勺,3,拿碗备好配料：蒜剁碎，加入花生油、生抽、蚝油、盐焗鸡粉搅拌均匀备用,cooking_fat,NUTRITION_USAGE_CONTROLLED_COOKING_FAT,pending
1929-10,1929,香椿酱蒸笋壳鱼,28,食用油,食用油10克,,调料,10克,16,取锅放入食用油,cooking_fat,NUTRITION_USAGE_CONTROLLED_COOKING_FAT,pending
1929-9,1929,香椿酱蒸笋壳鱼,20,橄榄油,橄榄油20克,,调料,20克,8,将香椿 松子 大蒜 橄榄油 食盐放入搅拌机内,cooking_fat,NUTRITION_USAGE_CONTROLLED_COOKING_FAT,pending
1930-10,1930,椰汁竹荪鸡汤,41,水,水1800g,,其他,1800g,1;2;3,取一汤碗放在锅盖上，称取400g水，取下汤碗加入2小勺盐和干竹荪，浸泡20分钟，并剪去菌盖头（封闭的一端）备用;主锅中加入鸡块、10g姜片、料酒和800g水，盖上锅盖，不要放量杯，设置：8分钟/140℃/1档（反转）焯水，用刮刀将焯水的鸡块取出洗净并洗净主锅;加入焯水的鸡块、纯椰子水、600g水、10g姜片、大葱段、红枣和泡好的竹荪，盖上锅盖和量杯，设置：1小时/98℃/停刀炖煮,cooking_liquid,NUTRITION_USAGE_CONTROLLED_COOKING_LIQUID,pending
1931-11,1931,南瓜酱焗蟹斗,1079,鸡汤,鸡汤150克,,肉禽,150克,4,加入蟹肉翻炒出香味后，加入南瓜泥，煮好的鸡头米和鸡汤，小火慢煮5分钟后大火收浓，盛出备用,cooking_liquid,NUTRITION_USAGE_CONTROLLED_COOKING_LIQUID,pending
1931-6,1931,南瓜酱焗蟹斗,208,猪油,猪油5克,,肉禽,5克,3,取一锅，加入猪油烧化，再加入葱末和姜末爆香,cooking_fat,NUTRITION_USAGE_CONTROLLED_COOKING_FAT,pending
1934-6,1934,姜汁菠菜,41,水,水800g,,其他,800g,2;4,主锅中加入水，盖上锅盖和量杯，设置：7分钟/140℃/1档（反转）烧煮;烹饪结束，菠菜过冷水后沥干水分，压入一平底容器中备用,cooking_liquid,NUTRITION_USAGE_CONTROLLED_COOKING_LIQUID,pending
1935-8,1935,栗子焖羊肉,41,水,水1000g,,其他,1000g,1;2,主锅中加入羊肉块、15g料酒、10g姜片和500g水，盖上锅盖和量杯，设置：10分钟/140℃/1档（反转）焯水，结束后倒出清洗羊肉和主锅;主锅中加入焯水后的羊肉、食用油、10g姜片、大葱段、500g水、冰糖、生抽、老抽和卤料袋，盖上锅盖和量杯，设置：5分钟/140℃/1档（反转）煸炒,cooking_liquid,NUTRITION_USAGE_CONTROLLED_COOKING_LIQUID,pending
1935-9,1935,栗子焖羊肉,28,食用油,食用油15g,,调料,15g,2,主锅中加入焯水后的羊肉、食用油、10g姜片、大葱段、500g水、冰糖、生抽、老抽和卤料袋，盖上锅盖和量杯，设置：5分钟/140℃/1档（反转）煸炒,cooking_fat,NUTRITION_USAGE_CONTROLLED_COOKING_FAT,pending
1936-5,1936,烤墨鱼丸,28,食用油,食用油10毫升,,调料,10毫升,3,旋转墨鱼丸，刷上适量食用油,cooking_fat,NUTRITION_USAGE_CONTROLLED_COOKING_FAT,pending
1938-1,1938,辣白菜炒五花肉,28,食用油,主料：食用油10g,,调料,10g,1,主锅中加入食用油和五花肉片，盖上锅盖，不要放量杯，设置：6分钟/140℃/2档（反转）煸炒，结束后用刮刀将锅内壁食材刮至锅底,cooking_fat,NUTRITION_USAGE_CONTROLLED_COOKING_FAT,pending
1939-5,1939,双色节瓜炒虾仁,28,食用油,食用油20g,,调料,20g,2,主锅中加入食用油、黄节瓜、绿节瓜、泡发木耳和1小勺盐，盖上锅盖，不要盖量杯，设置：3分钟/140℃/ 1档（反转）煸炒,cooking_fat,NUTRITION_USAGE_CONTROLLED_COOKING_FAT,pending
1942-4,1942,山药烤排骨,28,食用油,食用油15毫升,,调料,15毫升,4,烤盘铺上一层锡纸，刷上食用油，放上山药块，再间隔放上腌好的排骨,cooking_fat,NUTRITION_USAGE_CONTROLLED_COOKING_FAT,pending
1943-1,1943,吉野家牛肉饭,41,水,主料：水1000g,,其他,1000g,1;2,主锅中加入1000g水，盖上锅盖和量杯，设置：3分钟/100℃/1档熬煮;结束后加入胡萝卜片、西兰花和肥牛片，盖上锅盖和量杯，设置：5分钟/80℃/1档（反转）焯水,cooking_liquid,NUTRITION_USAGE_CONTROLLED_COOKING_LIQUID,pending
1943-5,1943,吉野家牛肉饭,28,食用油,食用油20g,,调料,20g,4,主锅中加入食用油、洋葱丝、姜丝和蒜片，盖上锅盖和量杯，设置：2分钟/140℃/1档（反转）煸炒,cooking_fat,NUTRITION_USAGE_CONTROLLED_COOKING_FAT,pending
1944-5,1944,酒酿馒头,41,水,辅料：温水适量,温,其他,,2;3;4;9,将酵母用少量温水泡开，静止5分钟;白糖也放在小碗里倒入少量温水搅拌融化成白糖水;将甜酒酿，酵母水，白糖水，放进盆里，放入面粉、奶粉;放入方太智能烹饪设备第2层，开启电源，取出水箱加满水，选择“开始烹饪”按键，按屏幕提示操作,cooking_liquid,NUTRITION_USAGE_CONTROLLED_COOKING_LIQUID,pending
1945-7,1945,碳烤基围虾,28,食用油,食用油30克,,调料,30克,2,不粘锅锅内放入孜然粒，粗辣椒粉用小火炒香，再倒入食用油烧热关火，放入黑胡椒汁、海鲜酱、蚝油、生抽、老抽、白糖、鸡粉调匀即可，取出倒入深碗内备用,cooking_fat,NUTRITION_USAGE_CONTROLLED_COOKING_FAT,pending
1946-10,1946,烤金菇牛肉卷,28,食用油,食用油15毫升,,调料,15毫升,6,在烤盘中铺上锡纸，在烧烤架上刷适量食用油，将牛肉卷放到烧烤架上,cooking_fat,NUTRITION_USAGE_CONTROLLED_COOKING_FAT,pending
1947-13,1947,藤椒笋壳鱼,41,水,清水1汤匙,,其他,1汤匙,1;8,将笋壳鱼去鳞、鳃和内脏，洗净并沥干水分;烹饪结束后取出，轻轻倒掉盘内汤汁，捡去姜片，将原料B中蒸鱼豉油和清水混合均匀后淋在鱼片,cooking_liquid,NUTRITION_USAGE_CONTROLLED_COOKING_LIQUID,pending
1947-14,1947,藤椒笋壳鱼,28,食用油,食用油2汤匙,,调料,2汤匙,9,将炒锅烧热，倒入C中的食用油，烧热后放入小米辣、青椒、藤椒爆香，然后放入黄瓜段炝炒出香，加盐、鸡精调味后将黄瓜拣出，摆在蒸好的笋壳鱼两侧,cooking_fat,NUTRITION_USAGE_CONTROLLED_COOKING_FAT,pending
1948-1,1948,炒花生米,28,食用油,A料：食用油25克,,调料,25克,1,主锅中加入食用油和花生米，盖上锅盖，设置：30分钟/热炒/猛火,cooking_fat,NUTRITION_USAGE_CONTROLLED_COOKING_FAT,pending
1949-2,1949,刀切馒头,41,水,水840克,,其他,840克,3,主锅中加入600g水，盖上锅盖并放上复式蒸锅，设置：30分钟/140℃/2档蒸制,cooking_liquid,NUTRITION_USAGE_CONTROLLED_COOKING_LIQUID,pending
1949-6,1949,刀切馒头,41,水,辅料：温水237克,温,其他,237克,,,cooking_liquid,NUTRITION_USAGE_CONTROLLED_COOKING_LIQUID,pending
1950-1,1950,小鸡炖蘑菇,28,食用油,主料：食用油15g,,调料,15g,1,主锅中加入食用油、姜片、葱白段、八角、桂皮和香叶，盖上锅盖和量杯，设置：1分钟/140℃/1档（反转）煸炒,cooking_fat,NUTRITION_USAGE_CONTROLLED_COOKING_FAT,pending
1950-12,1950,小鸡炖蘑菇,41,水,开水350g,煮沸,其他,350g,3,结束后加入料酒、生抽、老抽、蚝油和350g开水，盖上锅盖和量杯，设置：40分钟/100℃/1档（反转）炖煮,cooking_liquid,NUTRITION_USAGE_CONTROLLED_COOKING_LIQUID,pending
1955-2,1955,宫廷豌豆黄,41,水,水700g,,其他,700g,1,主锅中加入泡发好的豌豆和200g水，盖上锅盖和量杯，设置：40分钟/98℃/1档（反转）慢煮,cooking_liquid,NUTRITION_USAGE_CONTROLLED_COOKING_LIQUID,pending
1956-6,1956,干锅包菜,28,食用油,食用油1汤匙,,调料,1汤匙,,,cooking_fat,NUTRITION_USAGE_CONTROLLED_COOKING_FAT,pending
1957-11,1957,家常卤鸡腿,41,水,水1000g,,其他,1000g,3,加入水、10g生抽、老抽、白糖和3小勺盐，盖上锅盖和量杯，设置：10分钟/140℃/2档（反转）熬煮,cooking_liquid,NUTRITION_USAGE_CONTROLLED_COOKING_LIQUID,pending
1957-6,1957,家常卤鸡腿,28,食用油,食用油20g,,调料,20g,2,主锅中加入食用油、10g姜片、大蒜、八角、花椒和桂皮，盖上锅盖和量杯，设置：3分钟/140℃/1档（反转）煸炒,cooking_fat,NUTRITION_USAGE_CONTROLLED_COOKING_FAT,pending
1958-3,1958,荠菜春笋炒年糕,41,水,水620g,,其他,620g,2;3;4;6,主锅中加入600g水，盖上锅盖和量杯，设置：5分钟/140℃/1档烧开;加入荠菜，盖上锅盖和量杯，设置：1分钟/140℃/1档（反转）焯水;焯水后的荠菜捞出挤干水分，切末备用;加入春笋、荠菜、年糕片、盐和20g水，盖上锅盖和量杯，设置：4分钟/140℃/1档（反转）翻炒,cooking_liquid,NUTRITION_USAGE_CONTROLLED_COOKING_LIQUID,pending
1958-5,1958,荠菜春笋炒年糕,28,食用油,食用油10g,,调料,10g,5,主锅中加入食用油和葱段，盖上锅盖和量杯，设置：1分钟/140℃/1档（反转）爆香,cooking_fat,NUTRITION_USAGE_CONTROLLED_COOKING_FAT,pending
1959-9,1959,山楂木耳蒸鸡,28,食用油,食用油10毫升,,调料,10毫升,1,取一碗，放入鸡块，加入生抽、盐、白糖、生粉、食用油、葱花,cooking_fat,NUTRITION_USAGE_CONTROLLED_COOKING_FAT,pending
1960-1,1960,虾头油冬瓜,28,食用油,主料：食用油20g,,调料,20g,1,主锅中插入搅拌棒并卡在刀组上，加入食用油、虾头和料酒，盖上锅盖和量杯，设置：3分钟/140℃/1档（反转）煸炒,cooking_fat,NUTRITION_USAGE_CONTROLLED_COOKING_FAT,pending
1960-7,1960,虾头油冬瓜,41,水,水420g,,其他,420g,2,加入虾尾、冬瓜片、盐和水，盖上锅盖和量杯，设置：10分钟/120℃/1档（反转）炖煮,cooking_liquid,NUTRITION_USAGE_CONTROLLED_COOKING_LIQUID,pending
1961-8,1961,京都排骨,28,食用油,食用油100g,,调料,100g,3,主锅中加入食用油和排骨，盖上锅盖和量杯，设置：10分钟/140℃/1档（反转）煸炒，结束后将排骨取出放入盘中，食用油留用,cooking_fat,NUTRITION_USAGE_CONTROLLED_COOKING_FAT,pending
1962-7,1962,八宝枣糕,208,猪油,猪油10g,,肉禽,10g,2,加入糯米粉、白糖、白芝麻、猪油和100g水，盖上锅盖和量杯，设置：2分钟/4档混合,cooking_fat,NUTRITION_USAGE_CONTROLLED_COOKING_FAT,pending
1962-8,1962,八宝枣糕,41,水,水750g,,其他,750g,2;4,加入糯米粉、白糖、白芝麻、猪油和100g水，盖上锅盖和量杯，设置：2分钟/4档混合;主锅中加入650g水，盖上锅盖，放上复式蒸锅，设置：35分钟/140℃/1档蒸制,cooking_liquid,NUTRITION_USAGE_CONTROLLED_COOKING_LIQUID,pending
1963-5,1963,葱香豆豉蒸扇贝,28,食用油,食用油20毫升,,调料,20毫升,,,cooking_fat,NUTRITION_USAGE_CONTROLLED_COOKING_FAT,pending
1964-10,1964,红烧肉片笋,41,水,水120g,,其他,120g,4,加入笋干片、水、生抽、老抽和盐，盖上锅盖和量杯，设置：12分钟/120℃/1档（反转）炖煮,cooking_liquid,NUTRITION_USAGE_CONTROLLED_COOKING_LIQUID,pending
1964-5,1964,红烧肉片笋,28,食用油,食用油15g,,调料,15g,2,主锅中加入食用油、葱段、八角和干红辣椒段，盖上锅盖和量杯，设置：3分钟/140℃/1档（反转）煸炒,cooking_fat,NUTRITION_USAGE_CONTROLLED_COOKING_FAT,pending
1965-7,1965,蒜蓉茄子,28,食用油,食用油15毫升,,调料,15毫升,1;6;8,取出烤盘，放上锡纸，刷上食用油;在茄子肉上划几刀，撒入盐、鸡粉，倒入蒜蓉，铺平，再淋上适量食用油，置入烤箱中;打开烤箱，再撒入盐、孜然粉，刷上食用油，置入烤箱中,cooking_fat,NUTRITION_USAGE_CONTROLLED_COOKING_FAT,pending
1966-8,1966,水蒸蛋,41,水,温开水250克,煮沸+温,其他,250克,1,主锅中加入水，盖上锅盖并放上复式蒸锅，设置：15分钟/120℃/1档蒸制,cooking_liquid,NUTRITION_USAGE_CONTROLLED_COOKING_LIQUID,pending
1966-9,1966,水蒸蛋,41,水,水600克,,其他,600克,,,cooking_liquid,NUTRITION_USAGE_CONTROLLED_COOKING_LIQUID,pending
1968-3,1968,蒸玉米粉发糕,169,玉米油,B料：玉米油50g,,蔬菜,50g,1,将20克白糖，玉米油和水混合备用,cooking_fat,NUTRITION_USAGE_CONTROLLED_COOKING_FAT,pending
1968-4,1968,蒸玉米粉发糕,41,水,水50g,,其他,50g,1;2,将20克白糖，玉米油和水混合备用;分蛋时将蛋黄放入油水盆里,cooking_liquid,NUTRITION_USAGE_CONTROLLED_COOKING_LIQUID,pending
1970-8,1970,甜烧白,208,猪油,猪油25克,,肉禽,25克,9;12,锅中放入25g猪油，猪油化开后倒入糯米饭，将糯米饭炒熟，加入10g白糖调味;将肉一层一层摆入抹了猪油的大碗中，填入糯米饭，边缘摆上切开的红枣,cooking_fat,NUTRITION_USAGE_CONTROLLED_COOKING_FAT,pending
1971-8,1971,巧克力脆皮泡芙,41,水,清水250毫升,,其他,250毫升,6,将清水、黄油、盐倒入锅中,cooking_liquid,NUTRITION_USAGE_CONTROLLED_COOKING_LIQUID,pending
1974-4,1974,板栗老鸭汤,41,水,水1800g,,其他,1800g,1;3,主锅中加入老鸭、10g姜片、料酒和800g水，盖上锅盖和量杯，设置：10分钟/140℃/1档（反转）焯水;主锅中加入焯水后的老鸭、陈皮、10g姜片和1000g水，盖上锅盖和量杯，设置：40分钟/105℃停刀烧煮,cooking_liquid,NUTRITION_USAGE_CONTROLLED_COOKING_LIQUID,pending
1976-7,1976,红豆酥,41,水,水72g,,其他,72g,1,油皮：主锅中加入低筋面粉180g、黄油60g、糖粉36g和水72g，盖上锅盖和量杯，设置：10分钟/4档（反转）揉面，裹上保鲜膜静置30分钟,cooking_liquid,NUTRITION_USAGE_CONTROLLED_COOKING_LIQUID,pending
1977-3,1977,清炒广东菜心,208,猪油,猪油10克,,肉禽,10克,4,中号盘中加入猪油10g和玉米油10g,cooking_fat,NUTRITION_USAGE_CONTROLLED_COOKING_FAT,pending
1977-4,1977,清炒广东菜心,169,玉米油,玉米油10克,,蔬菜,10克,4,中号盘中加入猪油10g和玉米油10g,cooking_fat,NUTRITION_USAGE_CONTROLLED_COOKING_FAT,pending
1978-2,1978,白桃茉莉气泡水,41,水,冰水240g,冰,其他,240g,,,cooking_liquid,NUTRITION_USAGE_CONTROLLED_COOKING_LIQUID,pending
1980-9,1980,鲜香麻椒蒸鱼,498,菜籽油,菜籽油10毫升,,蔬菜,10毫升,4,方太C2.i燃气灶开7档大火，把锅烧热倒入菜籽油，烧到冒烟就把切好的全部调料倒锅里翻炒,cooking_fat,NUTRITION_USAGE_CONTROLLED_COOKING_FAT,pending
1981-7,1981,冬笋土鸡汤,41,水,水1300g,,其他,1300g,3;5,主锅中加入土鸡、5g姜片、料酒和600g水，盖上锅盖和量杯，设置：8分钟/140℃/1档（反转）焯水;主锅中加入焯水后的土鸡、冬笋、胡萝卜、香菇、10g姜片、盐和700g水，盖上锅盖和量杯，设置：50分钟/105℃停刀烧煮,cooking_liquid,NUTRITION_USAGE_CONTROLLED_COOKING_LIQUID,pending
1982-8,1982,西北羊排（台式）,28,食用油,食用油10克,,调料,10克,,,cooking_fat,NUTRITION_USAGE_CONTROLLED_COOKING_FAT,pending
1983-2,1983,水煮蛋,41,水,水800克,,其他,800克,1;2,主锅中不加刀组，加入水和鸡蛋，盖上锅盖，设置：15分钟/大火/焯水;用汤勺取出鸡蛋放入冷水中冲洗并浸泡鸡蛋，待其降温后即可食用,cooking_liquid,NUTRITION_USAGE_CONTROLLED_COOKING_LIQUID,pending
1983-4,1983,水煮蛋,41,水,水500克,,其他,500克,1,主锅中不加刀组，加入水和鸡蛋，盖上锅盖，设置：15分钟/大火/焯水,cooking_liquid,NUTRITION_USAGE_CONTROLLED_COOKING_LIQUID,pending
1985-7,1985,辫子面包,41,水,水100g,,其他,100g,,,cooking_liquid,NUTRITION_USAGE_CONTROLLED_COOKING_LIQUID,pending
1986-4,1986,生滚粥,41,水,辅料：水1000克,,其他,1000克,1,锅中加入100g大米和1000g水，盖上锅盖，先设置：8分钟/9档,cooking_liquid,NUTRITION_USAGE_CONTROLLED_COOKING_LIQUID,pending
1988-12,1988,黄鱼河虾宴球,28,食用油,食用油20克,,调料,20克,2,锅中加入食用油、葱白和姜片炒香后，下入鱼骨和鱼头稍加翻炒,cooking_fat,NUTRITION_USAGE_CONTROLLED_COOKING_FAT,pending
1988-5,1988,黄鱼河虾宴球,208,猪油,猪油30克,,肉禽,30克,5,在碗中继续加入猪油、鲜味汁和蛋清，搅拌均匀后摔打上劲,cooking_fat,NUTRITION_USAGE_CONTROLLED_COOKING_FAT,pending
1989-4,1989,红烧鸡胗,41,水,水450g,,其他,450g,1;4,主锅中加入鸡胗块、10g料酒、10g姜片和400g水，盖上锅盖和量杯，设置：7分钟/140℃/1档（反转）焯水;主锅内加入焯好的鸡胗块、八角、5g姜片、冰糖、生抽、老抽、白醋、5g料酒和50g水，盖上锅盖和量杯，设置：12分钟/120℃/1档（反转）烧煮,cooking_liquid,NUTRITION_USAGE_CONTROLLED_COOKING_LIQUID,pending
1991-3,1991,砂锅牛腱,41,水,水1300g,,其他,1300g,1;2;3,主锅中加入牛腱肉、冬笋、800g水、10g姜片和料酒，盖上锅盖和量杯，设置：8分钟/140℃/1档（反转）焯水，结束后将锅内食物倒出并洗净牛腱肉、冬笋和主锅;主锅中加入食用油、10g姜片、八角、桂皮、焯水后的牛腱肉、冬笋和小葱的葱白，盖上锅盖和量杯，设置：5分钟/140℃/1档（反转）煸炒;加入500g水、盐和生抽，盖上锅盖和量杯，设置：50分钟/98℃/1档（反转）炖煮,cooking_liquid,NUTRITION_USAGE_CONTROLLED_COOKING_LIQUID,pending
1991-6,1991,砂锅牛腱,28,食用油,食用油15g,,调料,15g,2,主锅中加入食用油、10g姜片、八角、桂皮、焯水后的牛腱肉、冬笋和小葱的葱白，盖上锅盖和量杯，设置：5分钟/140℃/1档（反转）煸炒,cooking_fat,NUTRITION_USAGE_CONTROLLED_COOKING_FAT,pending
1993-1,1993,毛嘴卤鸡,41,水,主料：水1500g,,其他,1500g,1,主锅中加入水、花椒、桂皮、八角、草果、陈皮和丁香，盖上锅盖和量杯，设置：35分钟/120℃/1档烧煮,cooking_liquid,NUTRITION_USAGE_CONTROLLED_COOKING_LIQUID,pending
1994-4,1994,百合燕麦粥,41,水,水1000g,,其他,1000g,1;2,干百合用清水泡发;主锅中加入燕麦片、百合、白糖和水，盖上锅盖，不要放量杯，设置：40分钟/98℃/2档（反转）熬煮,cooking_liquid,NUTRITION_USAGE_CONTROLLED_COOKING_LIQUID,pending
1996-5,1996,四川棒棒鸡,41,水,水1000g,,其他,1000g,1,主锅中加入鸡腿、姜片、葱段、料酒和水，盖上锅盖和量杯，设置：15分钟/140℃/1档（反转）烧煮,cooking_liquid,NUTRITION_USAGE_CONTROLLED_COOKING_LIQUID,pending
1997-6,1997,花生卷,28,食用油,食用油10毫升,,调料,10毫升,5,将面皮修成正方形，刷上一层食用油，均匀地抹上花生酱,cooking_fat,NUTRITION_USAGE_CONTROLLED_COOKING_FAT,pending
