occurrence_id,recipe_id,ingredient_id,ingredient_name,normalized_form,retained_in_dish,review_status
1-2,1,2,红枣肉,,true,approved
1-3,1,3,冰糖,,true,approved
1-4,1,4,罗汉果,,true,approved
1-6,1,6,姜,丝,true,approved
2-10,2,19,黑胡椒,,true,approved
2-2,2,9,西葫芦,,true,approved
2-3,2,10,茄子,,true,approved
2-4,2,11,番茄,,true,approved
2-5,2,12,洋葱,末,true,approved
2-7,2,811,马苏里拉奶酪,碎,true,approved
2-8,2,17,盐,,true,approved
3-1,3,21,牛蹄筋,熟,true,approved
4-4,4,6,姜,片,true,approved
5-1,5,6,姜,,true,approved
5-2,5,39,红枣,,true,approved
5-3,5,40,红糖,,true,approved
6-1,6,42,蛋清,,true,approved
6-3,6,44,杏仁,片,true,approved
7-1,7,48,淀粉,,true,approved
7-3,7,17,盐,,true,approved
7-5,7,49,生菜,,true,approved
7-6,7,50,蒜,蓉,true,approved
8-1,8,53,猪里脊肉,,true,approved
8-2,8,54,鸡蛋,,true,approved
8-3,8,49,生菜,,true,approved
8-4,8,55,面包糠,,true,approved
8-5,8,48,淀粉,,true,approved
8-6,8,17,盐,,true,approved
9-1,9,58,面粉,,true,approved
9-2,9,59,韭菜,,true,approved
9-3,9,54,鸡蛋,,true,approved
9-4,9,60,木耳,,true,approved
9-5,9,61,粉条,条,true,approved
9-6,9,17,盐,,true,approved
9-7,9,62,花椒粉,,true,approved
10-2,10,54,鸡蛋,,true,approved
10-3,10,65,小葱,,true,approved
11-1,11,67,红心火龙果,,true,approved
12-1,12,69,牡蛎,新鲜,true,approved
12-2,12,33,葱,,true,approved
12-3,12,71,香菜,,true,approved
12-4,12,50,蒜,,true,approved
13-2,13,74,土豆,,true,approved
13-4,13,76,菠萝,,true,approved
13-7,13,78,咖喱粉,,true,approved
13-8,13,17,盐,,true,approved
13-9,13,19,黑胡椒,,true,approved
14-1,14,79,米饭,熟,true,approved
14-11,14,17,盐,,true,approved
14-13,14,90,黄瓜,,true,approved
14-3,14,54,鸡蛋,,true,approved
14-4,14,81,猪肉,熟,true,approved
14-5,14,83,辣白菜,,true,approved
14-6,14,84,胡萝卜,,true,approved
14-7,14,85,香菇,,true,approved
14-8,14,86,香干,,true,approved
15-1,15,91,排骨,,true,approved
15-2,15,92,豆豉,,true,approved
15-3,15,50,蒜,蓉,true,approved
15-4,15,6,姜,蓉,true,approved
15-5,15,33,葱,花,true,approved
15-6,15,48,淀粉,干,true,approved
15-7,15,17,盐,,true,approved
15-8,15,96,鸡粉,,true,approved
15-9,15,97,白糖,,true,approved
16-1,16,54,鸡蛋,,true,approved
16-4,16,17,盐,,true,approved
16-5,16,96,鸡粉,,true,approved
17-4,17,50,蒜,末,true,approved
17-7,17,33,葱,花,true,approved
18-1,18,104,红豆,,true,approved
18-2,18,105,薏米,,true,approved
18-4,18,40,红糖,,true,approved
20-1,20,54,鸡蛋,,true,approved
20-2,20,120,低筋面粉,,true,approved
20-3,20,121,糖粉,,true,approved
20-6,20,123,泡打粉,,true,approved
20-7,20,17,盐,,true,approved
21-2,21,65,小葱,,true,approved
21-3,21,6,姜,,true,approved
21-6,21,125,鸡精,,true,approved
22-1,22,126,惠灵顿牛排,冷冻,true,approved
23-4,23,131,吉利丁粉,,true,approved
23-6,23,133,细砂糖,,true,approved
24-2,24,135,肉末,末,true,approved
24-4,24,17,盐,,true,approved
24-5,24,96,鸡粉,,true,approved
24-8,24,48,淀粉,,true,approved
25-11,25,141,桂皮,,true,approved
25-12,25,142,八角,,true,approved
25-6,25,97,白糖,,true,approved
25-7,25,17,盐,,true,approved
26-1,26,144,西米,,true,approved
26-10,26,97,白糖,,true,approved
26-12,26,17,盐,,true,approved
26-2,26,135,肉末,末,true,approved
26-4,26,84,胡萝卜,,true,approved
26-5,26,12,洋葱,,true,approved
26-7,26,147,白芝麻,,true,approved
27-1,27,149,鸡中翅,,true,approved
27-3,27,6,姜,片,true,approved
27-5,27,50,蒜,,true,approved
27-6,27,151,番茄沙司,,true,approved
27-8,27,97,白糖,,true,approved
27-9,27,17,盐,,true,approved
28-1,28,74,土豆,,true,approved
28-3,28,17,盐,,true,approved
29-3,29,120,低筋面粉,,true,approved
30-3,30,157,猪后腿肉,,true,approved
30-4,30,50,蒜,,true,approved
30-5,30,92,豆豉,,true,approved
30-6,30,17,盐,,true,approved
30-7,30,96,鸡粉,,true,approved
31-1,31,160,阿胶粉,,true,approved
31-3,31,306,核桃,去壳,true,approved
31-5,31,164,枸杞,,true,approved
31-6,31,165,冰糖粉,,true,approved
32-13,32,65,小葱,,true,approved
33-1,33,170,糯米粉,,true,approved
33-2,33,58,面粉,,true,approved
33-3,33,39,红枣,,true,approved
34-1,34,10,茄子,,true,approved
34-2,34,50,蒜,末,true,approved
34-3,34,33,葱,花,true,approved
34-4,34,17,盐,,true,approved
34-6,34,97,白糖,,true,approved
34-9,34,96,鸡粉,,true,approved
35-1,35,133,细砂糖,,true,approved
35-2,35,120,低筋面粉,,true,approved
35-7,35,174,杏仁粉,,true,approved
35-8,35,54,鸡蛋,,true,approved
35-9,35,175,水果,,true,approved
36-3,36,79,米饭,熟,true,approved
36-4,36,17,盐,,true,approved
36-6,36,19,黑胡椒,碎,true,approved
37-1,37,179,猪大排,,true,approved
37-10,37,6,姜,,true,approved
37-11,37,146,蒜瓣,,true,approved
37-14,37,71,香菜,,true,approved
37-3,37,48,淀粉,,true,approved
37-6,37,17,盐,,true,approved
37-7,37,97,白糖,,true,approved
38-2,38,164,枸杞,,true,approved
38-4,38,185,黄冰糖,,true,approved
40-1,40,58,面粉,,true,approved
40-14,40,48,淀粉,,true,approved
40-2,40,135,肉末,末,true,approved
40-4,40,188,酵母,,true,approved
40-5,40,97,白糖,,true,approved
40-6,40,6,姜,末,true,approved
40-7,40,33,葱,末,true,approved
40-8,40,17,盐,,true,approved
41-5,41,50,蒜,,true,approved
41-8,41,97,白糖,,true,approved
42-1,42,192,巴沙鱼,,true,approved
42-3,42,193,白胡椒粉,,true,approved
42-4,42,6,姜,,true,approved
43-2,43,196,日本豆腐,,true,approved
43-3,43,135,肉末,末,true,approved
43-4,43,33,葱,花,true,approved
43-5,43,17,盐,,true,approved
43-6,43,96,鸡粉,,true,approved
44-10,44,164,枸杞,,true,approved
44-2,44,6,姜,片,true,approved
44-3,44,65,小葱,段,true,approved
44-6,44,85,香菇,泡发,true,approved
44-8,44,39,红枣,,true,approved
44-9,44,17,盐,,true,approved
45-3,45,170,糯米粉,,true,approved
45-4,45,201,糖,,true,approved
45-5,45,54,鸡蛋,,true,approved
46-1,46,58,面粉,,true,approved
46-10,46,17,盐,,true,approved
46-11,46,96,鸡粉,,true,approved
46-12,46,62,花椒粉,,true,approved
46-2,46,202,白菜,,true,approved
46-3,46,135,肉末,末,true,approved
46-4,46,97,白糖,,true,approved
46-5,46,203,酵母粉,,true,approved
46-8,46,33,葱,花,true,approved
46-9,46,6,姜,末,true,approved
47-10,47,212,红辣椒,丝,true,approved
47-11,47,214,绿辣椒丝,丝,true,approved
47-12,47,50,蒜,片,true,approved
48-1,48,218,豆皮,,true,approved
48-4,48,33,葱,花,true,approved
48-6,48,17,盐,,true,approved
49-1,49,220,饺子皮,,true,approved
49-10,49,17,盐,,true,approved
49-11,49,37,胡椒粉,,true,approved
49-3,49,222,黑木耳,,true,approved
49-4,49,223,豆腐干,,true,approved
49-5,49,84,胡萝卜,,true,approved
49-6,49,224,粉丝,丝,true,approved
49-7,49,85,香菇,,true,approved
50-1,50,226,鲫鱼,,true,approved
50-2,50,227,南瓜,,true,approved
50-3,50,84,胡萝卜,,true,approved
50-4,50,12,洋葱,,true,approved
50-6,50,26,辣椒粉,,true,approved
51-1,51,137,梅干菜,,true,approved
51-10,51,141,桂皮,,true,approved
51-13,51,3,冰糖,,true,approved
51-7,51,50,蒜,,true,approved
51-8,51,30,辣椒,干,true,approved
51-9,51,142,八角,,true,approved
52-10,52,193,白胡椒粉,,true,approved
52-2,52,232,丝瓜,,true,approved
52-3,52,233,贝,干,true,approved
52-5,52,33,葱,,true,approved
52-6,52,6,姜,,true,approved
52-8,52,17,盐,,true,approved
52-9,52,48,淀粉,,true,approved
53-1,53,124,小鲍鱼,,true,approved
53-3,53,33,葱,花,true,approved
53-4,53,50,蒜,末,true,approved
53-5,53,6,姜,丝,true,approved
53-6,53,17,盐,,true,approved
54-4,54,17,盐,,true,approved
54-5,54,27,孜然粉,,true,approved
54-6,54,26,辣椒粉,,true,approved
55-2,55,6,姜,片,true,approved
55-3,55,239,大葱,段,true,approved
55-6,55,74,土豆,,true,approved
56-3,56,17,盐,,true,approved
56-5,56,188,酵母,,true,approved
56-6,56,65,小葱,,true,approved
56-7,56,244,火腿肠,,true,approved
57-1,57,245,豆腐,,true,approved
57-3,57,247,芝麻,,true,approved
57-6,57,17,盐,,true,approved
57-7,57,37,胡椒粉,,true,approved
57-8,57,71,香菜,,true,approved
58-1,58,248,梭子蟹,,true,approved
59-1,59,249,高筋面粉,,true,approved
59-3,59,97,白糖,,true,approved
59-4,59,188,酵母,,true,approved
59-5,59,17,盐,,true,approved
60-1,60,220,饺子皮,,true,approved
60-3,60,252,芝士粉,,true,approved
60-4,60,65,小葱,,true,approved
60-5,60,17,盐,,true,approved
60-6,60,193,白胡椒粉,,true,approved
60-7,60,147,白芝麻,,true,approved
61-10,61,48,淀粉,干,true,approved
61-2,61,254,马蹄,,true,approved
61-4,61,42,蛋清,,true,approved
61-5,61,50,蒜,末,true,approved
61-6,61,6,姜,末,true,approved
61-7,61,33,葱,花,true,approved
61-8,61,17,盐,,true,approved
61-9,61,257,五香粉,,true,approved
62-1,62,86,香干,,true,approved
62-6,62,59,韭菜,,true,approved
63-1,63,258,油麦菜,,true,approved
63-2,63,50,蒜,末,true,approved
63-5,63,17,盐,,true,approved
63-6,63,97,白糖,,true,approved
63-7,63,125,鸡精,,true,approved
64-2,64,260,剁辣椒,,true,approved
64-3,64,125,鸡精,,true,approved
65-1,65,261,鸡胸肉,,true,approved
65-3,65,17,盐,,true,approved
65-5,65,19,黑胡椒,粒,true,approved
66-1,66,264,鸡翅根,,true,approved
66-2,66,265,新奥尔良粉,,true,approved
66-3,66,266,鹌鹑蛋,,true,approved
66-4,66,267,培根,,true,approved
66-5,66,261,鸡胸肉,,true,approved
66-9,66,270,黑胡椒粉,,true,approved
68-1,68,276,粳米,,true,approved
68-3,68,277,花生,熟+碎,true,approved
68-4,68,163,黑芝麻,熟,true,approved
69-1,69,280,芥菜,,true,approved
69-2,69,281,火腿,,true,approved
70-1,70,282,鸭翅,,true,approved
70-12,70,3,冰糖,,true,approved
70-2,70,6,姜,片,true,approved
70-5,70,142,八角,,true,approved
70-6,70,141,桂皮,,true,approved
70-7,70,283,花椒,,true,approved
70-8,70,284,香叶,,true,approved
70-9,70,212,红辣椒,干,true,approved
71-2,71,50,蒜,粒,true,approved
71-4,71,287,柠檬,,true,approved
71-5,71,19,黑胡椒,碎,true,approved
71-7,71,152,鳕鱼,,true,approved
72-1,72,74,土豆,熟+片,true,approved
72-3,72,281,火腿,,true,approved
72-5,72,17,盐,,true,approved
72-6,72,19,黑胡椒,,true,approved
73-1,73,290,小米,,true,approved
73-3,73,97,白糖,,true,approved
74-11,74,147,白芝麻,,true,approved
74-2,74,12,洋葱,,true,approved
74-5,74,50,蒜,,true,approved
75-2,75,293,白萝卜,,true,approved
75-3,75,33,葱,段,true,approved
75-4,75,6,姜,片,true,approved
75-7,75,17,盐,,true,approved
76-1,76,54,鸡蛋,液,true,approved
76-4,76,40,红糖,,true,approved
76-5,76,120,低筋面粉,,true,approved
76-6,76,123,泡打粉,,true,approved
77-1,77,297,竹笋,,true,approved
77-2,77,298,大虾干,,true,approved
77-3,77,33,葱,花,true,approved
77-4,77,17,盐,,true,approved
77-5,77,96,鸡粉,,true,approved
77-6,77,260,剁辣椒,,true,approved
78-1,78,300,黄花鱼,,true,approved
78-2,78,17,盐,,true,approved
78-3,78,50,蒜,末,true,approved
78-4,78,6,姜,丝,true,approved
78-5,78,65,小葱,,true,approved
78-6,78,194,小米椒,,true,approved
80-10,80,269,玉米淀粉,,true,approved
80-11,80,133,细砂糖,,true,approved
80-16,80,3,冰糖,,true,approved
80-17,80,164,枸杞,,true,approved
80-18,80,311,桃胶,,true,approved
80-20,80,313,皂角米,,true,approved
80-22,80,314,橙子,,true,approved
80-23,80,315,苹果,,true,approved
80-24,80,316,香梨,,true,approved
80-29,80,317,蛋黄,,true,approved
80-3,80,121,糖粉,,true,approved
80-4,80,54,鸡蛋,,true,approved
80-5,80,120,低筋面粉,,true,approved
80-6,80,123,泡打粉,,true,approved
80-7,80,306,核桃,熟,true,approved
80-8,80,170,糯米粉,,true,approved
81-10,81,17,盐,,true,approved
81-4,81,239,大葱,片,true,approved
81-6,81,6,姜,丝,true,approved
81-8,81,115,青椒,丝,true,approved
82-1,82,324,火鸡腿,,true,approved
83-1,83,48,淀粉,,true,approved
83-10,83,65,小葱,,true,approved
83-3,83,54,鸡蛋,,true,approved
83-5,83,327,内酯豆腐,,true,approved
83-6,83,11,番茄,,true,approved
83-8,83,193,白胡椒粉,,true,approved
83-9,83,17,盐,,true,approved
84-1,84,164,枸杞,,true,approved
84-4,84,331,黑枣,,true,approved
84-5,84,6,姜,片,true,approved
84-6,84,332,草虾,,true,approved
84-7,84,17,盐,,true,approved
84-9,84,193,白胡椒粉,,true,approved
85-10,85,17,盐,,true,approved
85-15,85,6,姜,片,true,approved
85-16,85,239,大葱,,true,approved
86-1,86,338,秋刀鱼,洗好的,true,approved
86-2,86,287,柠檬,,true,approved
86-3,86,17,盐,,true,approved
86-5,86,37,胡椒粉,,true,approved
87-2,87,50,蒜,,true,approved
87-4,87,340,黄豆芽,,true,approved
87-5,87,59,韭菜,,true,approved
87-6,87,17,盐,,true,approved
88-1,88,341,鸭肉,,true,approved
88-10,88,97,白糖,,true,approved
88-3,88,6,姜,,true,approved
88-4,88,239,大葱,,true,approved
88-5,88,17,盐,,true,approved
88-9,88,48,淀粉,,true,approved
89-4,89,97,白糖,,true,approved
89-5,89,287,柠檬,,true,approved
90-1,90,344,绿豆,,true,approved
90-2,90,104,红豆,,true,approved
90-3,90,345,芸豆,,true,approved
90-4,90,346,莲子,干,true,approved
90-5,90,348,大米,,true,approved
90-6,90,290,小米,,true,approved
90-7,90,349,高粱米,,true,approved
90-8,90,105,薏米,,true,approved
90-9,90,350,黑糯米,,true,approved
91-1,91,54,鸡蛋,,true,approved
91-4,91,133,细砂糖,,true,approved
91-5,91,351,蛋挞皮,,true,approved
91-8,91,355,可可粉,,true,approved
92-1,92,54,鸡蛋,,true,approved
93-1,93,358,蛤蜊,,true,approved
93-2,93,25,烧烤粉,,true,approved
93-3,93,17,盐,,true,approved
93-4,93,37,胡椒粉,,true,approved
94-11,94,359,萝卜干,,true,approved
94-14,94,17,盐,,true,approved
94-2,94,33,葱,末,true,approved
94-3,94,6,姜,末,true,approved
94-4,94,50,蒜,末,true,approved
94-5,94,156,五花肉,,true,approved
94-8,94,137,梅干菜,,true,approved
94-9,94,97,白糖,,true,approved
95-10,95,17,盐,,true,approved
95-11,95,201,糖,,true,approved
95-13,95,19,黑胡椒,碎,true,approved
95-14,95,811,马苏里拉奶酪,碎,true,approved
95-15,95,363,鲜虾,,true,approved
95-16,95,281,火腿,,true,approved
95-7,95,11,番茄,,true,approved
95-8,95,12,洋葱,,true,approved
96-4,96,33,葱,花,true,approved
96-5,96,97,白糖,,true,approved
96-6,96,17,盐,,true,approved
97-1,97,368,枇杷,,true,approved
97-2,97,165,冰糖粉,,true,approved
98-1,98,369,带鱼,,true,approved
98-2,98,6,姜,丝,true,approved
98-3,98,33,葱,丝,true,approved
98-4,98,17,盐,,true,approved
98-5,98,96,鸡粉,,true,approved
99-2,99,348,大米,,true,approved
99-3,99,84,胡萝卜,,true,approved
99-4,99,6,姜,,true,approved
99-5,99,85,香菇,,true,approved
99-6,99,65,小葱,,true,approved
99-7,99,146,蒜瓣,,true,approved
99-8,99,3,冰糖,,true,approved
99-9,99,17,盐,,true,approved
100-5,100,97,白糖,,true,approved
100-8,100,371,面条,干,true,approved
102-2,102,287,柠檬,,true,approved
102-3,102,121,糖粉,,true,approved
103-1,103,377,菠菜,,true,approved
103-2,103,276,粳米,,true,approved
103-4,103,17,盐,,true,approved
104-1,104,120,低筋面粉,,true,approved
104-2,104,314,橙子,,true,approved
104-3,104,54,鸡蛋,,true,approved
104-5,104,269,玉米淀粉,,true,approved
104-6,104,133,细砂糖,,true,approved
105-1,105,120,低筋面粉,,true,approved
105-4,105,379,肉桂粉,,true,approved
105-5,105,121,糖粉,,true,approved
105-6,105,40,红糖,,true,approved
105-8,105,380,姜粉,,true,approved
106-2,106,33,葱,花,true,approved
106-3,106,50,蒜,,true,approved
106-4,106,221,娃娃菜,,true,approved
106-5,106,85,香菇,,true,approved
106-6,106,17,盐,,true,approved
107-2,107,17,盐,,true,approved
107-6,107,48,淀粉,,true,approved
107-7,107,382,芦笋,,true,approved
108-1,108,383,羊肉,,true,approved
108-2,108,6,姜,片,true,approved
108-7,108,39,红枣,,true,approved
108-8,108,164,枸杞,,true,approved
108-9,108,17,盐,,true,approved
109-10,109,395,帕玛森芝士,,true,approved
109-11,109,17,盐,,true,approved
109-12,109,270,黑胡椒粉,,true,approved
109-13,109,50,蒜,碎,true,approved
109-3,109,387,白蘑菇,丁,true,approved
109-4,109,389,意大利米,,true,approved
109-7,109,392,菠菜叶,,true,approved
110-11,110,170,糯米粉,,true,approved
110-12,110,269,玉米淀粉,,true,approved
110-14,110,133,细砂糖,,true,approved
110-15,110,317,蛋黄,,true,approved
110-16,110,163,黑芝麻,,true,approved
111-1,111,105,薏米,,true,approved
111-2,111,91,排骨,,true,approved
111-5,111,6,姜,片,true,approved
111-6,111,17,盐,,true,approved
112-1,112,170,糯米粉,,true,approved
112-2,112,274,粘米粉,,true,approved
112-3,112,133,细砂糖,,true,approved
112-6,112,400,紫薯粉,,true,approved
112-8,112,397,紫薯,蒸熟,true,approved
113-1,113,405,奇异果,,true,approved
114-1,114,58,面粉,,true,approved
114-2,114,40,红糖,,true,approved
114-3,114,39,红枣,,true,approved
114-5,114,164,枸杞,,true,approved
114-7,114,147,白芝麻,,true,approved
115-7,115,48,淀粉,,true,approved
115-8,115,97,白糖,,true,approved
115-9,115,33,葱,花,true,approved
116-1,116,413,牛小排,,true,approved
116-10,116,17,盐,,true,approved
116-11,116,12,洋葱,,true,approved
116-12,116,115,青椒,,true,approved
116-5,116,6,姜,片,true,approved
116-6,116,33,葱,段,true,approved
116-7,116,142,八角,,true,approved
116-9,116,50,蒜,,true,approved
117-2,117,50,蒜,,true,approved
117-3,117,156,五花肉,,true,approved
117-5,117,17,盐,,true,approved
118-10,118,17,盐,,true,approved
118-2,118,417,黑米,,true,approved
118-3,118,348,大米,,true,approved
118-4,118,418,葡萄干,,true,approved
118-5,118,84,胡萝卜,,true,approved
118-7,118,281,火腿,,true,approved
119-2,119,50,蒜,末,true,approved
119-4,119,11,番茄,,true,approved
119-5,119,97,白糖,,true,approved
119-6,119,17,盐,,true,approved
119-7,119,419,白玉菇,,true,approved
120-4,120,97,白糖,,true,approved
120-5,120,170,糯米粉,,true,approved
120-6,120,274,粘米粉,,true,approved
120-7,120,421,澄面,,true,approved
120-9,120,170,糯米粉,熟,true,approved
121-2,121,50,蒜,末,true,approved
121-3,121,65,小葱,,true,approved
122-1,122,120,低筋面粉,,true,approved
122-2,122,54,鸡蛋,,true,approved
122-4,122,121,糖粉,,true,approved
122-5,122,424,抹茶粉,,true,approved
122-6,122,355,可可粉,,true,approved
122-7,122,425,吉士粉,,true,approved
122-8,122,163,黑芝麻,,true,approved
124-1,124,74,土豆,,true,approved
124-2,124,17,盐,,true,approved
124-3,124,19,黑胡椒,,true,approved
124-4,124,58,面粉,,true,approved
124-5,124,84,胡萝卜,,true,approved
124-6,124,33,葱,花,true,approved
125-1,125,431,鸭子,,true,approved
125-6,125,2112,面包,片,true,approved
125-8,125,17,盐,,true,approved
126-1,126,54,鸡蛋,,true,approved
126-2,126,49,生菜,,true,approved
126-3,126,437,小番茄,,true,approved
126-4,126,438,牛油果,,true,approved
126-7,126,12,洋葱,,true,approved
126-8,126,19,黑胡椒,,true,approved
126-9,126,17,盐,,true,approved
127-1,127,81,猪肉,,true,approved
127-3,127,17,盐,,true,approved
127-4,127,85,香菇,,true,approved
127-7,127,348,大米,,true,approved
127-9,127,193,白胡椒粉,,true,approved
128-2,128,50,蒜,,true,approved
128-3,128,84,胡萝卜,,true,approved
128-4,128,90,黄瓜,,true,approved
128-5,128,74,土豆,,true,approved
128-6,128,11,番茄,,true,approved
128-7,128,17,盐,,true,approved
129-2,129,92,豆豉,,true,approved
129-3,129,260,剁辣椒,,true,approved
129-5,129,6,姜,末,true,approved
129-7,129,33,葱,花,true,approved
129-8,129,17,盐,,true,approved
129-9,129,96,鸡粉,,true,approved
130-1,130,444,紫米,,true,approved
130-2,130,348,大米,,true,approved
130-3,130,346,莲子,干,true,approved
130-4,130,39,红枣,,true,approved
130-6,130,3,冰糖,,true,approved
131-1,131,445,芹菜,,true,approved
131-2,131,135,肉末,末,true,approved
131-3,131,85,香菇,,true,approved
131-4,131,6,姜,末,true,approved
131-5,131,17,盐,,true,approved
131-8,131,42,蛋清,,true,approved
131-9,131,257,五香粉,,true,approved
132-1,132,54,鸡蛋,,true,approved
132-2,132,3,冰糖,,true,approved
133-1,133,447,糯米,,true,approved
133-10,133,163,黑芝麻,,true,approved
133-5,133,244,火腿肠,,true,approved
133-8,133,452,寿司萝卜,,true,approved
133-9,133,1242,奶酪,片,true,approved
134-1,134,455,牛仔骨,,true,approved
134-3,134,17,盐,,true,approved
134-4,134,96,鸡粉,,true,approved
135-1,135,457,蜜红豆,,true,approved
135-3,135,131,吉利丁粉,,true,approved
135-5,135,97,白糖,,true,approved
135-6,135,40,红糖,,true,approved
136-1,136,99,虾仁,,true,approved
136-2,136,196,日本豆腐,,true,approved
136-3,136,459,蟹肉棒,,true,approved
137-1,137,460,罗非鱼,,true,approved
137-2,137,17,盐,,true,approved
137-3,137,33,葱,,true,approved
137-4,137,6,姜,,true,approved
138-10,138,17,盐,,true,approved
138-2,138,85,香菇,干,true,approved
138-3,138,60,木耳,干,true,approved
138-4,138,465,山药,,true,approved
138-5,138,281,火腿,片,true,approved
138-6,138,84,胡萝卜,,true,approved
138-7,138,6,姜,,true,approved
138-8,138,65,小葱,,true,approved
139-3,139,97,白糖,,true,approved
140-1,140,377,菠菜,,true,approved
140-10,140,96,鸡粉,,true,approved
140-11,140,50,蒜,蓉,true,approved
140-12,140,17,盐,,true,approved
140-2,140,84,胡萝卜,,true,approved
140-3,140,469,豆腐皮,,true,approved
140-5,140,85,香菇,,true,approved
140-9,140,97,白糖,,true,approved
141-2,141,472,松子仁,,true,approved
142-8,142,474,香蕉,,true,approved
143-1,143,10,茄子,,true,approved
143-4,143,50,蒜,,true,approved
143-5,143,194,小米椒,,true,approved
143-7,143,97,白糖,,true,approved
144-1,144,477,虾,,true,approved
144-2,144,478,海盐,,true,approved
144-6,144,33,葱,,true,approved
144-7,144,6,姜,,true,approved
146-1,146,29,鲈鱼,,true,approved
146-5,146,12,洋葱,,true,approved
146-6,146,6,姜,,true,approved
146-7,146,33,葱,,true,approved
146-8,146,17,盐,,true,approved
146-9,146,270,黑胡椒粉,,true,approved
147-10,147,283,花椒,,true,approved
147-11,147,142,八角,,true,approved
147-5,147,17,盐,,true,approved
147-6,147,48,淀粉,,true,approved
147-7,147,33,葱,,true,approved
147-8,147,6,姜,,true,approved
147-9,147,50,蒜,,true,approved
148-1,148,107,金针菇,,true,approved
148-2,148,50,蒜,,true,approved
148-3,148,26,辣椒粉,,true,approved
148-4,148,17,盐,,true,approved
149-1,149,484,龙利鱼,,true,approved
149-2,149,42,蛋清,,true,approved
149-3,149,17,盐,,true,approved
149-4,149,33,葱,花,true,approved
149-7,149,48,淀粉,,true,approved
149-8,149,193,白胡椒粉,,true,approved
149-9,149,6,姜,丝,true,approved
150-1,150,485,生蚝,,true,approved
150-2,150,25,烧烤粉,,true,approved
150-3,150,194,小米椒,,true,approved
150-4,150,12,洋葱,,true,approved
150-6,150,6,姜,,true,approved
150-7,150,71,香菜,,true,approved
150-8,150,17,盐,,true,approved
151-4,151,97,白糖,,true,approved
152-1,152,492,鸡翅中,,true,approved
153-1,153,348,大米,,true,approved
154-3,154,133,细砂糖,,true,approved
154-5,154,495,红豆沙,,true,approved
155-3,155,170,糯米粉,,true,approved
155-4,155,269,玉米淀粉,,true,approved
155-6,155,133,细砂糖,,true,approved
156-1,156,383,羊肉,,true,approved
156-2,156,6,姜,,true,approved
156-3,156,239,大葱,,true,approved
157-1,157,54,鸡蛋,,true,approved
157-3,157,499,虾皮,,true,approved
158-1,158,500,猪肘子,,true,approved
158-3,158,142,八角,,true,approved
158-4,158,6,姜,片,true,approved
158-6,158,284,香叶,,true,approved
158-7,158,283,花椒,,true,approved
159-2,159,50,蒜,片,true,approved
159-3,159,501,广式香肠,,true,approved
159-4,159,502,莴笋,,true,approved
159-6,159,17,盐,,true,approved
160-1,160,503,三黄鸡,,true,approved
160-2,160,504,盐焗鸡粉,,true,approved
160-3,160,17,盐,,true,approved
160-5,160,505,粗盐,,true,approved
161-1,161,506,鲜香菇,,true,approved
161-11,161,17,盐,,true,approved
161-3,161,6,姜,片,true,approved
161-5,161,142,八角,,true,approved
161-6,161,284,香叶,,true,approved
161-7,161,141,桂皮,,true,approved
161-8,161,97,白糖,,true,approved
162-1,162,508,莲藕,,true,approved
162-10,162,96,鸡粉,,true,approved
162-4,162,33,葱,花,true,approved
162-5,162,42,蛋清,,true,approved
162-9,162,17,盐,,true,approved
163-2,163,133,细砂糖,,true,approved
163-3,163,188,酵母,,true,approved
163-4,163,243,中筋面粉,,true,approved
163-5,163,509,玉米面,,true,approved
164-4,164,84,胡萝卜,,true,approved
164-6,164,60,木耳,,true,approved
164-7,164,33,葱,,true,approved
164-8,164,6,姜,,true,approved
165-4,165,17,盐,,true,approved
165-5,165,97,白糖,,true,approved
165-7,165,33,葱,花,true,approved
165-8,165,6,姜,末,true,approved
166-1,166,156,五花肉,,true,approved
166-2,166,508,莲藕,,true,approved
166-4,166,33,葱,花,true,approved
166-5,166,96,鸡粉,,true,approved
166-6,166,17,盐,,true,approved
168-2,168,50,蒜,,true,approved
168-3,168,30,辣椒,干,true,approved
168-4,168,202,白菜,,true,approved
168-5,168,17,盐,,true,approved
168-7,168,97,白糖,,true,approved
169-2,169,170,糯米粉,,true,approved
169-3,169,269,玉米淀粉,,true,approved
169-4,169,121,糖粉,,true,approved
169-8,169,170,糯米粉,熟,true,approved
170-8,170,65,小葱,,true,approved
171-3,171,33,葱,,true,approved
171-4,171,6,姜,,true,approved
171-9,171,71,香菜,碎,true,approved
172-1,172,485,生蚝,,true,approved
172-2,172,224,粉丝,丝,true,approved
172-4,172,50,蒜,,true,approved
172-5,172,17,盐,,true,approved
172-6,172,37,胡椒粉,,true,approved
173-1,173,522,盐酥鸡,,true,approved
176-1,176,530,蔓越莓干,,true,approved
176-4,176,121,糖粉,,true,approved
176-5,176,54,鸡蛋,液,true,approved
178-1,178,532,鸡米花,半成品+冷冻,true,approved
179-2,179,97,白糖,,true,approved
179-3,179,478,海盐,,true,approved
179-6,179,355,可可粉,,true,approved
180-1,180,84,胡萝卜,,true,approved
180-2,180,535,青菜,,true,approved
180-3,180,348,大米,,true,approved
180-5,180,536,甜玉米,粒,true,approved
180-6,180,17,盐,,true,approved
181-1,181,54,鸡蛋,,true,approved
181-3,181,120,低筋面粉,,true,approved
181-4,181,269,玉米淀粉,,true,approved
181-6,181,133,细砂糖,,true,approved
182-1,182,54,鸡蛋,,true,approved
182-3,182,17,盐,,true,approved
183-1,183,261,鸡胸肉,,true,approved
183-2,183,202,白菜,,true,approved
183-3,183,85,香菇,,true,approved
183-6,183,50,蒜,,true,approved
183-7,183,48,淀粉,,true,approved
183-8,183,17,盐,,true,approved
184-2,184,133,细砂糖,,true,approved
185-1,185,39,红枣,干,true,approved
185-3,185,170,糯米粉,,true,approved
185-4,185,541,粳米粉,,true,approved
185-7,185,97,白糖,,true,approved
185-8,185,542,松子,,true,approved
186-1,186,74,土豆,,true,approved
186-2,186,65,小葱,,true,approved
186-3,186,239,大葱,,true,approved
186-5,186,17,盐,,true,approved
186-6,186,270,黑胡椒粉,,true,approved
186-7,186,125,鸡精,,true,approved
187-12,187,269,玉米淀粉,,true,approved
187-2,187,92,豆豉,,true,approved
187-4,187,6,姜,,true,approved
187-5,187,50,蒜,,true,approved
187-9,187,17,盐,,true,approved
188-1,188,170,糯米粉,,true,approved
188-2,188,269,玉米淀粉,,true,approved
188-3,188,424,抹茶粉,,true,approved
188-4,188,97,白糖,,true,approved
188-8,188,495,红豆沙,,true,approved
188-9,188,170,糯米粉,熟,true,approved
189-1,189,546,三文鱼,块,true,approved
189-4,189,287,柠檬,,true,approved
189-5,189,17,盐,,true,approved
189-7,189,26,辣椒粉,,true,approved
189-8,189,25,烧烤粉,,true,approved
190-1,190,348,大米,,true,approved
190-3,190,551,油菜心,,true,approved
190-4,190,6,姜,,true,approved
190-5,190,54,鸡蛋,,true,approved
190-6,190,65,小葱,,true,approved
191-10,191,17,盐,,true,approved
191-4,191,97,白糖,,true,approved
191-5,191,92,豆豉,,true,approved
192-1,192,133,细砂糖,,true,approved
192-3,192,317,蛋黄,,true,approved
193-1,193,555,绿豆芽,,true,approved
193-4,193,283,花椒,,true,approved
193-5,193,30,辣椒,干,true,approved
193-7,193,97,白糖,,true,approved
193-8,193,17,盐,,true,approved
194-1,194,556,菜椒,,true,approved
194-2,194,224,粉丝,丝,true,approved
194-3,194,50,蒜,,true,approved
194-4,194,84,胡萝卜,,true,approved
194-5,194,74,土豆,,true,approved
194-6,194,227,南瓜,,true,approved
195-2,195,306,核桃,,true,approved
195-3,195,266,鹌鹑蛋,熟,true,approved
195-4,195,3,冰糖,,true,approved
196-1,196,515,猪肋排,,true,approved
196-10,196,3,冰糖,,true,approved
196-11,196,561,红曲粉,,true,approved
196-2,196,6,姜,片,true,approved
196-6,196,239,大葱,,true,approved
196-7,196,141,桂皮,,true,approved
197-1,197,562,黄桃,,true,approved
197-2,197,165,冰糖粉,,true,approved
197-3,197,17,盐,,true,approved
198-10,198,12,洋葱,,true,approved
198-13,198,26,辣椒粉,,true,approved
198-3,198,6,姜,,true,approved
198-4,198,17,盐,,true,approved
198-9,198,156,五花肉,,true,approved
199-2,199,567,皮蛋,,true,approved
199-3,199,568,榨菜,,true,approved
200-3,200,171,坚果,,true,approved
201-1,201,58,面粉,,true,approved
201-15,201,48,淀粉,,true,approved
201-16,201,54,鸡蛋,液,true,approved
201-17,201,97,白糖,,true,approved
201-18,201,188,酵母,,true,approved
201-2,201,135,肉末,末,true,approved
201-20,201,33,葱,花,true,approved
201-21,201,17,盐,,true,approved
202-11,202,574,酸菜,,true,approved
202-12,202,340,黄豆芽,,true,approved
202-13,202,575,小红辣椒,,true,approved
202-16,202,17,盐,,true,approved
202-2,202,48,淀粉,,true,approved
202-4,202,193,白胡椒粉,,true,approved
202-5,202,6,姜,片,true,approved
202-6,202,146,蒜瓣,,true,approved
202-8,202,572,鱼头,,true,approved
202-9,202,573,鱼骨,,true,approved
204-1,204,581,牛蛙,,true,approved
204-13,204,17,盐,,true,approved
204-14,204,125,鸡精,,true,approved
204-16,204,97,白糖,,true,approved
204-17,204,287,柠檬,片,true,approved
204-2,204,232,丝瓜,,true,approved
204-5,204,50,蒜,,true,approved
204-6,204,6,姜,,true,approved
204-9,204,283,花椒,粒,true,approved
205-1,205,585,银耳,干,true,approved
205-2,205,315,苹果,,true,approved
205-3,205,3,冰糖,,true,approved
205-5,205,39,红枣,去核,true,approved
205-6,205,164,枸杞,,true,approved
206-12,206,592,咸蛋黄,,true,approved
206-4,206,81,猪肉,末,true,approved
206-5,206,85,香菇,丁,true,approved
206-8,206,17,盐,,true,approved
206-9,206,48,淀粉,,true,approved
207-1,207,54,鸡蛋,,true,approved
207-2,207,593,海参,,true,approved
207-3,207,594,香葱,,true,approved
207-6,207,17,盐,,true,approved
208-1,208,104,红豆,,true,approved
208-3,208,133,细砂糖,,true,approved
209-1,209,596,全麦面包粉,,true,approved
209-2,209,17,盐,,true,approved
209-3,209,133,细砂糖,,true,approved
209-7,209,249,高筋面粉,,true,approved
210-2,210,50,蒜,,true,approved
210-3,210,6,姜,片,true,approved
210-4,210,598,鸡腿肉,,true,approved
210-8,210,3,冰糖,,true,approved
211-1,211,29,鲈鱼,,true,approved
211-3,211,17,盐,,true,approved
211-4,211,65,小葱,,true,approved
211-5,211,194,小米椒,,true,approved
211-8,211,193,白胡椒粉,,true,approved
211-9,211,6,姜,,true,approved
212-1,212,530,蔓越莓干,,true,approved
212-4,212,121,糖粉,,true,approved
212-5,212,54,鸡蛋,液,true,approved
212-6,212,47,低筋粉,,true,approved
213-1,213,603,菜心,,true,approved
213-2,213,156,五花肉,,true,approved
213-3,213,604,橄榄菜,,true,approved
213-6,213,48,淀粉,,true,approved
213-7,213,33,葱,,true,approved
213-8,213,6,姜,,true,approved
214-10,214,608,杏鲍菇,,true,approved
214-11,214,48,淀粉,,true,approved
214-12,214,33,葱,花,true,approved
214-13,214,609,花生仁,熟,true,approved
214-8,214,97,白糖,,true,approved
214-9,214,17,盐,,true,approved
215-1,215,471,鳜鱼,,true,approved
215-12,215,37,胡椒粉,,true,approved
215-3,215,135,肉末,末,true,approved
215-4,215,85,香菇,,true,approved
215-5,215,42,蛋清,,true,approved
215-6,215,50,蒜,末,true,approved
215-7,215,33,葱,花,true,approved
215-8,215,17,盐,,true,approved
215-9,215,96,鸡粉,,true,approved
216-1,216,47,低筋粉,,true,approved
216-10,216,170,糯米粉,,true,approved
216-12,216,147,白芝麻,熟,true,approved
216-13,216,530,蔓越莓干,,true,approved
216-14,216,617,糖冬瓜,,true,approved
216-9,216,615,麦芽糖,,true,approved
217-4,217,33,葱,花,true,approved
217-5,217,17,盐,,true,approved
218-2,218,245,豆腐,,true,approved
218-6,218,33,葱,花,true,approved
219-1,219,365,玉米,,true,approved
220-4,220,6,姜,,true,approved
220-5,220,39,红枣,,true,approved
220-6,220,164,枸杞,,true,approved
220-7,220,17,盐,,true,approved
221-1,221,625,土鸡,,true,approved
221-2,221,60,木耳,干,true,approved
221-3,221,6,姜,,true,approved
221-4,221,164,枸杞,,true,approved
221-6,221,17,盐,,true,approved
222-1,222,627,青蟹,,true,approved
222-13,222,85,香菇,干,true,approved
222-14,222,84,胡萝卜,,true,approved
222-4,222,81,猪肉,,true,approved
222-8,222,6,姜,,true,approved
222-9,222,33,葱,,true,approved
223-4,223,25,烧烤粉,,true,approved
223-5,223,26,辣椒粉,,true,approved
223-7,223,27,孜然粉,,true,approved
224-2,224,50,蒜,末,true,approved
224-6,224,33,葱,花,true,approved
225-10,225,17,盐,,true,approved
225-12,225,164,枸杞,泡水,true,approved
225-2,225,6,姜,片,true,approved
225-6,225,142,八角,,true,approved
225-7,225,141,桂皮,,true,approved
227-1,227,465,山药,,true,approved
227-2,227,58,面粉,,true,approved
227-3,227,54,鸡蛋,,true,approved
227-4,227,33,葱,花,true,approved
227-5,227,6,姜,末,true,approved
227-6,227,17,盐,,true,approved
228-2,228,315,苹果,,true,approved
228-3,228,633,山楂,,true,approved
228-4,228,164,枸杞,,true,approved
228-5,228,418,葡萄干,,true,approved
228-7,228,283,花椒,,true,approved
228-8,228,3,冰糖,,true,approved
229-1,229,635,鲍鱼,,true,approved
229-10,229,224,粉丝,丝,true,approved
229-11,229,638,基围虾,,true,approved
229-12,229,17,盐,,true,approved
229-13,229,445,芹菜,,true,approved
229-3,229,91,排骨,,true,approved
229-4,229,6,姜,片,true,approved
229-6,229,233,贝,干,true,approved
229-7,229,85,香菇,干,true,approved
229-8,229,84,胡萝卜,块,true,approved
229-9,229,637,大白菜,,true,approved
230-1,230,58,面粉,,true,approved
230-2,230,203,酵母粉,,true,approved
230-3,230,84,胡萝卜,,true,approved
231-1,231,447,糯米,,true,approved
231-3,231,97,白糖,,true,approved
231-5,231,48,淀粉,,true,approved
231-6,231,640,芒果肉,,true,approved
232-3,232,261,鸡胸肉,,true,approved
232-4,232,54,鸡蛋,,true,approved
232-5,232,438,牛油果,,true,approved
232-8,232,478,海盐,,true,approved
232-9,232,19,黑胡椒,碎,true,approved
233-2,233,344,绿豆,,true,approved
233-3,233,105,薏米,,true,approved
233-4,233,447,糯米,,true,approved
233-5,233,645,蜜枣,,true,approved
233-6,233,646,冬瓜糖,,true,approved
233-9,233,185,黄冰糖,,true,approved
234-2,234,54,鸡蛋,,true,approved
234-3,234,97,白糖,,true,approved
234-4,234,457,蜜红豆,,true,approved
236-2,236,592,咸蛋黄,熟,true,approved
236-4,236,17,盐,,true,approved
236-5,236,97,白糖,,true,approved
236-6,236,96,鸡粉,,true,approved
237-15,237,231,对虾,,true,approved
237-19,237,193,白胡椒粉,,true,approved
237-2,237,6,姜,粒,true,approved
237-3,237,50,蒜,粒,true,approved
238-1,238,653,牛排,,true,approved
239-1,239,655,波士顿龙虾,,true,approved
239-10,239,317,蛋黄,,true,approved
239-4,239,85,香菇,,true,approved
239-5,239,658,口蘑,,true,approved
239-6,239,12,洋葱,,true,approved
239-7,239,50,蒜,,true,approved
240-5,240,65,小葱,,true,approved
240-6,240,17,盐,,true,approved
241-1,241,170,糯米粉,,true,approved
241-2,241,541,粳米粉,,true,approved
241-5,241,97,白糖,,true,approved
242-1,242,81,猪肉,片,true,approved
242-10,242,421,澄面,,true,approved
242-2,242,293,白萝卜,,true,approved
242-3,242,666,紫菜,干,true,approved
242-5,242,17,盐,,true,approved
242-6,242,125,鸡精,,true,approved
242-7,242,37,胡椒粉,,true,approved
242-9,242,668,红薯粉,,true,approved
243-4,243,201,糖,,true,approved
243-5,243,17,盐,,true,approved
243-6,243,188,酵母,,true,approved
244-1,244,54,鸡蛋,,true,approved
244-3,244,201,糖,,true,approved
245-1,245,54,鸡蛋,,true,approved
245-3,245,669,奶粉,,true,approved
245-5,245,670,蓝莓,,true,approved
245-6,245,671,草莓,,true,approved
246-3,246,283,花椒,,true,approved
246-4,246,71,香菜,,true,approved
247-1,247,673,红小豆,,true,approved
247-2,247,417,黑米,,true,approved
247-3,247,674,红米,,true,approved
247-4,247,447,糯米,,true,approved
247-6,247,39,红枣,,true,approved
247-8,247,40,红糖,,true,approved
248-1,248,397,紫薯,,true,approved
248-2,248,418,葡萄干,,true,approved
248-3,248,676,开心果仁,,true,approved
248-4,248,44,杏仁,,true,approved
250-10,250,33,葱,花,true,approved
250-12,250,37,胡椒粉,,true,approved
250-2,250,680,蟹粉,,true,approved
250-8,250,201,糖,,true,approved
250-9,250,17,盐,,true,approved
251-2,251,54,鸡蛋,,true,approved
251-4,251,123,泡打粉,,true,approved
251-5,251,425,吉士粉,,true,approved
251-6,251,97,白糖,,true,approved
252-2,252,672,腊肉,,true,approved
252-3,252,50,蒜,,true,approved
252-7,252,97,白糖,,true,approved
253-10,253,97,白糖,,true,approved
253-11,253,17,盐,,true,approved
253-12,253,6,姜,片,true,approved
253-13,253,142,八角,,true,approved
253-14,253,37,胡椒粉,,true,approved
253-16,253,33,葱,花,true,approved
253-4,253,50,蒜,,true,approved
253-5,253,277,花生,,true,approved
254-1,254,156,五花肉,,true,approved
254-11,254,686,千张结,,true,approved
254-12,254,33,葱,花,true,approved
254-3,254,6,姜,片,true,approved
254-5,254,142,八角,,true,approved
254-6,254,17,盐,,true,approved
254-7,254,97,白糖,,true,approved
255-1,255,81,猪肉,,true,approved
255-2,255,147,白芝麻,,true,approved
255-4,255,17,盐,,true,approved
256-1,256,231,对虾,新鲜,true,approved
256-12,256,125,鸡精,,true,approved
256-2,256,17,盐,,true,approved
256-6,256,6,姜,末,true,approved
256-7,256,50,蒜,末,true,approved
257-1,257,515,猪肋排,,true,approved
257-10,257,17,盐,,true,approved
257-12,257,48,淀粉,,true,approved
257-2,257,6,姜,丝,true,approved
257-3,257,33,葱,花,true,approved
257-4,257,92,豆豉,,true,approved
257-5,257,50,蒜,蓉,true,approved
257-6,257,19,黑胡椒,碎,true,approved
257-9,257,201,糖,,true,approved
258-3,258,249,高筋面粉,,true,approved
258-4,258,695,全麦面粉,,true,approved
258-5,258,17,盐,,true,approved
258-6,258,133,细砂糖,,true,approved
258-7,258,188,酵母,,true,approved
259-2,259,445,芹菜,,true,approved
259-3,259,17,盐,,true,approved
260-1,260,515,猪肋排,,true,approved
260-10,260,284,香叶,,true,approved
260-12,260,17,盐,,true,approved
260-2,260,6,姜,片,true,approved
260-3,260,37,胡椒粉,,true,approved
260-6,260,315,苹果,,true,approved
260-8,260,142,八角,,true,approved
260-9,260,141,桂皮,,true,approved
261-2,261,50,蒜,,true,approved
261-3,261,10,茄子,,true,approved
261-6,261,17,盐,,true,approved
261-7,261,193,白胡椒粉,,true,approved
261-8,261,33,葱,花,true,approved
262-2,262,318,鱿鱼,花,true,approved
262-4,262,6,姜,丝,true,approved
262-5,262,445,芹菜,,true,approved
262-6,262,17,盐,,true,approved
263-1,263,702,草鱼,,true,approved
263-13,263,239,大葱,段,true,approved
263-14,263,6,姜,片,true,approved
263-15,263,50,蒜,片,true,approved
263-2,263,17,盐,,true,approved
263-23,263,37,胡椒粉,,true,approved
263-24,263,96,鸡粉,,true,approved
263-4,263,33,葱,段,true,approved
263-7,263,243,中筋面粉,,true,approved
264-10,264,121,糖粉,,true,approved
264-3,264,120,低筋面粉,,true,approved
264-4,264,317,蛋黄,,true,approved
264-5,264,42,蛋清,,true,approved
264-6,264,133,细砂糖,,true,approved
264-8,264,269,玉米淀粉,,true,approved
265-1,265,712,小南瓜,,true,approved
265-4,265,281,火腿,,true,approved
265-5,265,536,甜玉米,粒,true,approved
265-6,265,17,盐,,true,approved
265-9,265,65,小葱,,true,approved
266-1,266,715,乌鸡,,true,approved
266-11,266,17,盐,,true,approved
266-5,266,85,香菇,,true,approved
266-6,266,164,枸杞,,true,approved
266-7,266,39,红枣,,true,approved
266-8,266,716,桂圆,干,true,approved
268-7,268,92,豆豉,,true,approved
269-2,269,55,面包糠,,true,approved
270-1,270,39,红枣,,true,approved
270-2,270,170,糯米粉,,true,approved
270-3,270,97,白糖,,true,approved
270-4,270,472,松子仁,,true,approved
270-6,270,17,盐,,true,approved
271-1,271,723,面团,,true,approved
271-4,271,40,红糖,,true,approved
272-3,272,33,葱,,true,approved
272-4,272,6,姜,,true,approved
273-1,273,585,银耳,干,true,approved
273-2,273,3,冰糖,,true,approved
273-4,273,54,鸡蛋,,true,approved
275-1,275,277,花生,,true,approved
275-2,275,346,莲子,,true,approved
275-3,275,104,红豆,,true,approved
275-4,275,726,桂圆肉,干,true,approved
275-5,275,728,白糯米,,true,approved
275-6,275,350,黑糯米,,true,approved
275-7,275,348,大米,,true,approved
275-9,275,97,白糖,,true,approved
276-1,276,74,土豆,,true,approved
276-4,276,50,蒜,,true,approved
276-5,276,19,黑胡椒,,true,approved
277-1,277,74,土豆,,true,approved
277-2,277,619,猪肉馅,,true,approved
277-3,277,33,葱,,true,approved
277-4,277,194,小米椒,,true,approved
277-5,277,6,姜,,true,approved
277-6,277,17,盐,,true,approved
277-7,277,97,白糖,,true,approved
278-1,278,485,生蚝,,true,approved
278-10,278,17,盐,,true,approved
278-2,278,715,乌鸡,,true,approved
280-1,280,734,虾肉,,true,approved
280-2,280,59,韭菜,末,true,approved
280-3,280,156,五花肉,末,true,approved
280-4,280,421,澄面,,true,approved
280-5,280,48,淀粉,,true,approved
280-6,280,17,盐,,true,approved
280-8,280,97,白糖,,true,approved
281-1,281,91,排骨,,true,approved
281-2,281,6,姜,片,true,approved
281-6,281,293,白萝卜,,true,approved
281-7,281,17,盐,,true,approved
281-8,281,33,葱,花,true,approved
282-2,282,40,红糖,,true,approved
282-3,282,418,葡萄干,,true,approved
282-4,282,736,枣,,true,approved
282-5,282,164,枸杞,,true,approved
283-1,283,417,黑米,,true,approved
283-2,283,188,酵母,,true,approved
283-3,283,133,细砂糖,,true,approved
283-4,283,17,盐,,true,approved
283-6,283,243,中筋面粉,,true,approved
284-2,284,54,鸡蛋,,true,approved
284-3,284,97,白糖,,true,approved
284-4,284,457,蜜红豆,,true,approved
285-2,285,97,白糖,,true,approved
285-3,285,131,吉利丁粉,,true,approved
287-1,287,192,巴沙鱼,,true,approved
287-2,287,224,粉丝,丝,true,approved
287-4,287,33,葱,花,true,approved
287-5,287,50,蒜,末,true,approved
287-8,287,17,盐,,true,approved
287-9,287,48,淀粉,,true,approved
288-3,288,474,香蕉,,true,approved
288-4,288,742,腰果,,true,approved
289-1,289,743,牛腩,,true,approved
289-10,289,142,八角,,true,approved
289-11,289,284,香叶,,true,approved
289-12,289,3,冰糖,,true,approved
289-15,289,744,腐竹,,true,approved
289-16,289,84,胡萝卜,,true,approved
289-17,289,17,盐,,true,approved
289-2,289,6,姜,片,true,approved
289-8,289,33,葱,段,true,approved
289-9,289,50,蒜,,true,approved
290-11,290,33,葱,花,true,approved
290-4,290,6,姜,片,true,approved
290-8,290,17,盐,,true,approved
290-9,290,3,冰糖,,true,approved
291-1,291,254,马蹄,,true,approved
291-2,291,3,冰糖,,true,approved
291-5,291,164,枸杞,,true,approved
292-1,292,202,白菜,,true,approved
292-10,292,6,姜,,true,approved
292-11,292,613,中筋粉,,true,approved
292-12,292,377,菠菜,,true,approved
292-3,292,85,香菇,,true,approved
292-5,292,37,胡椒粉,,true,approved
292-8,292,17,盐,,true,approved
292-9,292,33,葱,,true,approved
293-1,293,195,扇贝,,true,approved
293-2,293,50,蒜,蓉,true,approved
293-4,293,17,盐,,true,approved
293-5,293,193,白胡椒粉,,true,approved
294-1,294,135,肉末,末,true,approved
294-3,294,680,蟹粉,,true,approved
294-5,294,17,盐,,true,approved
294-6,294,133,细砂糖,,true,approved
294-7,294,6,姜,末,true,approved
294-8,294,243,中筋面粉,,true,approved
295-11,295,42,蛋清,,true,approved
295-12,295,48,淀粉,,true,approved
295-14,295,193,白胡椒粉,,true,approved
295-15,295,17,盐,,true,approved
295-18,295,97,白糖,,true,approved
295-3,295,60,木耳,干,true,approved
295-4,295,115,青椒,,true,approved
295-5,295,752,鲜笋,,true,approved
295-6,295,84,胡萝卜,,true,approved
295-7,295,6,姜,,true,approved
295-8,295,50,蒜,,true,approved
296-2,296,133,细砂糖,,true,approved
296-4,296,121,糖粉,,true,approved
296-5,296,17,盐,,true,approved
296-6,296,54,鸡蛋,液,true,approved
296-8,296,120,低筋面粉,,true,approved
297-1,297,170,糯米粉,,true,approved
298-4,298,163,黑芝麻,,true,approved
299-1,299,653,牛排,,true,approved
299-2,299,96,鸡粉,,true,approved
299-5,299,19,黑胡椒,碎,true,approved
299-6,299,17,盐,,true,approved
300-11,300,19,黑胡椒,碎,true,approved
300-12,300,74,土豆,,true,approved
300-14,300,17,盐,,true,approved
300-2,300,12,洋葱,,true,approved
300-3,300,50,蒜,,true,approved
300-4,300,11,番茄,,true,approved
302-3,302,84,胡萝卜,,true,approved
302-4,302,17,盐,,true,approved
302-5,302,762,鲜百合,,true,approved
303-1,303,763,紫苏辣子鸡,,true,approved
304-1,304,743,牛腩,,true,approved
304-10,304,71,香菜,末,true,approved
304-11,304,17,盐,,true,approved
304-2,304,6,姜,片,true,approved
304-5,304,239,大葱,段,true,approved
304-6,304,764,草果,,true,approved
304-8,304,293,白萝卜,,true,approved
304-9,304,445,芹菜,,true,approved
305-1,305,227,南瓜,,true,approved
305-3,305,164,枸杞,,true,approved
305-4,305,3,冰糖,,true,approved
306-3,306,115,青椒,,true,approved
306-5,306,6,姜,,true,approved
306-6,306,33,葱,,true,approved
306-7,306,17,盐,,true,approved
307-1,307,768,花菜,,true,approved
307-3,307,26,辣椒粉,,true,approved
307-4,307,27,孜然粉,,true,approved
307-5,307,201,糖,,true,approved
307-6,307,17,盐,,true,approved
307-7,307,19,黑胡椒,,true,approved
307-8,307,71,香菜,末,true,approved
308-1,308,120,低筋面粉,,true,approved
308-2,308,133,细砂糖,,true,approved
308-4,308,54,鸡蛋,,true,approved
308-6,308,770,什锦水果,,true,approved
308-8,308,17,盐,,true,approved
309-1,309,773,鸡,,true,approved
309-3,309,6,姜,片,true,approved
309-4,309,39,红枣,,true,approved
309-5,309,164,枸杞,,true,approved
309-6,309,17,盐,,true,approved
310-1,310,74,土豆,,true,approved
310-10,310,17,盐,,true,approved
310-3,310,12,洋葱,,true,approved
310-4,310,775,圣女果,,true,approved
310-5,310,50,蒜,,true,approved
310-6,310,776,红辣椒粉,,true,approved
310-8,310,71,香菜,,true,approved
311-3,311,243,中筋面粉,,true,approved
311-4,311,97,白糖,,true,approved
311-5,311,17,盐,,true,approved
311-6,311,188,酵母,,true,approved
312-1,312,261,鸡胸肉,,true,approved
312-4,312,270,黑胡椒粉,,true,approved
312-5,312,48,淀粉,,true,approved
313-1,313,661,猪蹄,,true,approved
313-2,313,229,鸡爪,,true,approved
313-3,313,780,母鸡,,true,approved
313-4,313,781,里脊肉,,true,approved
313-5,313,233,贝,干,true,approved
313-6,313,227,南瓜,,true,approved
313-8,313,17,盐,,true,approved
314-1,314,783,奶油奶酪,,true,approved
314-3,314,201,糖,,true,approved
314-8,314,355,可可粉,,true,approved
315-2,315,785,蟹黄,,true,approved
315-4,315,54,鸡蛋,,true,approved
315-5,315,164,枸杞,,true,approved
315-7,315,17,盐,,true,approved
315-8,315,201,糖,,true,approved
316-1,316,249,高筋面粉,,true,approved
316-2,316,669,奶粉,,true,approved
316-3,316,133,细砂糖,,true,approved
316-4,316,17,盐,,true,approved
316-5,316,54,鸡蛋,液,true,approved
316-7,316,188,酵母,,true,approved
317-10,317,671,草莓,,true,approved
317-11,317,790,糖霜,,true,approved
317-3,317,201,糖,,true,approved
317-5,317,269,玉米淀粉,,true,approved
318-12,318,243,中筋面粉,,true,approved
318-5,318,17,盐,,true,approved
318-6,318,97,白糖,,true,approved
318-7,318,207,鸡蛋清,,true,approved
318-8,318,6,姜,末,true,approved
318-9,318,33,葱,花,true,approved
319-1,319,637,大白菜,,true,approved
319-10,319,17,盐,,true,approved
319-11,319,96,鸡粉,,true,approved
319-6,319,58,面粉,,true,approved
319-7,319,6,姜,片,true,approved
319-8,319,50,蒜,末,true,approved
320-1,320,662,黄豆,干,true,approved
320-3,320,17,盐,,true,approved
321-1,321,54,鸡蛋,,true,approved
321-3,321,17,盐,,true,approved
322-1,322,261,鸡胸肉,,true,approved
322-2,322,227,南瓜,,true,approved
322-3,322,6,姜,片,true,approved
322-4,322,164,枸杞,,true,approved
322-5,322,33,葱,段,true,approved
322-8,322,17,盐,,true,approved
322-9,322,795,孜然,,true,approved
323-1,323,120,低筋面粉,,true,approved
323-3,323,40,红糖,,true,approved
323-5,323,121,糖粉,,true,approved
323-6,323,54,鸡蛋,液,true,approved
323-7,323,797,小苏打,,true,approved
323-8,323,17,盐,,true,approved
324-1,324,365,玉米,,true,approved
324-10,324,147,白芝麻,,true,approved
324-2,324,26,辣椒粉,,true,approved
324-3,324,27,孜然粉,,true,approved
324-4,324,257,五香粉,,true,approved
325-1,325,798,牛肉,,true,approved
325-2,325,799,蟹味菇,,true,approved
325-3,325,50,蒜,蓉,true,approved
325-4,325,6,姜,蓉,true,approved
325-5,325,33,葱,花,true,approved
325-6,325,17,盐,,true,approved
325-7,325,37,胡椒粉,,true,approved
325-9,325,48,淀粉,干,true,approved
326-1,326,54,鸡蛋,,true,approved
326-2,326,800,蘑菇,,true,approved
326-4,326,99,虾仁,,true,approved
326-6,326,17,盐,,true,approved
328-1,328,638,基围虾,,true,approved
328-5,328,6,姜,,true,approved
328-7,328,594,香葱,,true,approved
328-8,328,17,盐,,true,approved
329-1,329,619,猪肉馅,,true,approved
329-2,329,58,面粉,,true,approved
329-3,329,17,盐,,true,approved
330-2,330,85,香菇,,true,approved
330-3,330,794,冬瓜,,true,approved
330-4,330,6,姜,末,true,approved
330-5,330,50,蒜,末,true,approved
330-6,330,33,葱,花,true,approved
330-7,330,17,盐,,true,approved
330-8,330,96,鸡粉,,true,approved
330-9,330,48,淀粉,,true,approved
331-1,331,585,银耳,干,true,approved
331-10,331,311,桃胶,干,true,approved
331-11,331,313,皂角米,干,true,approved
331-15,331,164,枸杞,,true,approved
331-16,331,39,红枣,干,true,approved
332-10,332,115,青椒,,true,approved
332-11,332,12,洋葱,,true,approved
332-12,332,381,鲜虾仁,,true,approved
332-13,332,267,培根,,true,approved
332-15,332,19,黑胡椒,碎,true,approved
332-2,332,17,盐,,true,approved
332-3,332,133,细砂糖,,true,approved
332-5,332,188,酵母,干,true,approved
333-2,333,813,猪骨,,true,approved
333-3,333,84,胡萝卜,,true,approved
333-4,333,39,红枣,,true,approved
333-5,333,17,盐,,true,approved
334-1,334,814,鸡翅,,true,approved
334-2,334,85,香菇,,true,approved
334-4,334,17,盐,,true,approved
334-5,334,6,姜,丝,true,approved
335-10,335,193,白胡椒粉,,true,approved
335-3,335,33,葱,,true,approved
335-4,335,6,姜,,true,approved
335-6,335,42,蛋清,,true,approved
335-7,335,815,木薯淀粉,,true,approved
335-8,335,17,盐,,true,approved
335-9,335,97,白糖,,true,approved
336-5,336,819,无花果,,true,approved
339-1,339,85,香菇,,true,approved
339-10,339,37,胡椒粉,,true,approved
339-11,339,97,白糖,,true,approved
339-2,339,823,嫩鸡,,true,approved
339-3,339,33,葱,段,true,approved
339-4,339,6,姜,片,true,approved
339-9,339,17,盐,,true,approved
340-1,340,672,腊肉,,true,approved
340-10,340,17,盐,,true,approved
340-11,340,37,胡椒粉,,true,approved
340-12,340,33,葱,花,true,approved
340-7,340,6,姜,末,true,approved
340-8,340,50,蒜,末,true,approved
341-1,341,120,低筋面粉,,true,approved
341-2,341,121,糖粉,,true,approved
341-3,341,17,盐,,true,approved
341-4,341,54,鸡蛋,液,true,approved
341-5,341,123,泡打粉,,true,approved
342-1,342,658,口蘑,,true,approved
342-10,342,33,葱,花,true,approved
342-3,342,48,淀粉,,true,approved
342-8,342,17,盐,,true,approved
342-9,342,97,白糖,,true,approved
343-1,343,474,香蕉,,true,approved
343-8,343,44,杏仁,碎,true,approved
343-9,343,418,葡萄干,,true,approved
344-1,344,827,圆茄子,,true,approved
344-2,344,54,鸡蛋,,true,approved
344-5,344,33,葱,末,true,approved
344-6,344,50,蒜,末,true,approved
344-7,344,201,糖,,true,approved
344-8,344,17,盐,,true,approved
345-4,345,84,胡萝卜,,true,approved
346-1,346,120,低筋面粉,,true,approved
346-2,346,669,奶粉,,true,approved
346-3,346,54,鸡蛋,,true,approved
346-4,346,121,糖粉,,true,approved
346-6,346,54,鸡蛋,液,true,approved
347-3,347,287,柠檬,,true,approved
347-4,347,3,冰糖,,true,approved
347-5,347,831,白凉粉,,true,approved
348-1,348,58,面粉,,true,approved
348-2,348,227,南瓜,熟+泥,true,approved
348-3,348,188,酵母,,true,approved
349-1,349,243,中筋面粉,,true,approved
349-2,349,17,盐,,true,approved
349-3,349,188,酵母,干,true,approved
349-4,349,97,白糖,,true,approved
350-4,350,97,白糖,,true,approved
350-5,350,163,黑芝麻,,true,approved
350-6,350,147,白芝麻,,true,approved
351-1,351,767,鳊鱼,,true,approved
351-3,351,6,姜,丝,true,approved
351-4,351,594,香葱,,true,approved
351-5,351,17,盐,,true,approved
352-1,352,156,五花肉,,true,approved
352-8,352,33,葱,,true,approved
352-9,352,6,姜,,true,approved
353-3,353,54,鸡蛋,,true,approved
353-4,353,474,香蕉,,true,approved
353-6,353,838,果干,,true,approved
354-1,354,120,低筋面粉,,true,approved
354-2,354,54,鸡蛋,,true,approved
354-3,354,121,糖粉,,true,approved
354-6,354,530,蔓越莓干,,true,approved
354-7,354,123,泡打粉,,true,approved
355-4,355,50,蒜,,true,approved
355-6,355,17,盐,,true,approved
356-3,356,201,糖,,true,approved
356-7,356,344,绿豆,去皮,true,approved
357-1,357,120,低筋面粉,,true,approved
357-3,357,121,糖粉,,true,approved
357-4,357,317,蛋黄,,true,approved
357-5,357,841,全蛋,,true,approved
358-1,358,684,猪脚,,true,approved
358-10,358,284,香叶,,true,approved
358-11,358,97,白糖,,true,approved
358-17,358,33,葱,花,true,approved
358-2,358,229,鸡爪,,true,approved
358-3,358,6,姜,片,true,approved
358-7,358,146,蒜瓣,,true,approved
358-8,358,142,八角,,true,approved
358-9,358,141,桂皮,,true,approved
360-1,360,849,武昌鱼,,true,approved
360-3,360,17,盐,,true,approved
360-5,360,6,姜,片,true,approved
360-8,360,33,葱,花,true,approved
361-1,361,9,西葫芦,,true,approved
361-3,361,50,蒜,末,true,approved
361-4,361,33,葱,花,true,approved
361-5,361,17,盐,,true,approved
362-1,362,220,饺子皮,,true,approved
362-12,362,97,白糖,,true,approved
362-14,362,193,白胡椒粉,,true,approved
362-3,362,135,肉末,末,true,approved
362-4,362,440,春笋,,true,approved
362-7,362,12,洋葱,,true,approved
364-1,364,348,大米,,true,approved
364-2,364,417,黑米,,true,approved
364-3,364,163,黑芝麻,,true,approved
364-4,364,306,核桃,去壳,true,approved
365-1,365,314,橙子,,true,approved
365-2,365,3,冰糖,,true,approved
366-2,366,50,蒜,末,true,approved
366-3,366,115,青椒,段,true,approved
366-7,366,201,糖,,true,approved
367-1,367,855,鸡腿,,true,approved
367-10,367,6,姜,,true,approved
367-11,367,33,葱,,true,approved
367-6,367,17,盐,,true,approved
367-7,367,48,淀粉,,true,approved
367-8,367,257,五香粉,,true,approved
367-9,367,37,胡椒粉,,true,approved
368-2,368,857,沙姜,,true,approved
368-3,368,17,盐,,true,approved
368-4,368,97,白糖,,true,approved
368-5,368,48,淀粉,,true,approved
368-7,368,65,小葱,,true,approved
369-1,369,227,南瓜,块,true,approved
369-2,369,170,糯米粉,,true,approved
369-3,369,495,红豆沙,,true,approved
370-10,370,194,小米椒,,true,approved
371-11,371,3,冰糖,,true,approved
371-2,371,6,姜,片,true,approved
371-5,371,65,小葱,,true,approved
371-6,371,50,蒜,,true,approved
371-7,371,142,八角,,true,approved
371-8,371,284,香叶,,true,approved
372-10,372,142,八角,,true,approved
372-11,372,74,土豆,,true,approved
372-12,372,84,胡萝卜,,true,approved
372-13,372,85,香菇,,true,approved
372-14,372,115,青椒,,true,approved
372-15,372,17,盐,,true,approved
372-5,372,6,姜,片,true,approved
372-6,372,50,蒜,片,true,approved
372-7,372,97,白糖,,true,approved
372-9,372,33,葱,段,true,approved
373-1,373,397,紫薯,,true,approved
373-2,373,170,糯米粉,,true,approved
373-3,373,201,糖,,true,approved
373-5,373,147,白芝麻,,true,approved
374-1,374,81,猪肉,,true,approved
374-3,374,6,姜,,true,approved
374-4,374,33,葱,,true,approved
374-5,374,48,淀粉,,true,approved
374-7,374,17,盐,,true,approved
375-1,375,440,春笋,,true,approved
375-2,375,281,火腿,,true,approved
375-4,375,33,葱,花,true,approved
376-1,376,85,香菇,,true,approved
376-2,376,798,牛肉,,true,approved
376-3,376,445,芹菜,,true,approved
376-4,376,317,蛋黄,,true,approved
376-5,376,6,姜,末,true,approved
376-6,376,33,葱,末,true,approved
376-7,376,17,盐,,true,approved
376-8,376,96,鸡粉,,true,approved
377-1,377,397,紫薯,,true,approved
379-1,379,156,五花肉,,true,approved
379-2,379,74,土豆,,true,approved
379-3,379,869,蒸肉粉,,true,approved
379-7,379,17,盐,,true,approved
379-8,379,201,糖,,true,approved
379-9,379,33,葱,花,true,approved
380-1,380,567,皮蛋,,true,approved
380-2,380,74,土豆,,true,approved
380-3,380,260,剁辣椒,,true,approved
380-4,380,50,蒜,蓉,true,approved
380-5,380,33,葱,花,true,approved
380-6,380,17,盐,,true,approved
380-7,380,96,鸡粉,,true,approved
381-1,381,91,排骨,,true,approved
381-10,381,269,玉米淀粉,,true,approved
381-11,381,74,土豆,,true,approved
381-13,381,33,葱,花,true,approved
381-2,381,50,蒜,蓉,true,approved
381-3,381,6,姜,末,true,approved
381-4,381,17,盐,,true,approved
381-7,381,97,白糖,,true,approved
381-8,381,92,豆豉,,true,approved
382-1,382,84,胡萝卜,,true,approved
382-2,382,135,肉末,末,true,approved
382-3,382,218,豆皮,,true,approved
382-4,382,6,姜,,true,approved
382-6,382,33,葱,花,true,approved
382-7,382,17,盐,,true,approved
383-15,383,17,盐,,true,approved
383-20,383,6,姜,片,true,approved
384-1,384,81,猪肉,,true,approved
384-10,384,220,饺子皮,,true,approved
384-2,384,445,芹菜,,true,approved
384-3,384,54,鸡蛋,,true,approved
384-6,384,17,盐,,true,approved
384-7,384,193,白胡椒粉,,true,approved
384-8,384,33,葱,花,true,approved
384-9,384,6,姜,末,true,approved
385-1,385,245,豆腐,,true,approved
385-3,385,568,榨菜,,true,approved
385-4,385,65,小葱,,true,approved
385-5,385,17,盐,,true,approved
385-7,385,48,淀粉,,true,approved
386-1,386,871,蛏子,,true,approved
386-3,386,6,姜,丝,true,approved
387-1,387,91,排骨,,true,approved
387-2,387,467,铁棍山药,,true,approved
387-3,387,112,小米辣,,true,approved
387-4,387,33,葱,花,true,approved
387-5,387,17,盐,,true,approved
387-6,387,201,糖,,true,approved
387-9,387,50,蒜,末,true,approved
388-1,388,74,土豆,去皮,true,approved
388-3,388,84,胡萝卜,去皮,true,approved
388-4,388,33,葱,花,true,approved
388-5,388,17,盐,,true,approved
389-1,389,174,杏仁粉,,true,approved
389-2,389,121,糖粉,,true,approved
389-3,389,355,可可粉,,true,approved
389-4,389,42,蛋清,,true,approved
389-5,389,133,细砂糖,,true,approved
390-1,390,658,口蘑,,true,approved
390-3,390,267,培根,,true,approved
390-4,390,1242,奶酪,,true,approved
390-7,390,17,盐,,true,approved
390-8,390,193,白胡椒粉,,true,approved
391-1,391,876,大闸蟹,,true,approved
391-11,391,33,葱,花,true,approved
391-2,391,314,橙子,,true,approved
391-5,391,17,盐,,true,approved
391-8,391,97,白糖,,true,approved
393-1,393,878,仙草粉,,true,approved
393-3,393,879,红腰豆,,true,approved
393-4,393,880,赤小豆,,true,approved
393-5,393,277,花生,,true,approved
393-6,393,344,绿豆,,true,approved
393-7,393,105,薏米,,true,approved
394-1,394,311,桃胶,干,true,approved
394-2,394,346,莲子,去芯,true,approved
394-5,394,3,冰糖,,true,approved
394-6,394,164,枸杞,,true,approved
395-2,395,40,红糖,,true,approved
396-3,396,477,虾,,true,approved
396-4,396,17,盐,,true,approved
397-1,397,317,蛋黄,,true,approved
397-2,397,42,蛋清,,true,approved
397-4,397,695,全麦面粉,,true,approved
397-5,397,120,低筋面粉,,true,approved
397-7,397,97,白糖,,true,approved
398-1,398,85,香菇,新鲜,true,approved
398-2,398,886,油菜,,true,approved
398-4,398,50,蒜,,true,approved
398-5,398,17,盐,,true,approved
399-13,399,54,鸡蛋,,true,approved
399-2,399,133,细砂糖,,true,approved
399-4,399,243,中筋面粉,,true,approved
400-1,400,890,麻薯预拌粉,,true,approved
400-2,400,54,鸡蛋,,true,approved
400-5,400,163,黑芝麻,熟,true,approved
401-2,401,50,蒜,末,true,approved
401-3,401,33,葱,花,true,approved
401-4,401,17,盐,,true,approved
401-5,401,96,鸡粉,,true,approved
401-6,401,193,白胡椒粉,,true,approved
402-2,402,893,香肠,,true,approved
402-3,402,6,姜,,true,approved
402-4,402,239,大葱,,true,approved
402-8,402,17,盐,,true,approved
403-1,403,245,豆腐,,true,approved
403-2,403,894,荠菜,,true,approved
404-1,404,798,牛肉,切丁,true,approved
404-10,404,58,面粉,,true,approved
404-11,404,267,培根,,true,approved
404-13,404,17,盐,,true,approved
404-2,404,800,蘑菇,,true,approved
404-3,404,12,洋葱,,true,approved
404-4,404,84,胡萝卜,,true,approved
404-8,404,50,蒜,,true,approved
405-2,405,17,盐,,true,approved
405-4,405,196,日本豆腐,,true,approved
405-9,405,48,淀粉,,true,approved
406-1,406,274,粘米粉,,true,approved
406-2,406,170,糯米粉,,true,approved
406-3,406,97,白糖,,true,approved
407-2,407,6,姜,,true,approved
408-1,408,811,马苏里拉奶酪,,true,approved
408-2,408,267,培根,,true,approved
408-3,408,163,黑芝麻,,true,approved
408-4,408,65,小葱,,true,approved
408-5,408,317,蛋黄,,true,approved
409-10,409,270,黑胡椒粉,,true,approved
409-6,409,54,鸡蛋,,true,approved
409-8,409,55,面包糠,,true,approved
410-1,410,503,三黄鸡,,true,approved
410-10,410,17,盐,,true,approved
410-11,410,193,白胡椒粉,,true,approved
410-12,410,97,白糖,,true,approved
410-14,410,212,红辣椒,,true,approved
410-4,410,146,蒜瓣,,true,approved
410-5,410,12,洋葱,,true,approved
411-10,411,17,盐,,true,approved
411-11,411,115,青椒,,true,approved
411-4,411,6,姜,,true,approved
411-5,411,50,蒜,,true,approved
411-8,411,84,胡萝卜,,true,approved
411-9,411,904,白豆腐干,,true,approved
412-1,412,170,糯米粉,,true,approved
412-2,412,905,梗米粉,,true,approved
412-5,412,907,雪菜,,true,approved
412-7,412,908,笋,,true,approved
412-8,412,223,豆腐干,,true,approved
414-3,414,561,红曲粉,,true,approved
414-5,414,17,盐,,true,approved
414-6,414,913,香辣粉,,true,approved
415-1,415,568,榨菜,,true,approved
415-3,415,48,淀粉,,true,approved
415-6,415,97,白糖,,true,approved
416-1,416,917,血糯米,,true,approved
416-2,416,496,芒果,,true,approved
416-4,416,97,白糖,,true,approved
416-5,416,17,盐,,true,approved
417-1,417,918,T65面粉,,true,approved
417-4,417,188,酵母,,true,approved
417-6,417,17,盐,,true,approved
417-8,417,921,混合坚果,,true,approved
417-9,417,922,混合果干,,true,approved
418-1,418,923,粉蒸粉,,true,approved
418-2,418,894,荠菜,,true,approved
418-4,418,266,鹌鹑蛋,,true,approved
419-3,419,669,奶粉,,true,approved
419-4,419,97,白糖,,true,approved
419-5,419,924,凉粉,,true,approved
420-1,420,50,蒜,,true,approved
420-4,420,11,番茄,,true,approved
420-5,420,97,白糖,,true,approved
420-6,420,17,盐,,true,approved
420-7,420,926,肥牛卷,,true,approved
420-8,420,79,米饭,熟,true,approved
421-1,421,54,鸡蛋,液,true,approved
421-3,421,669,奶粉,,true,approved
421-5,421,133,细砂糖,,true,approved
421-7,421,249,高筋面粉,,true,approved
421-8,421,17,盐,,true,approved
421-9,421,188,酵母,,true,approved
422-10,422,193,白胡椒粉,,true,approved
422-6,422,231,对虾,,true,approved
423-4,423,84,胡萝卜,,true,approved
424-2,424,92,豆豉,,true,approved
425-1,425,195,扇贝,,true,approved
425-10,425,194,小米椒,,true,approved
425-2,425,146,蒜瓣,,true,approved
425-3,425,65,小葱,,true,approved
425-4,425,17,盐,,true,approved
425-8,425,97,白糖,,true,approved
426-1,426,42,蛋清,,true,approved
426-2,426,133,细砂糖,,true,approved
426-4,426,317,蛋黄,,true,approved
426-5,426,121,糖粉,,true,approved
426-6,426,120,低筋面粉,,true,approved
426-8,426,121,糖粉,,true,approved
427-10,427,193,白胡椒粉,,true,approved
427-11,427,594,香葱,,true,approved
427-2,427,91,排骨,,true,approved
427-5,427,287,柠檬,片,true,approved
427-8,427,97,白糖,,true,approved
427-9,427,48,淀粉,,true,approved
428-10,428,125,鸡精,,true,approved
428-2,428,931,猪肥膘,,true,approved
428-3,428,932,粗洋芋淀粉,,true,approved
428-5,428,42,蛋清,,true,approved
428-7,428,6,姜,,true,approved
428-8,428,97,白糖,,true,approved
428-9,428,17,盐,,true,approved
429-11,429,84,胡萝卜,,true,approved
429-12,429,254,马蹄,,true,approved
429-13,429,17,盐,,true,approved
429-2,429,6,姜,片,true,approved
429-3,429,283,花椒,,true,approved
429-4,429,284,香叶,,true,approved
429-7,429,142,八角,,true,approved
430-2,430,224,粉丝,丝,true,approved
430-3,430,6,姜,丝,true,approved
430-4,430,936,海米,,true,approved
430-6,430,377,菠菜,,true,approved
430-7,430,193,白胡椒粉,,true,approved
432-12,432,97,白糖,,true,approved
432-4,432,142,八角,,true,approved
432-5,432,141,桂皮,,true,approved
432-6,432,283,花椒,,true,approved
432-7,432,115,青椒,,true,approved
435-1,435,54,鸡蛋,,true,approved
436-3,436,97,白糖,,true,approved
436-4,436,54,鸡蛋,,true,approved
436-5,436,940,臭粉,,true,approved
436-6,436,123,泡打粉,,true,approved
436-7,436,941,食粉,,true,approved
436-8,436,277,花生,烤,true,approved
436-9,436,943,鸡蛋黄,,true,approved
437-11,437,97,白糖,,true,approved
437-12,437,17,盐,,true,approved
437-14,437,33,葱,花,true,approved
437-4,437,50,蒜,末,true,approved
437-6,437,84,胡萝卜,,true,approved
437-7,437,115,青椒,,true,approved
438-1,438,855,鸡腿,,true,approved
438-11,438,283,花椒,,true,approved
438-12,438,50,蒜,末,true,approved
438-15,438,17,盐,,true,approved
438-17,438,277,花生,碎,true,approved
438-18,438,71,香菜,,true,approved
438-2,438,65,小葱,,true,approved
438-3,438,6,姜,片,true,approved
438-4,438,141,桂皮,,true,approved
438-5,438,284,香叶,,true,approved
438-6,438,142,八角,,true,approved
440-10,440,17,盐,,true,approved
440-14,440,133,细砂糖,,true,approved
440-15,440,950,黑樱桃,,true,approved
440-16,440,951,红樱桃,,true,approved
440-18,440,953,巧克力粉,,true,approved
440-2,440,133,细砂糖,,true,approved
440-4,440,120,低筋面粉,,true,approved
440-5,440,355,可可粉,,true,approved
440-6,440,269,玉米淀粉,,true,approved
441-1,441,680,蟹粉,,true,approved
441-2,441,58,面粉,,true,approved
441-3,441,37,胡椒粉,,true,approved
441-6,441,201,糖,,true,approved
441-7,441,17,盐,,true,approved
441-8,441,6,姜,,true,approved
441-9,441,33,葱,,true,approved
443-2,443,50,蒜,蓉,true,approved
443-3,443,955,虾黄,,true,approved
443-6,443,97,白糖,,true,approved
443-8,443,17,盐,,true,approved
444-2,444,6,姜,片,true,approved
444-3,444,50,蒜,片,true,approved
444-4,444,637,大白菜,,true,approved
444-5,444,957,猪油渣,,true,approved
444-6,444,17,盐,,true,approved
445-2,445,6,姜,丝,true,approved
445-6,445,115,青椒,,true,approved
445-7,445,742,腰果,,true,approved
445-8,445,17,盐,,true,approved
447-1,447,484,龙利鱼,,true,approved
447-10,447,224,粉丝,干,true,approved
447-14,447,33,葱,花,true,approved
447-3,447,48,淀粉,,true,approved
447-4,447,6,姜,片,true,approved
447-5,447,33,葱,段,true,approved
447-6,447,146,蒜瓣,,true,approved
448-1,448,317,蛋黄,,true,approved
448-3,448,58,面粉,,true,approved
449-1,449,965,鸭胗,,true,approved
449-10,449,499,虾皮,,true,approved
449-12,449,970,豆干,,true,approved
449-13,449,99,虾仁,,true,approved
449-15,449,277,花生,去皮,true,approved
449-2,449,966,猪肚,,true,approved
449-9,449,968,猪腿肉,,true,approved
450-12,450,6,姜,片,true,approved
450-13,450,50,蒜,,true,approved
450-14,450,283,花椒,,true,approved
450-15,450,30,辣椒,干,true,approved
450-18,450,97,白糖,,true,approved
450-19,450,26,辣椒粉,,true,approved
450-20,450,71,香菜,,true,approved
450-21,450,147,白芝麻,,true,approved
451-4,451,17,盐,,true,approved
452-1,452,975,高粉,,true,approved
452-2,452,919,全麦粉,,true,approved
452-5,452,17,盐,,true,approved
453-11,453,17,盐,,true,approved
453-2,453,672,腊肉,,true,approved
453-3,453,6,姜,片,true,approved
453-4,453,50,蒜,片,true,approved
453-5,453,12,洋葱,,true,approved
453-7,453,978,小土豆,去皮,true,approved
454-10,454,121,糖粉,,true,approved
454-11,454,678,蛋白,,true,approved
454-2,454,981,红糖粉,,true,approved
454-6,454,54,鸡蛋,液,true,approved
454-7,454,120,低筋面粉,,true,approved
454-8,454,379,肉桂粉,,true,approved
454-9,454,380,姜粉,,true,approved
455-3,455,798,牛肉,,true,approved
455-4,455,50,蒜,末,true,approved
455-6,455,17,盐,,true,approved
456-1,456,781,里脊肉,,true,approved
456-11,456,17,盐,,true,approved
456-12,456,193,白胡椒粉,,true,approved
456-3,456,76,菠萝,,true,approved
456-4,456,317,蛋黄,,true,approved
456-5,456,48,淀粉,,true,approved
456-8,456,97,白糖,,true,approved
457-11,457,65,小葱,,true,approved
457-12,457,989,沙姜粉,,true,approved
457-16,457,990,鸡饭老抽,,true,approved
457-4,457,17,盐,,true,approved
457-7,457,284,香叶,,true,approved
457-8,457,504,盐焗鸡粉,,true,approved
457-9,457,96,鸡粉,,true,approved
458-11,458,33,葱,,true,approved
458-2,458,17,盐,,true,approved
458-8,458,50,蒜,,true,approved
458-9,458,6,姜,,true,approved
459-1,459,232,丝瓜,,true,approved
459-4,459,17,盐,,true,approved
459-6,459,50,蒜,,true,approved
460-2,460,92,豆豉,,true,approved
460-3,460,50,蒜,,true,approved
460-4,460,12,洋葱,,true,approved
460-5,460,91,排骨,,true,approved
460-6,460,17,盐,,true,approved
460-7,460,97,白糖,,true,approved
460-9,460,48,淀粉,,true,approved
461-10,461,764,草果,,true,approved
461-11,461,30,辣椒,干,true,approved
461-12,461,17,盐,,true,approved
461-6,461,142,八角,,true,approved
461-7,461,141,桂皮,,true,approved
461-8,461,284,香叶,,true,approved
462-1,462,47,低筋粉,,true,approved
462-11,462,17,盐,,true,approved
462-12,462,33,葱,段,true,approved
462-13,462,6,姜,片,true,approved
462-15,462,54,鸡蛋,液,true,approved
462-18,462,37,胡椒粉,,true,approved
462-20,462,247,芝麻,,true,approved
462-21,462,317,蛋黄,,true,approved
462-7,462,992,猪前腿肉,末,true,approved
463-1,463,156,五花肉,,true,approved
463-2,463,92,豆豉,,true,approved
463-4,463,6,姜,,true,approved
463-5,463,50,蒜,,true,approved
463-6,463,201,糖,,true,approved
463-7,463,17,盐,,true,approved
464-1,464,229,鸡爪,洗净的,true,approved
464-2,464,17,盐,,true,approved
464-3,464,25,烧烤粉,,true,approved
464-4,464,26,辣椒粉,,true,approved
464-8,464,27,孜然粉,,true,approved
465-1,465,997,豆角,,true,approved
465-2,465,371,面条,条,true,approved
465-3,465,11,番茄,,true,approved
465-4,465,17,盐,,true,approved
465-6,465,33,葱,,true,approved
465-7,465,50,蒜,,true,approved
466-10,466,11,番茄,片,true,approved
466-7,466,97,白糖,,true,approved
466-8,466,17,盐,,true,approved
467-1,467,120,低筋面粉,,true,approved
467-3,467,121,糖粉,,true,approved
467-4,467,54,鸡蛋,液,true,approved
469-10,469,97,白糖,,true,approved
469-12,469,71,香菜,,true,approved
469-3,469,6,姜,片,true,approved
469-6,469,33,葱,花,true,approved
469-7,469,30,辣椒,干,true,approved
469-9,469,17,盐,,true,approved
470-1,470,958,鲜鱿鱼,,true,approved
470-3,470,50,蒜,泥,true,approved
470-4,470,33,葱,花,true,approved
471-1,471,1005,梨,,true,approved
471-2,471,306,核桃,去壳,true,approved
471-3,471,3,冰糖,,true,approved
472-1,472,249,高筋面粉,,true,approved
472-2,472,227,南瓜,泥,true,approved
472-3,472,54,鸡蛋,,true,approved
472-5,472,669,奶粉,,true,approved
472-6,472,133,细砂糖,,true,approved
472-7,472,17,盐,,true,approved
472-8,472,188,酵母,,true,approved
473-1,473,54,鸡蛋,,true,approved
473-10,473,97,白糖,,true,approved
473-2,473,17,盐,,true,approved
473-6,473,6,姜,末,true,approved
473-7,473,135,肉末,末,true,approved
473-8,473,33,葱,花,true,approved
474-10,474,17,盐,,true,approved
474-11,474,97,白糖,,true,approved
474-3,474,6,姜,片,true,approved
474-5,474,142,八角,,true,approved
474-6,474,284,香叶,,true,approved
474-7,474,141,桂皮,,true,approved
475-1,475,585,银耳,干,true,approved
475-10,475,313,皂角米,干,true,approved
475-11,475,311,桃胶,干,true,approved
475-14,475,3,冰糖,,true,approved
475-15,475,39,红枣,,true,approved
475-16,475,164,枸杞,,true,approved
476-1,476,515,猪肋排,,true,approved
476-11,476,17,盐,,true,approved
476-12,476,147,白芝麻,熟,true,approved
476-2,476,6,姜,片,true,approved
476-4,476,239,大葱,段,true,approved
476-7,476,97,白糖,,true,approved
476-8,476,561,红曲粉,,true,approved
477-1,477,243,中筋面粉,,true,approved
478-1,478,1013,鲜牛肉,,true,approved
478-2,478,6,姜,汁,true,approved
478-3,478,276,粳米,,true,approved
480-1,480,10,茄子,,true,approved
480-10,480,26,辣椒粉,,true,approved
480-11,480,62,花椒粉,,true,approved
480-12,480,17,盐,,true,approved
480-2,480,224,粉丝,丝,true,approved
480-3,480,81,猪肉,末,true,approved
480-4,480,33,葱,,true,approved
480-5,480,50,蒜,,true,approved
480-6,480,112,小米辣,,true,approved
480-7,480,27,孜然粉,,true,approved
480-8,480,257,五香粉,,true,approved
480-9,480,37,胡椒粉,,true,approved
481-2,481,170,糯米粉,,true,approved
481-5,481,269,玉米淀粉,,true,approved
482-1,482,1019,鱿鱼须,,true,approved
482-10,482,17,盐,,true,approved
482-2,482,6,姜,片,true,approved
482-3,482,33,葱,条,true,approved
482-4,482,50,蒜,末,true,approved
482-5,482,25,烧烤粉,,true,approved
482-6,482,27,孜然粉,,true,approved
482-8,482,26,辣椒粉,,true,approved
483-2,483,123,泡打粉,,true,approved
483-3,483,188,酵母,,true,approved
486-1,486,958,鲜鱿鱼,,true,approved
486-10,486,17,盐,,true,approved
486-11,486,97,白糖,,true,approved
486-2,486,12,洋葱,,true,approved
486-3,486,115,青椒,,true,approved
486-7,486,65,小葱,,true,approved
486-8,486,6,姜,丝,true,approved
487-1,487,60,木耳,新鲜,true,approved
487-2,487,781,里脊肉,,true,approved
487-6,487,17,盐,,true,approved
487-7,487,33,葱,花,true,approved
488-1,488,1028,鸡全腿,,true,approved
488-10,488,17,盐,,true,approved
488-3,488,1029,黄花菜,干,true,approved
488-4,488,6,姜,,true,approved
488-5,488,65,小葱,,true,approved
488-9,488,48,淀粉,,true,approved
489-2,489,164,枸杞,,true,approved
489-4,489,185,黄冰糖,,true,approved
490-1,490,170,糯米粉,,true,approved
490-10,490,85,香菇,,true,approved
490-11,490,17,盐,,true,approved
490-12,490,62,花椒粉,,true,approved
490-13,490,37,胡椒粉,,true,approved
490-14,490,97,白糖,,true,approved
490-2,490,274,粘米粉,,true,approved
490-3,490,815,木薯淀粉,,true,approved
490-5,490,1031,艾草粉,,true,approved
490-6,490,81,猪肉,末,true,approved
490-7,490,223,豆腐干,,true,approved
490-8,490,440,春笋,,true,approved
490-9,490,1032,咸菜,,true,approved
491-3,491,6,姜,丝,true,approved
491-4,491,445,芹菜,,true,approved
491-5,491,17,盐,,true,approved
492-5,492,120,低筋面粉,,true,approved
492-6,492,380,姜粉,,true,approved
492-7,492,54,鸡蛋,液,true,approved
492-8,492,379,肉桂粉,,true,approved
493-10,493,17,盐,,true,approved
493-11,493,193,白胡椒粉,,true,approved
493-5,493,239,大葱,,true,approved
493-6,493,6,姜,丝,true,approved
493-8,493,151,番茄沙司,,true,approved
493-9,493,97,白糖,,true,approved
495-1,495,229,鸡爪,,true,approved
495-10,495,141,桂皮,,true,approved
495-11,495,284,香叶,,true,approved
495-12,495,283,花椒,,true,approved
495-15,495,97,白糖,,true,approved
495-16,495,17,盐,,true,approved
495-18,495,1035,水煮蛋,,true,approved
495-2,495,492,鸡翅中,,true,approved
495-3,495,6,姜,片,true,approved
495-4,495,239,大葱,段,true,approved
495-8,495,142,八角,,true,approved
495-9,495,764,草果,,true,approved
496-1,496,773,鸡,块,true,approved
496-11,496,3,冰糖,,true,approved
496-12,496,17,盐,,true,approved
496-3,496,6,姜,粒,true,approved
496-4,496,50,蒜,粒,true,approved
496-5,496,12,洋葱,块,true,approved
496-6,496,85,香菇,干,true,approved
497-10,497,48,淀粉,,true,approved
497-2,497,156,五花肉,,true,approved
497-3,497,33,葱,花,true,approved
497-4,497,17,盐,,true,approved
498-1,498,105,薏米,,true,approved
498-2,498,3,冰糖,,true,approved
498-3,498,346,莲子,,true,approved
498-4,498,39,红枣,,true,approved
498-5,498,585,银耳,干,true,approved
498-6,498,164,枸杞,,true,approved
499-1,499,54,鸡蛋,,true,approved
501-1,501,1046,秋葵,,true,approved
501-2,501,92,豆豉,,true,approved
501-3,501,50,蒜,泥,true,approved
502-13,502,17,盐,,true,approved
502-6,502,142,八角,,true,approved
502-7,502,283,花椒,,true,approved
502-8,502,30,辣椒,干,true,approved
502-9,502,3,冰糖,,true,approved
503-3,503,6,姜,片,true,approved
503-5,503,465,山药,,true,approved
503-6,503,105,薏米,,true,approved
503-7,503,346,莲子,,true,approved
503-8,503,1047,百合,干,true,approved
503-9,503,17,盐,,true,approved
504-1,504,249,高筋面粉,,true,approved
504-2,504,133,细砂糖,,true,approved
504-3,504,17,盐,,true,approved
504-4,504,42,蛋清,,true,approved
504-5,504,669,奶粉,,true,approved
504-6,504,188,酵母,,true,approved
505-7,505,142,八角,,true,approved
505-8,505,867,茶树菇,干,true,approved
506-1,506,562,黄桃,,true,approved
506-2,506,165,冰糖粉,,true,approved
506-3,506,17,盐,,true,approved
507-1,507,1050,鱿鱼圈,,true,approved
507-4,507,112,小米辣,,true,approved
507-5,507,6,姜,丝,true,approved
507-6,507,50,蒜,片,true,approved
508-1,508,508,莲藕,,true,approved
508-2,508,17,盐,,true,approved
508-3,508,27,孜然粉,,true,approved
508-4,508,25,烧烤粉,,true,approved
508-5,508,26,辣椒粉,,true,approved
509-1,509,156,五花肉,,true,approved
509-10,509,65,小葱,段,true,approved
509-18,509,270,黑胡椒粉,,true,approved
509-19,509,257,五香粉,,true,approved
509-20,509,26,辣椒粉,,true,approved
509-4,509,598,鸡腿肉,,true,approved
509-8,509,6,姜,片,true,approved
510-10,510,17,盐,,true,approved
510-2,510,6,姜,片,true,approved
510-3,510,239,大葱,段,true,approved
510-4,510,283,花椒,,true,approved
510-5,510,142,八角,,true,approved
510-7,510,3,冰糖,,true,approved
511-1,511,113,小龙虾,,true,approved
511-10,511,141,桂皮,,true,approved
511-11,511,30,辣椒,干,true,approved
511-12,511,284,香叶,,true,approved
511-13,511,283,花椒,,true,approved
511-16,511,17,盐,,true,approved
511-20,511,50,蒜,末,true,approved
511-3,511,6,姜,片,true,approved
511-4,511,239,大葱,段,true,approved
511-5,511,50,蒜,片,true,approved
511-6,511,764,草果,,true,approved
511-9,511,142,八角,,true,approved
512-1,512,876,大闸蟹,,true,approved
512-10,512,33,葱,花,true,approved
512-2,512,314,橙子,,true,approved
512-5,512,17,盐,,true,approved
512-7,512,97,白糖,,true,approved
513-1,513,54,鸡蛋,,true,approved
513-2,513,17,盐,,true,approved
513-5,513,33,葱,花,true,approved
514-1,514,54,鸡蛋,,true,approved
514-2,514,120,低筋面粉,,true,approved
514-3,514,133,细砂糖,,true,approved
514-7,514,355,可可粉,,true,approved
515-2,515,54,鸡蛋,,true,approved
515-3,515,287,柠檬,,true,approved
516-2,516,74,土豆,,true,approved
516-5,516,17,盐,,true,approved
516-6,516,97,白糖,,true,approved
517-1,517,10,茄子,,true,approved
517-2,517,277,花生,,true,approved
517-3,517,247,芝麻,,true,approved
517-4,517,50,蒜,蓉,true,approved
517-5,517,33,葱,丝,true,approved
517-6,517,17,盐,,true,approved
517-7,517,96,鸡粉,,true,approved
518-1,518,798,牛肉,,true,approved
518-10,518,257,五香粉,,true,approved
518-11,518,62,花椒粉,,true,approved
518-12,518,147,白芝麻,熟,true,approved
518-2,518,239,大葱,,true,approved
518-3,518,6,姜,,true,approved
518-4,518,50,蒜,,true,approved
518-5,518,30,辣椒,干,true,approved
518-7,518,17,盐,,true,approved
518-9,518,97,白糖,,true,approved
519-1,519,53,猪里脊肉,,true,approved
519-10,519,17,盐,,true,approved
519-3,519,6,姜,片,true,approved
519-4,519,50,蒜,片,true,approved
519-5,519,575,小红辣椒,,true,approved
519-9,519,60,木耳,泡发,true,approved
520-10,520,133,细砂糖,,true,approved
520-3,520,1062,荔枝肉,,true,approved
520-9,520,478,海盐,,true,approved
521-1,521,170,糯米粉,,true,approved
521-10,521,1063,燕麦片,片,true,approved
521-4,521,170,糯米粉,熟,true,approved
521-5,521,317,蛋黄,,true,approved
521-6,521,133,细砂糖,,true,approved
522-1,522,287,柠檬,新鲜,true,approved
523-1,523,383,羊肉,,true,approved
523-10,523,37,胡椒粉,,true,approved
523-3,523,48,淀粉,,true,approved
523-5,523,17,盐,,true,approved
523-7,523,6,姜,末,true,approved
523-8,523,239,大葱,,true,approved
524-10,524,48,淀粉,,true,approved
524-12,524,260,剁辣椒,,true,approved
524-13,524,17,盐,,true,approved
524-3,524,469,豆腐皮,,true,approved
524-4,524,440,春笋,,true,approved
524-5,524,85,香菇,,true,approved
524-6,524,6,姜,,true,approved
524-7,524,65,小葱,,true,approved
524-8,524,54,鸡蛋,,true,approved
524-9,524,193,白胡椒粉,,true,approved
525-1,525,107,金针菇,,true,approved
525-2,525,459,蟹肉棒,,true,approved
525-3,525,33,葱,,true,approved
525-5,525,17,盐,,true,approved
526-1,526,84,胡萝卜,,true,approved
526-2,526,365,玉米,新鲜,true,approved
526-3,526,85,香菇,干,true,approved
526-6,526,221,娃娃菜,,true,approved
526-7,526,17,盐,,true,approved
527-1,527,1068,白果仁,,true,approved
527-5,527,17,盐,,true,approved
527-6,527,762,鲜百合,,true,approved
528-2,528,79,米饭,,true,approved
528-3,528,12,洋葱,,true,approved
528-4,528,84,胡萝卜,,true,approved
528-5,528,1242,奶酪,碎,true,approved
529-1,529,1071,嫩豆腐,,true,approved
529-2,529,54,鸡蛋,,true,approved
529-3,529,65,小葱,,true,approved
529-4,529,17,盐,,true,approved
530-1,530,149,鸡中翅,,true,approved
530-2,530,17,盐,,true,approved
530-3,530,96,鸡粉,,true,approved
530-4,530,25,烧烤粉,,true,approved
530-5,530,27,孜然粉,,true,approved
530-8,530,26,辣椒粉,,true,approved
531-1,531,1072,意大利细面,,true,approved
531-10,531,11,番茄,罐装+去皮,true,approved
531-14,531,17,盐,,true,approved
531-16,531,270,黑胡椒粉,,true,approved
531-17,531,97,白糖,,true,approved
531-3,531,1073,帕玛森芝士粉,,true,approved
531-4,531,81,猪肉,碎,true,approved
531-5,531,798,牛肉,碎,true,approved
532-1,532,107,金针菇,,true,approved
533-1,533,243,中筋面粉,,true,approved
533-4,533,17,盐,,true,approved
534-1,534,1081,栗子,去皮,true,approved
534-3,534,276,粳米,,true,approved
535-1,535,120,低筋面粉,,true,approved
535-3,535,123,泡打粉,,true,approved
535-4,535,133,细砂糖,,true,approved
535-6,535,188,酵母,,true,approved
536-2,536,585,银耳,干,true,approved
536-3,536,185,黄冰糖,,true,approved
536-6,536,164,枸杞,,true,approved
537-2,537,254,马蹄,,true,approved
537-5,537,164,枸杞,,true,approved
538-1,538,447,糯米,,true,approved
539-1,539,227,南瓜,泥,true,approved
539-2,539,58,面粉,,true,approved
539-5,539,188,酵母,,true,approved
540-3,540,84,胡萝卜,,true,approved
540-4,540,205,水发木耳,,true,approved
540-5,540,33,葱,花,true,approved
540-6,540,17,盐,,true,approved
541-4,541,120,低筋面粉,,true,approved
541-5,541,133,细砂糖,,true,approved
542-2,542,6,姜,片,true,approved
542-3,542,12,洋葱,,true,approved
542-4,542,318,鱿鱼,,true,approved
542-5,542,99,虾仁,,true,approved
542-7,542,97,白糖,,true,approved
542-8,542,19,黑胡椒,碎,true,approved
543-1,543,1091,黄梨,,true,approved
543-3,543,58,面粉,,true,approved
544-1,544,536,甜玉米,,true,approved
544-3,544,97,白糖,,true,approved
545-11,545,306,核桃,熟,true,approved
545-8,545,1096,桔饼,,true,approved
545-9,545,646,冬瓜糖,,true,approved
546-1,546,447,糯米,,true,approved
546-3,546,1081,栗子,,true,approved
546-4,546,104,红豆,,true,approved
547-1,547,702,草鱼,,true,approved
547-13,547,239,大葱,段,true,approved
547-14,547,6,姜,片,true,approved
547-15,547,50,蒜,片,true,approved
547-2,547,17,盐,,true,approved
547-23,547,37,胡椒粉,,true,approved
547-24,547,96,鸡粉,,true,approved
547-4,547,33,葱,段,true,approved
547-7,547,243,中筋面粉,,true,approved
548-2,548,81,猪肉,末,true,approved
548-3,548,33,葱,花,true,approved
548-4,548,164,枸杞,熟,true,approved
548-5,548,17,盐,,true,approved
548-6,548,96,鸡粉,,true,approved
549-12,549,33,葱,花,true,approved
550-1,550,1103,明虾,,true,approved
550-11,550,48,淀粉,,true,approved
550-3,550,283,花椒,,true,approved
550-4,550,17,盐,,true,approved
550-6,550,65,小葱,,true,approved
550-7,550,6,姜,片,true,approved
550-8,550,50,蒜,片,true,approved
551-10,551,459,蟹肉棒,,true,approved
551-13,551,17,盐,,true,approved
551-15,551,49,生菜,,true,approved
551-16,551,202,白菜,,true,approved
551-17,551,247,芝麻,,true,approved
551-2,551,6,姜,片,true,approved
551-3,551,50,蒜,片,true,approved
551-4,551,33,葱,段,true,approved
551-6,551,283,花椒,粒,true,approved
551-9,551,1105,鱼丸,,true,approved
552-1,552,10,茄子,,true,approved
552-2,552,50,蒜,,true,approved
552-4,552,33,葱,,true,approved
554-12,554,33,葱,花,true,approved
555-1,555,447,糯米,,true,approved
555-5,555,17,盐,,true,approved
556-10,556,17,盐,,true,approved
556-11,556,48,淀粉,,true,approved
556-3,556,281,火腿,,true,approved
556-4,556,54,鸡蛋,,true,approved
556-5,556,33,葱,花,true,approved
556-8,556,6,姜,末,true,approved
557-3,557,17,盐,,true,approved
557-4,557,6,姜,,true,approved
557-5,557,65,小葱,,true,approved
557-6,557,92,豆豉,,true,approved
557-7,557,50,蒜,,true,approved
560-1,560,245,豆腐,,true,approved
560-3,560,568,榨菜,,true,approved
560-5,560,17,盐,,true,approved
561-1,561,632,雪梨,,true,approved
561-12,561,164,枸杞,,true,approved
561-2,561,585,银耳,干,true,approved
561-3,561,185,黄冰糖,,true,approved
562-2,562,672,腊肉,,true,approved
562-3,562,50,蒜,片,true,approved
562-4,562,194,小米椒,,true,approved
562-6,562,17,盐,,true,approved
562-7,562,97,白糖,,true,approved
563-1,563,58,面粉,,true,approved
563-3,563,306,核桃,碎,true,approved
563-4,563,1114,发酵粉,,true,approved
563-5,563,1115,玉米粉,,true,approved
563-7,563,97,白糖,,true,approved
563-8,563,418,葡萄干,,true,approved
564-1,564,1116,手抓饼,,true,approved
564-2,564,893,香肠,,true,approved
564-3,564,54,鸡蛋,,true,approved
564-5,564,147,白芝麻,,true,approved
565-10,565,17,盐,,true,approved
565-2,565,6,姜,末,true,approved
565-3,565,50,蒜,末,true,approved
565-4,565,598,鸡腿肉,,true,approved
566-8,566,530,蔓越莓干,,true,approved
567-1,567,1019,鱿鱼须,,true,approved
567-10,567,27,孜然粉,,true,approved
567-11,567,26,辣椒粉,,true,approved
567-2,567,12,洋葱,,true,approved
567-5,567,6,姜,末,true,approved
567-6,567,50,蒜,末,true,approved
567-7,567,17,盐,,true,approved
567-8,567,62,花椒粉,,true,approved
567-9,567,193,白胡椒粉,,true,approved
568-1,568,780,母鸡,,true,approved
569-1,569,58,面粉,,true,approved
569-2,569,1117,菠菜粉,,true,approved
569-4,569,201,糖,,true,approved
569-5,569,188,酵母,,true,approved
570-1,570,1119,童子鸡,,true,approved
570-2,570,867,茶树菇,,true,approved
570-3,570,39,红枣,,true,approved
570-4,570,164,枸杞,,true,approved
570-5,570,33,葱,,true,approved
570-6,570,6,姜,,true,approved
570-8,570,17,盐,,true,approved
570-9,570,201,糖,,true,approved
571-1,571,1120,春鸡,,true,approved
571-10,571,795,孜然,粒,true,approved
571-2,571,33,葱,段,true,approved
571-3,571,146,蒜瓣,,true,approved
571-4,571,6,姜,片,true,approved
571-5,571,17,盐,,true,approved
571-7,571,96,鸡粉,,true,approved
571-8,571,25,烧烤粉,,true,approved
572-1,572,227,南瓜,,true,approved
572-2,572,39,红枣,,true,approved
572-3,572,40,红糖,,true,approved
573-1,573,509,玉米面,,true,approved
573-10,573,317,蛋黄,,true,approved
573-2,573,243,中筋面粉,,true,approved
573-3,573,170,糯米粉,,true,approved
573-4,573,97,白糖,,true,approved
573-5,573,188,酵母,干,true,approved
573-8,573,306,核桃,熟,true,approved
574-1,574,54,鸡蛋,,true,approved
575-1,575,1122,老姜,,true,approved
575-2,575,39,红枣,去核,true,approved
575-3,575,164,枸杞,,true,approved
575-5,575,40,红糖,,true,approved
576-10,576,267,培根,,true,approved
576-14,576,811,马苏里拉奶酪,,true,approved
576-8,576,800,蘑菇,,true,approved
576-9,576,437,小番茄,,true,approved
577-1,577,465,山药,,true,approved
577-2,577,163,黑芝麻,熟,true,approved
577-3,577,348,大米,,true,approved
577-4,577,40,红糖,,true,approved
578-13,578,661,猪蹄,,true,approved
578-3,578,6,姜,片,true,approved
578-4,578,239,大葱,,true,approved
578-7,578,30,辣椒,干,true,approved
579-1,579,115,青椒,,true,approved
579-2,579,92,豆豉,,true,approved
579-5,579,17,盐,,true,approved
579-6,579,96,鸡粉,,true,approved
580-1,580,798,牛肉,,true,approved
580-2,580,25,烧烤粉,,true,approved
580-3,580,17,盐,,true,approved
580-7,580,26,辣椒粉,,true,approved
580-8,580,795,孜然,粒,true,approved
580-9,580,27,孜然粉,,true,approved
581-1,581,85,香菇,,true,approved
581-2,581,608,杏鲍菇,,true,approved
581-3,581,65,小葱,,true,approved
581-4,581,48,淀粉,,true,approved
581-7,581,3,冰糖,,true,approved
581-8,581,17,盐,,true,approved
581-9,581,37,胡椒粉,,true,approved
582-12,582,3,冰糖,,true,approved
582-15,582,284,香叶,,true,approved
582-17,582,142,八角,,true,approved
582-18,582,11,番茄,,true,approved
582-19,582,115,青椒,丝,true,approved
582-4,582,6,姜,片,true,approved
582-8,582,283,花椒,,true,approved
582-9,582,30,辣椒,干+段,true,approved
583-1,583,1125,鸭,块,true,approved
583-3,583,6,姜,末,true,approved
583-4,583,33,葱,花,true,approved
583-5,583,33,葱,段,true,approved
583-8,583,17,盐,,true,approved
584-1,584,91,排骨,块,true,approved
584-2,584,1129,花生米,,true,approved
584-3,584,33,葱,花,true,approved
584-5,584,96,鸡粉,,true,approved
584-6,584,48,淀粉,,true,approved
585-1,585,798,牛肉,,true,approved
585-10,585,48,淀粉,,true,approved
585-4,585,92,豆豉,,true,approved
585-5,585,6,姜,末,true,approved
585-6,585,33,葱,花,true,approved
585-7,585,50,蒜,末,true,approved
585-8,585,17,盐,,true,approved
585-9,585,96,鸡粉,,true,approved
586-3,586,794,冬瓜,,true,approved
586-4,586,17,盐,,true,approved
586-6,586,33,葱,花,true,approved
587-4,587,424,抹茶粉,,true,approved
587-5,587,201,糖,,true,approved
587-6,587,269,玉米淀粉,,true,approved
588-1,588,317,蛋黄,,true,approved
588-2,588,120,低筋面粉,,true,approved
588-5,588,133,细砂糖,,true,approved
588-6,588,678,蛋白,,true,approved
588-7,588,133,细砂糖,,true,approved
589-1,589,107,金针菇,,true,approved
589-2,589,1071,嫩豆腐,,true,approved
589-4,589,156,五花肉,末,true,approved
589-5,589,50,蒜,,true,approved
589-7,589,17,盐,,true,approved
590-1,590,227,南瓜,,true,approved
590-10,590,17,盐,,true,approved
590-4,590,799,蟹味菇,,true,approved
590-7,590,233,贝,干,true,approved
590-8,590,99,虾仁,,true,approved
590-9,590,485,生蚝,,true,approved
591-1,591,1133,鸡翅尖,,true,approved
591-2,591,26,辣椒粉,,true,approved
591-3,591,25,烧烤粉,,true,approved
591-6,591,62,花椒粉,,true,approved
591-7,591,147,白芝麻,,true,approved
592-1,592,314,橙子,,true,approved
592-2,592,17,盐,,true,approved
593-2,593,74,土豆,,true,approved
593-7,593,101,花蛤,,true,approved
593-9,593,71,香菜,,true,approved
594-10,594,3,冰糖,,true,approved
594-11,594,17,盐,,true,approved
594-2,594,6,姜,末,true,approved
594-3,594,33,葱,段,true,approved
594-5,594,658,口蘑,,true,approved
595-2,595,908,笋,丁,true,approved
595-3,595,220,饺子皮,,true,approved
595-5,595,17,盐,,true,approved
595-6,595,201,糖,,true,approved
597-1,597,227,南瓜,泥,true,approved
597-4,597,188,酵母,,true,approved
597-5,597,163,黑芝麻,,true,approved
598-1,598,627,青蟹,,true,approved
598-10,598,6,姜,丝,true,approved
598-11,598,931,猪肥膘,,true,approved
598-12,598,17,盐,,true,approved
598-13,598,97,白糖,,true,approved
598-16,598,37,胡椒粉,,true,approved
598-19,598,96,鸡粉,,true,approved
598-20,598,797,小苏打,,true,approved
598-4,598,85,香菇,,true,approved
598-5,598,254,马蹄,,true,approved
598-7,598,48,淀粉,,true,approved
599-1,599,344,绿豆,,true,approved
599-3,599,97,白糖,,true,approved
599-4,599,269,玉米淀粉,,true,approved
600-1,600,1141,莴笋叶,,true,approved
600-4,600,1142,米,,true,approved
600-6,600,17,盐,,true,approved
601-2,601,50,蒜,去皮,true,approved
601-3,601,1144,小河虾,,true,approved
601-4,601,115,青椒,,true,approved
601-6,601,17,盐,,true,approved
602-1,602,1145,牛小排肉,,true,approved
602-2,602,632,雪梨,,true,approved
602-5,602,97,白糖,,true,approved
602-6,602,19,黑胡椒,碎,true,approved
602-7,602,48,淀粉,,true,approved
603-1,603,1146,小油菜,,true,approved
603-4,603,17,盐,,true,approved
603-5,603,193,白胡椒粉,,true,approved
604-1,604,798,牛肉,,true,approved
604-10,604,50,蒜,,true,approved
604-11,604,12,洋葱,,true,approved
604-13,604,147,白芝麻,,true,approved
604-2,604,257,五香粉,,true,approved
604-3,604,27,孜然粉,,true,approved
604-5,604,48,淀粉,,true,approved
604-7,604,97,白糖,,true,approved
604-8,604,17,盐,,true,approved
605-4,605,201,糖,,true,approved
605-6,605,50,蒜,,true,approved
606-1,606,844,羊排,,true,approved
607-2,607,133,细砂糖,,true,approved
607-3,607,54,鸡蛋,液,true,approved
607-4,607,120,低筋面粉,,true,approved
607-5,607,355,可可粉,,true,approved
607-6,607,379,肉桂粉,,true,approved
607-7,607,797,小苏打,,true,approved
607-8,607,306,核桃,碎,true,approved
608-1,608,635,鲍鱼,,true,approved
608-3,608,17,盐,,true,approved
608-4,608,96,鸡粉,,true,approved
608-5,608,201,糖,,true,approved
608-7,608,6,姜,,true,approved
608-8,608,33,葱,,true,approved
609-5,609,50,蒜,片,true,approved
609-8,609,17,盐,,true,approved
610-11,610,133,细砂糖,,true,approved
610-12,610,1242,奶酪,片,true,approved
610-13,610,147,白芝麻,,true,approved
610-14,610,54,鸡蛋,液,true,approved
610-9,610,244,火腿肠,,true,approved
611-4,611,17,盐,,true,approved
611-6,611,269,玉米淀粉,,true,approved
611-7,611,33,葱,花,true,approved
613-1,613,1160,猪排,,true,approved
613-10,613,48,淀粉,,true,approved
613-11,613,33,葱,花,true,approved
613-12,613,12,洋葱,末,true,approved
613-13,613,50,蒜,末,true,approved
613-14,613,6,姜,末,true,approved
613-15,613,17,盐,,true,approved
613-16,613,96,鸡粉,,true,approved
613-17,613,201,糖,,true,approved
613-18,613,270,黑胡椒粉,,true,approved
613-3,613,54,鸡蛋,液,true,approved
613-9,613,193,白胡椒粉,,true,approved
614-1,614,287,柠檬,新鲜,true,approved
615-10,615,783,奶油奶酪,,true,approved
615-3,615,17,盐,,true,approved
615-4,615,188,酵母,干,true,approved
615-5,615,40,红糖,,true,approved
615-7,615,530,蔓越莓干,,true,approved
615-8,615,1162,黄桃干,,true,approved
615-9,615,1163,蓝莓干,,true,approved
616-10,616,222,黑木耳,,true,approved
616-11,616,972,藕,片,true,approved
616-12,616,585,银耳,,true,approved
616-6,616,17,盐,,true,approved
616-7,616,97,白糖,,true,approved
616-9,616,84,胡萝卜,,true,approved
617-1,617,54,鸡蛋,,true,approved
617-3,617,33,葱,,true,approved
617-4,617,6,姜,,true,approved
617-5,617,125,鸡精,,true,approved
617-6,617,17,盐,,true,approved
618-2,618,115,青椒,,true,approved
618-4,618,260,剁辣椒,,true,approved
618-5,618,6,姜,蓉,true,approved
618-6,618,33,葱,花,true,approved
618-7,618,37,胡椒粉,,true,approved
618-8,618,17,盐,,true,approved
619-1,619,54,鸡蛋,液,true,approved
619-3,619,890,麻薯预拌粉,,true,approved
619-5,619,17,盐,,true,approved
619-6,619,163,黑芝麻,,true,approved
620-10,620,97,白糖,,true,approved
620-11,620,17,盐,,true,approved
620-12,620,48,淀粉,,true,approved
620-2,620,92,豆豉,,true,approved
620-5,620,50,蒜,,true,approved
620-6,620,33,葱,花,true,approved
620-9,620,96,鸡粉,,true,approved
621-1,621,768,花菜,,true,approved
621-2,621,84,胡萝卜,末,true,approved
621-3,621,365,玉米,粒,true,approved
621-6,621,17,盐,,true,approved
621-7,621,798,牛肉,粒,true,approved
621-8,621,261,鸡胸肉,丁,true,approved
623-11,623,97,白糖,,true,approved
623-12,623,19,黑胡椒,碎,true,approved
623-13,623,17,盐,,true,approved
623-15,623,115,青椒,,true,approved
623-16,623,71,香菜,,true,approved
623-2,623,50,蒜,粒,true,approved
623-3,623,6,姜,粒,true,approved
623-4,623,12,洋葱,,true,approved
624-10,624,71,香菜,,true,approved
624-5,624,465,山药,,true,approved
624-6,624,365,玉米,,true,approved
624-8,624,17,盐,,true,approved
624-9,624,164,枸杞,,true,approved
625-5,625,33,葱,花,true,approved
626-2,626,1177,河虾,,true,approved
626-4,626,65,小葱,,true,approved
626-5,626,6,姜,片,true,approved
626-6,626,17,盐,,true,approved
627-2,627,54,鸡蛋,,true,approved
627-3,627,97,白糖,,true,approved
627-4,627,1178,栗粉,,true,approved
627-6,627,58,面粉,,true,approved
627-8,627,17,盐,,true,approved
627-9,627,188,酵母,,true,approved
628-10,628,27,孜然粉,,true,approved
628-3,628,6,姜,,true,approved
628-5,628,17,盐,,true,approved
628-9,628,270,黑胡椒粉,,true,approved
629-3,629,90,黄瓜,,true,approved
629-4,629,115,青椒,,true,approved
629-5,629,113,小龙虾,新鲜,true,approved
631-1,631,170,糯米粉,,true,approved
631-10,631,424,抹茶粉,,true,approved
631-12,631,495,红豆沙,,true,approved
631-17,631,97,白糖,,true,approved
631-2,631,274,粘米粉,,true,approved
632-1,632,397,紫薯,,true,approved
632-2,632,17,盐,,true,approved
633-2,633,232,丝瓜,,true,approved
633-3,633,281,火腿,片,true,approved
634-2,634,6,姜,片,true,approved
634-6,634,142,八角,,true,approved
634-7,634,141,桂皮,,true,approved
634-8,634,194,小米椒,,true,approved
634-9,634,30,辣椒,干,true,approved
635-1,635,678,蛋白,,true,approved
635-2,635,133,细砂糖,,true,approved
635-3,635,269,玉米淀粉,,true,approved
635-4,635,669,奶粉,,true,approved
635-6,635,17,盐,,true,approved
636-10,636,142,八角,,true,approved
636-11,636,141,桂皮,,true,approved
636-7,636,17,盐,,true,approved
636-8,636,97,白糖,,true,approved
637-3,637,65,小葱,,true,approved
637-5,637,65,小葱,,true,approved
638-10,638,97,白糖,,true,approved
638-12,638,972,藕,片,true,approved
638-13,638,223,豆腐干,,true,approved
638-15,638,609,花生仁,,true,approved
638-16,638,17,盐,,true,approved
638-2,638,6,姜,片,true,approved
638-3,638,50,蒜,,true,approved
638-4,638,142,八角,,true,approved
638-5,638,141,桂皮,,true,approved
638-6,638,764,草果,,true,approved
638-7,638,30,辣椒,干,true,approved
639-1,639,849,武昌鱼,,true,approved
639-2,639,115,青椒,,true,approved
639-4,639,6,姜,,true,approved
639-5,639,17,盐,,true,approved
641-1,641,227,南瓜,,true,approved
641-2,641,50,蒜,,true,approved
642-1,642,287,柠檬,,true,approved
642-2,642,54,鸡蛋,液,true,approved
642-3,642,133,细砂糖,,true,approved
642-6,642,120,低筋面粉,,true,approved
642-7,642,123,泡打粉,,true,approved
642-8,642,17,盐,,true,approved
643-1,643,1071,嫩豆腐,,true,approved
643-3,643,26,辣椒粉,,true,approved
643-4,643,17,盐,,true,approved
643-5,643,62,花椒粉,,true,approved
644-1,644,1190,带皮生花生,,true,approved
644-2,644,97,白糖,,true,approved
645-2,645,317,蛋黄,,true,approved
645-3,645,133,细砂糖,,true,approved
645-4,645,269,玉米淀粉,,true,approved
645-7,645,670,蓝莓,,true,approved
645-8,645,1192,水蜜桃,,true,approved
645-9,645,121,糖粉,,true,approved
646-1,646,227,南瓜,,true,approved
646-2,646,837,燕麦,,true,approved
646-3,646,17,盐,,true,approved
647-1,647,546,三文鱼,,true,approved
647-2,647,12,洋葱,,true,approved
647-3,647,9,西葫芦,,true,approved
647-4,647,84,胡萝卜,,true,approved
647-6,647,37,胡椒粉,,true,approved
647-8,647,17,盐,,true,approved
648-1,648,1081,栗子,,true,approved
648-4,648,97,白糖,,true,approved
651-1,651,74,土豆,,true,approved
651-2,651,135,肉末,末,true,approved
651-3,651,54,鸡蛋,液,true,approved
651-4,651,17,盐,,true,approved
651-5,651,96,鸡粉,,true,approved
651-6,651,97,白糖,,true,approved
651-7,651,48,淀粉,,true,approved
652-2,652,447,糯米,,true,approved
653-3,653,783,奶油奶酪,,true,approved
653-4,653,478,海盐,,true,approved
653-5,653,133,细砂糖,,true,approved
654-4,654,243,中筋面粉,,true,approved
654-5,654,17,盐,,true,approved
654-6,654,37,胡椒粉,,true,approved
654-8,654,33,葱,,true,approved
655-1,655,1198,荔枝,,true,approved
655-2,655,775,圣女果,,true,approved
655-3,655,447,糯米,,true,approved
655-5,655,97,白糖,,true,approved
655-7,655,418,葡萄干,,true,approved
656-10,656,17,盐,,true,approved
656-3,656,894,荠菜,,true,approved
656-4,656,33,葱,,true,approved
656-5,656,54,鸡蛋,,true,approved
656-6,656,84,胡萝卜,末,true,approved
656-7,656,37,胡椒粉,,true,approved
656-8,656,71,香菜,碎,true,approved
657-2,657,1199,米粉,,true,approved
657-3,657,201,糖,,true,approved
657-4,657,17,盐,,true,approved
658-1,658,1200,鸭血,,true,approved
658-10,658,224,粉丝,丝,true,approved
658-12,658,1204,鸭肝,,true,approved
658-13,658,193,白胡椒粉,,true,approved
658-15,658,71,香菜,碎,true,approved
658-7,658,33,葱,花,true,approved
658-8,658,6,姜,,true,approved
660-4,660,12,洋葱,,true,approved
660-5,660,239,大葱,,true,approved
660-7,660,97,白糖,,true,approved
660-8,660,17,盐,,true,approved
660-9,660,147,白芝麻,,true,approved
661-5,661,97,白糖,,true,approved
661-6,661,17,盐,,true,approved
661-7,661,48,淀粉,,true,approved
661-9,661,33,葱,花,true,approved
663-10,663,17,盐,,true,approved
663-2,663,6,姜,片,true,approved
663-3,663,142,八角,,true,approved
663-4,663,141,桂皮,,true,approved
663-5,663,30,辣椒,干,true,approved
663-8,663,3,冰糖,,true,approved
664-2,664,42,蛋清,,true,approved
664-4,664,48,淀粉,,true,approved
664-5,664,17,盐,,true,approved
664-6,664,193,白胡椒粉,,true,approved
665-10,665,244,火腿肠,丁,true,approved
665-11,665,33,葱,花,true,approved
665-12,665,147,白芝麻,,true,approved
665-13,665,54,鸡蛋,液,true,approved
666-11,666,869,蒸肉粉,,true,approved
666-13,666,71,香菜,末,true,approved
666-2,666,65,小葱,段,true,approved
666-3,666,6,姜,片,true,approved
666-8,666,97,白糖,,true,approved
667-1,667,149,鸡中翅,,true,approved
667-2,667,49,生菜,,true,approved
667-3,667,17,盐,,true,approved
667-4,667,96,鸡粉,,true,approved
667-5,667,25,烧烤粉,,true,approved
667-6,667,26,辣椒粉,,true,approved
668-1,668,1215,素鸡,,true,approved
668-3,668,50,蒜,,true,approved
668-5,668,65,小葱,,true,approved
669-2,669,6,姜,,true,approved
669-4,669,17,盐,,true,approved
671-1,671,317,蛋黄,,true,approved
671-10,671,175,水果,,true,approved
671-2,671,133,细砂糖,,true,approved
671-4,671,42,蛋清,,true,approved
671-6,671,121,糖粉,,true,approved
671-7,671,120,低筋面粉,,true,approved
672-2,672,254,马蹄,片,true,approved
672-3,672,48,淀粉,,true,approved
672-4,672,42,蛋清,,true,approved
672-5,672,17,盐,,true,approved
672-6,672,55,面包糠,,true,approved
673-1,673,29,鲈鱼,,true,approved
673-2,673,33,葱,段,true,approved
673-3,673,6,姜,片,true,approved
673-5,673,17,盐,,true,approved
674-1,674,274,粘米粉,,true,approved
674-3,674,170,糯米粉,,true,approved
674-4,674,97,白糖,,true,approved
675-1,675,316,香梨,,true,approved
675-3,675,3,冰糖,,true,approved
676-1,676,1174,鸡肉,,true,approved
676-10,676,39,红枣,,true,approved
676-11,676,17,盐,,true,approved
676-12,676,164,枸杞,,true,approved
676-3,676,33,葱,段,true,approved
676-4,676,6,姜,片,true,approved
676-6,676,966,猪肚,,true,approved
676-7,676,270,黑胡椒粉,,true,approved
676-8,676,6,姜,丝,true,approved
677-1,677,485,生蚝,,true,approved
677-2,677,50,蒜,,true,approved
677-6,677,97,白糖,,true,approved
677-7,677,65,小葱,,true,approved
678-1,678,81,猪肉,末,true,approved
678-11,678,97,白糖,,true,approved
678-2,678,85,香菇,,true,approved
678-3,678,58,面粉,,true,approved
678-5,678,17,盐,,true,approved
678-7,678,188,酵母,,true,approved
678-8,678,84,胡萝卜,,true,approved
678-9,678,33,葱,,true,approved
679-1,679,363,鲜虾,,true,approved
679-2,679,6,姜,片,true,approved
679-4,679,17,盐,,true,approved
679-7,679,33,葱,花,true,approved
679-8,679,6,姜,末,true,approved
679-9,679,50,蒜,末,true,approved
680-5,680,270,黑胡椒粉,,true,approved
680-6,680,54,鸡蛋,,true,approved
680-7,680,55,面包糠,,true,approved
681-12,681,270,黑胡椒粉,,true,approved
681-2,681,50,蒜,,true,approved
681-3,681,6,姜,,true,approved
681-6,681,30,辣椒,干,true,approved
681-7,681,1221,鲜肥牛卷,,true,approved
681-9,681,97,白糖,,true,approved
682-2,682,666,紫菜,,true,approved
682-4,682,17,盐,,true,approved
682-6,682,33,葱,花,true,approved
683-1,683,503,三黄鸡,,true,approved
683-2,683,6,姜,片,true,approved
683-6,683,17,盐,,true,approved
685-1,685,465,山药,,true,approved
685-2,685,97,白糖,,true,approved
685-3,685,39,红枣,,true,approved
686-1,686,783,奶油奶酪,,true,approved
686-2,686,97,白糖,,true,approved
686-4,686,317,蛋黄,,true,approved
686-6,686,269,玉米淀粉,,true,approved
687-1,687,156,五花肉,去皮,true,approved
687-8,687,54,鸡蛋,,true,approved
688-1,688,170,糯米粉,,true,approved
688-2,688,274,粘米粉,,true,approved
688-3,688,1224,澄粉,,true,approved
688-4,688,397,紫薯,熟+泥,true,approved
688-5,688,424,抹茶粉,,true,approved
688-6,688,121,糖粉,,true,approved
689-1,689,58,面粉,,true,approved
689-10,689,96,鸡粉,,true,approved
689-11,689,62,花椒粉,,true,approved
689-2,689,59,韭菜,,true,approved
689-4,689,245,豆腐,,true,approved
689-6,689,97,白糖,,true,approved
689-7,689,203,酵母粉,,true,approved
689-8,689,54,鸡蛋,液,true,approved
689-9,689,17,盐,,true,approved
690-1,690,1046,秋葵,,true,approved
691-10,691,17,盐,,true,approved
691-11,691,115,青椒,,true,approved
691-2,691,97,白糖,,true,approved
691-3,691,113,小龙虾,,true,approved
691-5,691,6,姜,片,true,approved
691-6,691,30,辣椒,干,true,approved
691-8,691,85,香菇,,true,approved
691-9,691,193,白胡椒粉,,true,approved
692-1,692,348,大米,,true,approved
692-10,692,17,盐,,true,approved
692-3,692,71,香菜,,true,approved
692-4,692,65,小葱,,true,approved
693-4,693,260,剁辣椒,,true,approved
693-8,693,147,白芝麻,,true,approved
694-3,694,54,鸡蛋,,true,approved
694-4,694,33,葱,花,true,approved
694-5,694,17,盐,,true,approved
694-6,694,96,鸡粉,,true,approved
695-1,695,678,蛋白,,true,approved
695-2,695,174,杏仁粉,,true,approved
695-3,695,121,糖粉,,true,approved
695-4,695,424,抹茶粉,,true,approved
695-5,695,678,蛋白,,true,approved
695-6,695,133,细砂糖,,true,approved
696-3,696,170,糯米粉,熟,true,approved
696-4,696,40,红糖,,true,approved
696-5,696,97,白糖,,true,approved
697-1,697,227,南瓜,,true,approved
697-3,697,99,虾仁,,true,approved
697-4,697,58,面粉,,true,approved
697-6,697,17,盐,,true,approved
697-7,697,257,五香粉,,true,approved
698-3,698,133,细砂糖,,true,approved
699-1,699,248,梭子蟹,,true,approved
699-2,699,54,鸡蛋,,true,approved
699-3,699,17,盐,,true,approved
699-7,699,33,葱,花,true,approved
700-3,700,568,榨菜,末,true,approved
700-5,700,50,蒜,,true,approved
700-7,700,71,香菜,末,true,approved
701-1,701,249,高筋面粉,,true,approved
701-3,701,17,盐,,true,approved
701-4,701,54,鸡蛋,液,true,approved
701-5,701,133,细砂糖,,true,approved
703-9,703,1242,奶酪,,true,approved
706-1,706,1142,米,,true,approved
706-2,706,74,土豆,,true,approved
706-4,706,84,胡萝卜,,true,approved
706-5,706,50,蒜,,true,approved
706-6,706,594,香葱,,true,approved
707-2,707,40,红糖,,true,approved
707-4,707,123,泡打粉,,true,approved
708-1,708,871,蛏子,,true,approved
708-2,708,6,姜,,true,approved
708-3,708,33,葱,,true,approved
708-4,708,194,小米椒,,true,approved
709-1,709,218,豆皮,,true,approved
709-2,709,71,香菜,,true,approved
711-3,711,133,细砂糖,,true,approved
712-1,712,1250,马蹄粉,,true,approved
712-2,712,254,马蹄,,true,approved
712-3,712,40,红糖,,true,approved
713-1,713,54,鸡蛋,,true,approved
713-2,713,314,橙子,,true,approved
713-3,713,97,白糖,,true,approved
713-4,713,17,盐,,true,approved
714-2,714,1251,大米粉,,true,approved
715-1,715,855,鸡腿,,true,approved
715-11,715,201,糖,,true,approved
715-12,715,17,盐,,true,approved
715-2,715,12,洋葱,,true,approved
715-4,715,739,小米椒圈,,true,approved
715-5,715,62,花椒粉,,true,approved
715-8,715,50,蒜,末,true,approved
716-1,716,743,牛腩,,true,approved
716-10,716,284,香叶,,true,approved
716-11,716,17,盐,,true,approved
716-13,716,97,白糖,,true,approved
716-4,716,239,大葱,段,true,approved
716-5,716,6,姜,片,true,approved
716-7,716,11,番茄,,true,approved
716-9,716,142,八角,,true,approved
717-1,717,585,银耳,干,true,approved
717-2,717,164,枸杞,,true,approved
717-3,717,3,冰糖,,true,approved
717-5,717,39,红枣,,true,approved
718-1,718,58,面粉,,true,approved
718-2,718,188,酵母,,true,approved
718-3,718,736,枣,,true,approved
718-4,718,201,糖,,true,approved
719-10,719,54,鸡蛋,液,true,approved
719-4,719,33,葱,,true,approved
719-5,719,6,姜,,true,approved
719-6,719,50,蒜,,true,approved
720-1,720,585,银耳,,true,approved
720-2,720,716,桂圆,,true,approved
720-3,720,1253,白果,,true,approved
720-4,720,39,红枣,,true,approved
720-5,720,97,白糖,,true,approved
721-1,721,276,粳米,,true,approved
721-3,721,506,鲜香菇,,true,approved
721-4,721,908,笋,,true,approved
721-5,721,894,荠菜,,true,approved
721-6,721,499,虾皮,,true,approved
721-8,721,17,盐,,true,approved
722-11,722,96,鸡粉,,true,approved
722-2,722,123,泡打粉,,true,approved
722-3,722,133,细砂糖,,true,approved
722-5,722,188,酵母,,true,approved
722-6,722,33,葱,花,true,approved
722-7,722,50,蒜,蓉,true,approved
722-8,722,17,盐,,true,approved
723-1,723,245,豆腐,,true,approved
723-2,723,99,虾仁,,true,approved
723-3,723,33,葱,花,true,approved
723-4,723,17,盐,,true,approved
723-5,723,96,鸡粉,,true,approved
723-6,723,48,淀粉,,true,approved
724-2,724,40,红糖,,true,approved
724-3,724,170,糯米粉,,true,approved
724-4,724,274,粘米粉,,true,approved
724-5,724,457,蜜红豆,,true,approved
725-1,725,1256,生糯米,,true,approved
725-3,725,163,黑芝麻,熟,true,approved
725-4,725,306,核桃,去壳,true,approved
725-5,725,97,白糖,,true,approved
726-1,726,1257,仔鸡,,true,approved
726-5,726,6,姜,,true,approved
726-6,726,187,水发香菇,,true,approved
727-1,727,261,鸡胸肉,,true,approved
727-10,727,49,生菜,,true,approved
727-2,727,478,海盐,,true,approved
727-3,727,270,黑胡椒粉,,true,approved
727-9,727,17,盐,,true,approved
728-1,728,798,牛肉,,true,approved
728-10,728,97,白糖,,true,approved
728-4,728,17,盐,,true,approved
728-5,728,6,姜,,true,approved
728-6,728,50,蒜,,true,approved
728-7,728,194,小米椒,,true,approved
728-8,728,71,香菜,,true,approved
729-1,729,1259,螃蟹,,true,approved
729-2,729,12,洋葱,,true,approved
729-3,729,50,蒜,末,true,approved
731-10,731,12,洋葱,,true,approved
731-11,731,17,盐,,true,approved
731-6,731,142,八角,,true,approved
731-7,731,11,番茄,,true,approved
731-9,731,84,胡萝卜,,true,approved
732-2,732,1263,蜜桃,,true,approved
732-3,732,585,银耳,,true,approved
732-4,732,3,冰糖,,true,approved
733-1,733,74,土豆,块,true,approved
733-3,733,365,玉米,粒,true,approved
733-4,733,90,黄瓜,,true,approved
733-6,733,19,黑胡椒,,true,approved
734-1,734,135,肉末,末,true,approved
734-12,734,97,白糖,,true,approved
734-3,734,1071,嫩豆腐,,true,approved
734-4,734,6,姜,,true,approved
734-7,734,33,葱,,true,approved
735-3,735,50,蒜,蓉,true,approved
735-5,735,17,盐,,true,approved
735-6,735,270,黑胡椒粉,,true,approved
737-2,737,54,鸡蛋,,true,approved
737-4,737,97,白糖,,true,approved
738-1,738,1266,长意面,熟,true,approved
738-10,738,17,盐,,true,approved
738-2,738,1268,牛肉馅,,true,approved
738-3,738,12,洋葱,碎,true,approved
738-6,738,1272,帕马森奶酪粉,,true,approved
738-9,738,270,黑胡椒粉,,true,approved
739-2,739,50,蒜,,true,approved
739-3,739,81,猪肉,,true,approved
739-4,739,12,洋葱,,true,approved
739-6,739,17,盐,,true,approved
740-2,740,502,莴笋,,true,approved
740-3,740,1274,蛏肉,,true,approved
740-4,740,59,韭菜,,true,approved
740-8,740,201,糖,,true,approved
741-3,741,33,葱,,true,approved
741-4,741,50,蒜,,true,approved
741-6,741,17,盐,,true,approved
742-2,742,245,豆腐,,true,approved
742-3,742,107,金针菇,,true,approved
742-6,742,50,蒜,末,true,approved
742-7,742,17,盐,,true,approved
742-8,742,33,葱,花,true,approved
743-2,743,6,姜,,true,approved
743-3,743,33,葱,,true,approved
743-4,743,17,盐,,true,approved
743-5,743,193,白胡椒粉,,true,approved
743-7,743,62,花椒粉,,true,approved
744-1,744,48,淀粉,,true,approved
744-11,744,33,葱,花,true,approved
744-4,744,50,蒜,末,true,approved
744-5,744,1280,藕带,,true,approved
744-6,744,17,盐,,true,approved
744-7,744,97,白糖,,true,approved
745-1,745,348,大米,,true,approved
745-2,745,444,紫米,,true,approved
745-3,745,39,红枣,去核,true,approved
745-5,745,133,细砂糖,,true,approved
746-1,746,97,白糖,,true,approved
746-5,746,6,姜,丝,true,approved
746-8,746,17,盐,,true,approved
746-9,746,33,葱,花,true,approved
747-2,747,508,莲藕,,true,approved
747-3,747,869,蒸肉粉,,true,approved
747-4,747,65,小葱,,true,approved
747-5,747,6,姜,,true,approved
748-1,748,1283,鸭爪,,true,approved
748-11,748,3,冰糖,,true,approved
748-12,748,142,八角,,true,approved
748-13,748,141,桂皮,,true,approved
748-14,748,284,香叶,,true,approved
748-15,748,30,辣椒,干,true,approved
748-16,748,283,花椒,,true,approved
748-2,748,6,姜,片,true,approved
748-6,748,65,小葱,,true,approved
750-2,750,54,鸡蛋,,true,approved
750-3,750,474,香蕉,,true,approved
750-5,750,97,白糖,,true,approved
751-3,751,283,花椒,粒,true,approved
751-4,751,65,小葱,,true,approved
751-5,751,6,姜,,true,approved
751-6,751,17,盐,,true,approved
751-8,751,97,白糖,,true,approved
752-1,752,261,鸡胸肉,,true,approved
752-2,752,74,土豆,,true,approved
752-8,752,478,海盐,,true,approved
752-9,752,19,黑胡椒,碎,true,approved
754-2,754,12,洋葱,块,true,approved
754-4,754,17,盐,,true,approved
754-5,754,65,小葱,段,true,approved
754-6,754,6,姜,片,true,approved
754-7,754,50,蒜,片,true,approved
754-8,754,97,白糖,,true,approved
754-9,754,96,鸡粉,,true,approved
755-1,755,135,肉末,末,true,approved
755-3,755,33,葱,花,true,approved
755-4,755,50,蒜,末,true,approved
755-5,755,6,姜,末,true,approved
755-6,755,17,盐,,true,approved
755-7,755,48,淀粉,,true,approved
756-1,756,546,三文鱼,,true,approved
756-11,756,97,白糖,,true,approved
756-2,756,1292,花椰菜,,true,approved
756-3,756,12,洋葱,,true,approved
756-4,756,71,香菜,,true,approved
756-5,756,742,腰果,熟,true,approved
756-6,756,212,红辣椒,,true,approved
756-7,756,270,黑胡椒粉,,true,approved
756-8,756,17,盐,,true,approved
757-1,757,876,大闸蟹,,true,approved
757-3,757,283,花椒,,true,approved
757-4,757,6,姜,,true,approved
757-5,757,6,姜,,true,approved
759-11,759,37,胡椒粉,,true,approved
759-2,759,598,鸡腿肉,,true,approved
759-3,759,50,蒜,末,true,approved
759-4,759,12,洋葱,,true,approved
759-6,759,85,香菇,,true,approved
759-7,759,445,芹菜,,true,approved
759-8,759,17,盐,,true,approved
759-9,759,11,番茄,,true,approved
760-1,760,29,鲈鱼,,true,approved
760-2,760,92,豆豉,,true,approved
760-4,760,33,葱,丝,true,approved
760-5,760,6,姜,丝,true,approved
760-7,760,17,盐,,true,approved
761-1,761,58,面粉,,true,approved
761-3,761,188,酵母,,true,approved
761-4,761,33,葱,花,true,approved
761-5,761,17,盐,,true,approved
762-1,762,658,口蘑,,true,approved
763-17,763,17,盐,,true,approved
763-18,763,270,黑胡椒粉,,true,approved
763-19,763,1303,七味粉,,true,approved
763-2,763,358,蛤蜊,,true,approved
763-3,763,1296,红洋葱,,true,approved
763-4,763,50,蒜,,true,approved
763-5,763,194,小米椒,,true,approved
763-9,763,1300,樱桃番茄,,true,approved
764-1,764,773,鸡,,true,approved
764-2,764,17,盐,,true,approved
764-3,764,33,葱,,true,approved
765-1,765,562,黄桃,,true,approved
765-3,765,3,冰糖,,true,approved
766-1,766,81,猪肉,,true,approved
766-4,766,6,姜,,true,approved
766-5,766,65,小葱,,true,approved
766-6,766,17,盐,,true,approved
766-8,766,164,枸杞,,true,approved
767-1,767,608,杏鲍菇,,true,approved
767-2,767,50,蒜,,true,approved
767-3,767,194,小米椒,,true,approved
767-5,767,17,盐,,true,approved
767-6,767,33,葱,花,true,approved
768-1,768,249,高筋面粉,,true,approved
768-3,768,317,蛋黄,,true,approved
768-4,768,133,细砂糖,,true,approved
768-6,768,33,葱,末,true,approved
768-7,768,50,蒜,末,true,approved
768-8,768,669,奶粉,,true,approved
768-9,768,188,酵母,,true,approved
769-5,769,17,盐,,true,approved
769-6,769,97,白糖,,true,approved
769-8,769,65,小葱,,true,approved
769-9,769,6,姜,,true,approved
770-1,770,530,蔓越莓干,,true,approved
770-10,770,54,鸡蛋,液,true,approved
770-12,770,120,低筋面粉,,true,approved
771-3,771,752,鲜笋,,true,approved
771-5,771,33,葱,花,true,approved
771-6,771,6,姜,片,true,approved
771-7,771,48,淀粉,,true,approved
772-14,772,17,盐,,true,approved
772-15,772,97,白糖,,true,approved
772-3,772,30,辣椒,干,true,approved
772-4,772,50,蒜,,true,approved
772-5,772,6,姜,片,true,approved
772-6,772,142,八角,,true,approved
772-7,772,141,桂皮,,true,approved
772-8,772,284,香叶,,true,approved
772-9,772,283,花椒,,true,approved
773-1,773,170,糯米粉,,true,approved
773-2,773,269,玉米淀粉,,true,approved
773-3,773,227,南瓜,,true,approved
773-5,773,97,白糖,,true,approved
773-6,773,1306,黄豆粉,,true,approved
774-10,774,6,姜,丝,true,approved
774-12,774,17,盐,,true,approved
774-13,774,348,大米,,true,approved
774-2,774,383,羊肉,,true,approved
774-3,774,6,姜,片,true,approved
774-5,774,74,土豆,,true,approved
774-6,774,12,洋葱,,true,approved
774-7,774,84,胡萝卜,,true,approved
775-1,775,1307,紫葡萄,,true,approved
775-5,775,783,奶油奶酪,,true,approved
775-6,775,478,海盐,,true,approved
775-7,775,133,细砂糖,,true,approved
776-1,776,290,小米,,true,approved
776-3,776,97,白糖,,true,approved
777-1,777,1032,咸菜,,true,approved
777-10,777,1031,艾草粉,,true,approved
777-2,777,908,笋,丁,true,approved
777-5,777,170,糯米粉,,true,approved
777-6,777,274,粘米粉,,true,approved
778-2,778,50,蒜,片,true,approved
778-4,778,17,盐,,true,approved
779-1,779,318,鱿鱼,新鲜,true,approved
780-1,780,632,雪梨,,true,approved
780-12,780,164,枸杞,,true,approved
780-2,780,585,银耳,干,true,approved
780-3,780,185,黄冰糖,,true,approved
781-1,781,170,糯米粉,,true,approved
781-4,781,269,玉米淀粉,,true,approved
781-5,781,133,细砂糖,,true,approved
782-3,782,50,蒜,末,true,approved
782-5,782,10,茄子,,true,approved
782-6,782,17,盐,,true,approved
782-9,782,33,葱,花,true,approved
783-11,783,142,八角,,true,approved
783-12,783,141,桂皮,,true,approved
783-13,783,283,花椒,,true,approved
783-14,783,284,香叶,,true,approved
783-15,783,164,枸杞,,true,approved
783-16,783,17,盐,,true,approved
783-17,783,84,胡萝卜,,true,approved
783-18,783,12,洋葱,,true,approved
783-19,783,535,青菜,,true,approved
783-20,783,367,挂面,,true,approved
783-3,783,6,姜,片,true,approved
783-6,783,33,葱,段,true,approved
783-7,783,50,蒜,片,true,approved
783-8,783,97,白糖,,true,approved
784-3,784,54,鸡蛋,,true,approved
784-4,784,306,核桃,,true,approved
784-6,784,478,海盐,,true,approved
784-7,784,19,黑胡椒,,true,approved
785-3,785,59,韭菜,,true,approved
785-4,785,17,盐,,true,approved
786-1,786,632,雪梨,,true,approved
786-5,786,164,枸杞,,true,approved
786-6,786,3,冰糖,,true,approved
787-10,787,6,姜,片,true,approved
787-14,787,141,桂皮,,true,approved
787-17,787,26,辣椒粉,,true,approved
787-18,787,247,芝麻,,true,approved
787-9,787,33,葱,段,true,approved
788-4,788,6,姜,末,true,approved
788-5,788,3,冰糖,,true,approved
788-6,788,17,盐,,true,approved
790-2,790,54,鸡蛋,,true,approved
791-1,791,29,鲈鱼,,true,approved
791-3,791,50,蒜,,true,approved
791-4,791,115,青椒,,true,approved
791-6,791,71,香菜,,true,approved
791-7,791,17,盐,,true,approved
792-2,792,50,蒜,蓉,true,approved
792-3,792,1323,塔菜,,true,approved
792-4,792,17,盐,,true,approved
793-1,793,1324,水发羊肚菌,,true,approved
793-2,793,382,芦笋,,true,approved
793-3,793,1047,百合,,true,approved
793-4,793,17,盐,,true,approved
793-5,793,96,鸡粉,,true,approved
794-2,794,383,羊肉,,true,approved
794-3,794,869,蒸肉粉,,true,approved
794-4,794,6,姜,末,true,approved
794-5,794,33,葱,花,true,approved
794-6,794,17,盐,,true,approved
794-7,794,96,鸡粉,,true,approved
795-3,795,243,中筋面粉,,true,approved
795-5,795,188,酵母,,true,approved
796-2,796,156,五花肉,,true,approved
796-4,796,50,蒜,片,true,approved
796-5,796,142,八角,,true,approved
796-6,796,6,姜,片,true,approved
796-7,796,212,红辣椒,,true,approved
796-9,796,17,盐,,true,approved
798-2,798,311,桃胶,,true,approved
798-3,798,346,莲子,,true,approved
798-4,798,3,冰糖,,true,approved
799-2,799,50,蒜,,true,approved
799-3,799,194,小米椒,,true,approved
799-4,799,221,娃娃菜,,true,approved
799-5,799,17,盐,,true,approved
799-6,799,97,白糖,,true,approved
800-3,800,40,红糖,,true,approved
801-1,801,174,杏仁粉,,true,approved
801-11,801,317,蛋黄,,true,approved
801-2,801,121,糖粉,,true,approved
801-3,801,120,低筋面粉,,true,approved
801-4,801,424,抹茶粉,,true,approved
801-5,801,42,蛋清,,true,approved
801-6,801,133,细砂糖,,true,approved
801-9,801,97,白糖,,true,approved
802-2,802,194,小米椒,,true,approved
802-4,802,50,蒜,末,true,approved
802-5,802,92,豆豉,,true,approved
802-6,802,101,花蛤,,true,approved
802-7,802,17,盐,,true,approved
802-9,802,33,葱,花,true,approved
803-1,803,1332,黑虎虾,,true,approved
803-2,803,1333,黄皮果,,true,approved
803-4,803,17,盐,,true,approved
804-2,804,290,小米,,true,approved
804-3,804,164,枸杞,,true,approved
805-2,805,47,低筋粉,,true,approved
805-3,805,133,细砂糖,,true,approved
805-4,805,123,泡打粉,,true,approved
805-6,805,17,盐,,true,approved
805-7,805,317,蛋黄,,true,approved
806-3,806,638,基围虾,,true,approved
806-4,806,17,盐,,true,approved
806-5,806,48,淀粉,,true,approved
807-1,807,421,澄面,,true,approved
807-10,807,96,鸡粉,,true,approved
807-11,807,37,胡椒粉,,true,approved
807-2,807,48,淀粉,,true,approved
807-3,807,59,韭菜,,true,approved
807-5,807,135,肉末,末,true,approved
807-6,807,99,虾仁,,true,approved
807-8,807,17,盐,,true,approved
808-2,808,33,葱,花,true,approved
808-3,808,6,姜,末,true,approved
808-6,808,17,盐,,true,approved
808-7,808,201,糖,,true,approved
809-1,809,54,鸡蛋,,true,approved
809-2,809,115,青椒,,true,approved
809-3,809,12,洋葱,,true,approved
809-4,809,85,香菇,,true,approved
809-5,809,1242,奶酪,碎,true,approved
809-7,809,267,培根,,true,approved
809-9,809,17,盐,,true,approved
810-1,810,1199,米粉,,true,approved
810-3,810,227,南瓜,,true,approved
810-4,810,418,葡萄干,,true,approved
810-5,810,1337,花生粉,,true,approved
811-10,811,27,孜然粉,,true,approved
811-11,811,147,白芝麻,熟,true,approved
811-12,811,33,葱,花,true,approved
811-3,811,50,蒜,蓉,true,approved
811-9,811,26,辣椒粉,,true,approved
812-1,812,58,面粉,,true,approved
812-4,812,188,酵母,,true,approved
812-5,812,123,泡打粉,,true,approved
812-7,812,561,红曲粉,,true,approved
813-2,813,798,牛肉,末,true,approved
813-3,813,1342,地瓜粉,,true,approved
813-4,813,17,盐,,true,approved
813-5,813,19,黑胡椒,碎,true,approved
814-1,814,813,猪骨,,true,approved
814-3,814,862,淮山药,,true,approved
814-4,814,1343,白扁豆,,true,approved
814-5,814,164,枸杞,,true,approved
815-4,815,164,枸杞,,true,approved
816-1,816,1346,公鸡,,true,approved
816-10,816,142,八角,,true,approved
816-11,816,283,花椒,,true,approved
816-12,816,74,土豆,,true,approved
816-16,816,17,盐,,true,approved
816-3,816,6,姜,片,true,approved
816-7,816,50,蒜,,true,approved
816-8,816,30,辣椒,干,true,approved
817-10,817,97,白糖,,true,approved
817-3,817,48,淀粉,,true,approved
817-4,817,141,桂皮,,true,approved
817-5,817,142,八角,,true,approved
817-6,817,6,姜,片,true,approved
817-9,817,17,盐,,true,approved
818-1,818,1348,小西瓜,,true,approved
818-3,818,3,冰糖,,true,approved
818-4,818,164,枸杞,,true,approved
819-5,819,33,葱,花,true,approved
820-1,820,261,鸡胸肉,,true,approved
820-11,820,6,姜,片,true,approved
820-12,820,283,花椒,粒,true,approved
820-2,820,348,大米,,true,approved
820-3,820,365,玉米,粒,true,approved
820-4,820,84,胡萝卜,,true,approved
820-9,820,284,香叶,,true,approved
821-1,821,678,蛋白,,true,approved
821-2,821,247,芝麻,,true,approved
821-4,821,201,糖,,true,approved
822-1,822,1349,麻鸭,,true,approved
822-11,822,142,八角,,true,approved
822-15,822,147,白芝麻,,true,approved
822-16,822,71,香菜,段,true,approved
822-2,822,6,姜,片,true,approved
823-1,823,1187,小黄鱼,,true,approved
823-5,823,907,雪菜,,true,approved
823-7,823,6,姜,末,true,approved
823-8,823,50,蒜,末,true,approved
824-13,824,283,花椒,,true,approved
824-14,824,74,土豆,,true,approved
824-15,824,90,黄瓜,,true,approved
824-16,824,17,盐,,true,approved
824-5,824,1103,明虾,,true,approved
824-6,824,6,姜,片,true,approved
824-7,824,50,蒜,片,true,approved
824-8,824,12,洋葱,,true,approved
825-8,825,492,鸡翅中,,true,approved
826-1,826,1352,调味法式羊排,,true,approved
827-4,827,17,盐,,true,approved
827-5,827,1355,味粉,,true,approved
828-1,828,33,葱,丝,true,approved
828-2,828,6,姜,丝,true,approved
828-3,828,231,对虾,,true,approved
829-4,829,1357,笋干,,true,approved
829-6,829,65,小葱,,true,approved
830-2,830,97,白糖,,true,approved
830-5,830,247,芝麻,熟,true,approved
831-10,831,6,姜,,true,approved
831-7,831,99,虾仁,,true,approved
831-8,831,908,笋,丁,true,approved
831-9,831,33,葱,,true,approved
832-1,832,1363,百香果,,true,approved
832-3,832,54,鸡蛋,,true,approved
832-4,832,47,低筋粉,,true,approved
832-6,832,97,白糖,,true,approved
833-1,833,1047,百合,,true,approved
833-2,833,346,莲子,,true,approved
833-3,833,54,鸡蛋,,true,approved
833-4,833,3,冰糖,,true,approved
834-2,834,188,酵母,,true,approved
834-3,834,123,泡打粉,,true,approved
834-6,834,65,小葱,,true,approved
834-7,834,592,咸蛋黄,,true,approved
834-8,834,147,白芝麻,,true,approved
835-1,835,29,鲈鱼,,true,approved
835-3,835,17,盐,,true,approved
835-4,835,6,姜,,true,approved
835-6,835,65,小葱,,true,approved
835-7,835,92,豆豉,,true,approved
836-2,836,55,面包糠,,true,approved
836-4,836,193,白胡椒粉,,true,approved
837-1,837,1368,多宝鱼,,true,approved
837-4,837,17,盐,,true,approved
837-9,837,239,大葱,,true,approved
838-1,838,99,虾仁,,true,approved
838-3,838,17,盐,,true,approved
838-5,838,6,姜,片,true,approved
838-6,838,33,葱,花,true,approved
838-8,838,365,玉米,粒,true,approved
839-10,839,97,白糖,,true,approved
839-2,839,33,葱,段,true,approved
839-3,839,6,姜,片,true,approved
839-4,839,966,猪肚,熟,true,approved
839-5,839,115,青椒,,true,approved
839-6,839,84,胡萝卜,,true,approved
839-8,839,17,盐,,true,approved
840-10,840,6,姜,,true,approved
840-13,840,17,盐,,true,approved
840-16,840,37,胡椒粉,,true,approved
840-3,840,188,酵母,,true,approved
840-5,840,383,羊肉,,true,approved
840-6,840,84,胡萝卜,,true,approved
840-7,840,12,洋葱,,true,approved
840-9,840,239,大葱,,true,approved
841-15,841,17,盐,,true,approved
841-16,841,97,白糖,,true,approved
841-17,841,49,生菜,,true,approved
841-2,841,1357,笋干,,true,approved
841-3,841,142,八角,,true,approved
841-4,841,141,桂皮,,true,approved
841-5,841,284,香叶,,true,approved
841-6,841,6,姜,干,true,approved
841-9,841,50,蒜,,true,approved
843-4,843,188,酵母,,true,approved
843-5,843,17,盐,,true,approved
844-1,844,12,洋葱,,true,approved
844-11,844,17,盐,,true,approved
844-12,844,37,胡椒粉,,true,approved
844-2,844,11,番茄,,true,approved
844-3,844,365,玉米,熟+粒,true,approved
844-4,844,798,牛肉,,true,approved
844-5,844,50,蒜,,true,approved
844-6,844,1242,奶酪,碎,true,approved
844-7,844,33,葱,花,true,approved
844-9,844,58,面粉,,true,approved
845-11,845,17,盐,,true,approved
845-12,845,633,山楂,干+片,true,approved
845-2,845,11,番茄,,true,approved
845-3,845,74,土豆,,true,approved
845-8,845,97,白糖,,true,approved
846-1,846,348,大米,,true,approved
847-1,847,156,五花肉,,true,approved
847-14,847,194,小米椒,,true,approved
847-15,847,65,小葱,,true,approved
847-2,847,1380,北豆腐,,true,approved
847-4,847,6,姜,,true,approved
848-1,848,120,低筋面粉,,true,approved
848-2,848,54,鸡蛋,,true,approved
848-3,848,133,细砂糖,,true,approved
848-5,848,306,核桃,去壳,true,approved
849-10,849,17,盐,,true,approved
849-2,849,6,姜,末,true,approved
849-3,849,50,蒜,末,true,approved
849-4,849,598,鸡腿肉,,true,approved
850-1,850,1383,猪手,,true,approved
850-2,850,318,鱿鱼,干,true,approved
850-4,850,1386,小香菇,,true,approved
850-8,850,990,鸡饭老抽,,true,approved
851-1,851,1387,牛肉卷,,true,approved
852-1,852,74,土豆,去皮,true,approved
852-2,852,30,辣椒,干,true,approved
852-3,852,33,葱,段,true,approved
852-4,852,283,花椒,,true,approved
852-5,852,17,盐,,true,approved
852-6,852,96,鸡粉,,true,approved
853-11,853,97,白糖,,true,approved
853-2,853,17,盐,,true,approved
853-4,853,1046,秋葵,,true,approved
853-5,853,50,蒜,,true,approved
853-6,853,112,小米辣,,true,approved
854-1,854,465,山药,,true,approved
854-2,854,397,紫薯,,true,approved
854-3,854,97,白糖,,true,approved
855-1,855,227,南瓜,泥,true,approved
855-3,855,188,酵母,,true,approved
856-1,856,1388,鲍鱼肉,,true,approved
856-10,856,270,黑胡椒粉,,true,approved
856-3,856,50,蒜,蓉,true,approved
856-5,856,17,盐,,true,approved
856-8,856,25,烧烤粉,,true,approved
856-9,856,193,白胡椒粉,,true,approved
857-2,857,6,姜,片,true,approved
857-3,857,33,葱,段,true,approved
857-4,857,142,八角,,true,approved
857-5,857,264,鸡翅根,,true,approved
857-9,857,17,盐,,true,approved
858-1,858,86,香干,,true,approved
858-2,858,260,剁辣椒,,true,approved
858-3,858,92,豆豉,,true,approved
858-5,858,97,白糖,,true,approved
858-9,858,17,盐,,true,approved
859-1,859,662,黄豆,干,true,approved
859-2,859,837,燕麦,,true,approved
859-3,859,306,核桃,去壳,true,approved
859-5,859,97,白糖,,true,approved
860-3,860,3,冰糖,,true,approved
860-4,860,164,枸杞,,true,approved
860-5,860,39,红枣,,true,approved
861-1,861,1392,鸡心,,true,approved
861-10,861,97,白糖,,true,approved
861-3,861,17,盐,,true,approved
861-7,861,6,姜,末,true,approved
861-8,861,50,蒜,末,true,approved
861-9,861,33,葱,花,true,approved
862-3,862,224,粉丝,丝,true,approved
862-4,862,1394,茼蒿,,true,approved
862-5,862,33,葱,,true,approved
862-6,862,6,姜,,true,approved
862-7,862,17,盐,,true,approved
863-1,863,120,低筋面粉,,true,approved
863-3,863,797,小苏打,,true,approved
863-4,863,17,盐,,true,approved
863-5,863,123,泡打粉,,true,approved
864-1,864,1071,嫩豆腐,,true,approved
864-5,864,193,白胡椒粉,,true,approved
865-7,865,201,糖,,true,approved
866-3,866,97,白糖,,true,approved
866-4,866,120,低筋面粉,,true,approved
866-5,866,54,鸡蛋,液,true,approved
866-6,866,163,黑芝麻,,true,approved
867-2,867,258,油麦菜,,true,approved
867-3,867,50,蒜,末,true,approved
867-4,867,17,盐,,true,approved
867-6,867,97,白糖,,true,approved
868-1,868,11,番茄,,true,approved
868-3,868,54,鸡蛋,,true,approved
868-5,868,1242,奶酪,,true,approved
869-1,869,1398,鸭舌,新鲜,true,approved
869-2,869,115,青椒,末,true,approved
869-4,869,50,蒜,末,true,approved
869-5,869,26,辣椒粉,,true,approved
869-6,869,17,盐,,true,approved
869-7,869,97,白糖,,true,approved
870-4,870,163,黑芝麻,,true,approved
870-5,870,147,白芝麻,,true,approved
870-6,870,306,核桃,碎,true,approved
870-7,870,277,花生,碎,true,approved
870-8,870,97,白糖,,true,approved
871-1,871,662,黄豆,干,true,approved
871-4,871,97,白糖,,true,approved
872-1,872,54,鸡蛋,,true,approved
873-2,873,17,盐,,true,approved
873-3,873,27,孜然粉,,true,approved
873-4,873,25,烧烤粉,,true,approved
874-1,874,120,低筋面粉,,true,approved
874-2,874,269,玉米淀粉,,true,approved
874-3,874,1406,茯苓粉,,true,approved
874-5,874,54,鸡蛋,,true,approved
874-6,874,97,白糖,,true,approved
875-1,875,120,低筋面粉,,true,approved
875-10,875,54,鸡蛋,液,true,approved
875-3,875,121,糖粉,,true,approved
875-5,875,1407,香草粉,,true,approved
875-7,875,355,可可粉,,true,approved
876-3,876,17,盐,,true,approved
876-4,876,27,孜然粉,,true,approved
876-5,876,25,烧烤粉,,true,approved
877-3,877,74,土豆,,true,approved
877-9,877,33,葱,花,true,approved
879-1,879,74,土豆,,true,approved
879-4,879,65,小葱,,true,approved
880-1,880,227,南瓜,泥,true,approved
880-2,880,54,鸡蛋,,true,approved
880-3,880,58,面粉,,true,approved
880-5,880,379,肉桂粉,,true,approved
881-1,881,81,猪肉,末,true,approved
881-11,881,6,姜,蓉,true,approved
881-3,881,239,大葱,,true,approved
881-4,881,201,糖,,true,approved
881-5,881,17,盐,,true,approved
881-8,881,561,红曲粉,,true,approved
882-1,882,267,培根,,true,approved
882-2,882,74,土豆,,true,approved
884-5,884,1321,青柠檬,,true,approved
884-6,884,6,姜,,true,approved
884-7,884,50,蒜,,true,approved
884-8,884,33,葱,,true,approved
884-9,884,194,小米椒,,true,approved
885-5,885,355,可可粉,,true,approved
885-6,885,561,红曲粉,,true,approved
885-7,885,188,酵母,,true,approved
886-10,886,48,淀粉,,true,approved
886-2,886,135,肉末,末,true,approved
886-3,886,6,姜,,true,approved
886-4,886,239,大葱,,true,approved
886-5,886,65,小葱,,true,approved
886-9,886,17,盐,,true,approved
887-10,887,17,盐,,true,approved
887-3,887,1415,泡菜,,true,approved
887-5,887,1416,红甜椒粉,,true,approved
887-8,887,6,姜,片,true,approved
888-1,888,383,羊肉,,true,approved
888-3,888,6,姜,末,true,approved
888-4,888,50,蒜,片,true,approved
889-2,889,156,五花肉,,true,approved
889-3,889,6,姜,片,true,approved
889-4,889,50,蒜,片,true,approved
889-9,889,283,花椒,,true,approved
890-12,890,58,面粉,,true,approved
891-1,891,465,山药,,true,approved
891-2,891,1426,奥利奥饼干,,true,approved
892-10,892,6,姜,片,true,approved
892-2,892,54,鸡蛋,,true,approved
892-3,892,17,盐,,true,approved
892-4,892,142,八角,,true,approved
892-6,892,283,花椒,,true,approved
892-7,892,284,香叶,,true,approved
892-8,892,3,冰糖,,true,approved
892-9,892,30,辣椒,干,true,approved
893-11,893,97,白糖,,true,approved
893-14,893,33,葱,,true,approved
893-15,893,6,姜,,true,approved
893-16,893,37,胡椒粉,,true,approved
893-2,893,421,澄面,,true,approved
893-3,893,269,玉米淀粉,,true,approved
893-4,893,850,水发黑木耳,,true,approved
893-8,893,223,豆腐干,,true,approved
894-1,894,485,生蚝,,true,approved
894-2,894,33,葱,花,true,approved
894-3,894,17,盐,,true,approved
894-4,894,96,鸡粉,,true,approved
894-5,894,193,白胡椒粉,,true,approved
894-7,894,50,蒜,蓉,true,approved
896-3,896,65,小葱,,true,approved
897-1,897,135,肉末,末,true,approved
897-2,897,6,姜,末,true,approved
897-3,897,33,葱,花,true,approved
897-4,897,17,盐,,true,approved
897-8,897,188,酵母,,true,approved
898-10,898,37,胡椒粉,,true,approved
898-11,898,17,盐,,true,approved
898-3,898,54,鸡蛋,,true,approved
898-5,898,6,姜,,true,approved
898-9,898,48,淀粉,,true,approved
899-1,899,1429,开心果,,true,approved
899-3,899,418,葡萄干,,true,approved
900-3,900,365,玉米,,true,approved
900-4,900,65,小葱,,true,approved
900-5,900,6,姜,,true,approved
900-6,900,164,枸杞,,true,approved
900-8,900,17,盐,,true,approved
901-2,901,281,火腿,,true,approved
901-3,901,85,香菇,,true,approved
901-6,901,125,鸡精,,true,approved
901-7,901,17,盐,,true,approved
901-8,901,37,胡椒粉,,true,approved
902-2,902,50,蒜,末,true,approved
902-3,902,6,姜,末,true,approved
902-4,902,1431,小鱼干,,true,approved
902-7,902,1432,韩式辣椒粉,,true,approved
902-8,902,147,白芝麻,熟,true,approved
903-7,903,17,盐,,true,approved
904-1,904,58,面粉,,true,approved
904-2,904,123,泡打粉,,true,approved
904-3,904,1115,玉米粉,,true,approved
904-4,904,97,白糖,,true,approved
904-7,904,306,核桃,熟+碎,true,approved
905-3,905,1251,大米粉,,true,approved
905-4,905,170,糯米粉,,true,approved
905-6,905,592,咸蛋黄,,true,approved
906-13,906,61,粉条,条,true,approved
906-15,906,17,盐,,true,approved
906-2,906,6,姜,片,true,approved
906-4,906,142,八角,,true,approved
906-5,906,141,桂皮,,true,approved
906-6,906,284,香叶,,true,approved
907-2,907,568,榨菜,,true,approved
907-3,907,48,淀粉,,true,approved
907-5,907,33,葱,花,true,approved
907-7,907,17,盐,,true,approved
907-8,907,193,白胡椒粉,,true,approved
908-3,908,1446,空心菜,,true,approved
908-4,908,50,蒜,末,true,approved
908-5,908,33,葱,花,true,approved
908-6,908,194,小米椒,,true,approved
908-7,908,17,盐,,true,approved
909-1,909,1116,手抓饼,,true,approved
909-2,909,244,火腿肠,,true,approved
909-3,909,1242,奶酪,片,true,approved
909-5,909,317,蛋黄,,true,approved
909-6,909,163,黑芝麻,,true,approved
910-1,910,277,花生,,true,approved
910-2,910,346,莲子,,true,approved
910-3,910,104,红豆,,true,approved
910-4,910,726,桂圆肉,干,true,approved
910-5,910,728,白糯米,,true,approved
910-6,910,350,黑糯米,,true,approved
910-7,910,348,大米,,true,approved
910-9,910,97,白糖,,true,approved
911-2,911,239,大葱,,true,approved
911-4,911,6,姜,,true,approved
911-6,911,48,淀粉,,true,approved
911-7,911,42,蛋清,,true,approved
912-1,912,635,鲍鱼,,true,approved
912-10,912,17,盐,,true,approved
912-2,912,6,姜,片,true,approved
912-4,912,283,花椒,,true,approved
912-5,912,142,八角,,true,approved
912-7,912,3,冰糖,,true,approved
913-1,913,220,饺子皮,,true,approved
913-2,913,115,青椒,,true,approved
913-3,913,281,火腿,,true,approved
913-4,913,54,鸡蛋,,true,approved
913-5,913,50,蒜,末,true,approved
913-6,913,147,白芝麻,,true,approved
913-9,913,1448,辣椒面,,true,approved
914-1,914,1449,黄鱼,,true,approved
914-10,914,65,小葱,,true,approved
914-11,914,48,淀粉,,true,approved
914-5,914,50,蒜,,true,approved
914-6,914,201,糖,,true,approved
914-9,914,71,香菜,,true,approved
915-1,915,1259,螃蟹,,true,approved
915-2,915,1242,奶酪,,true,approved
915-3,915,12,洋葱,碎,true,approved
915-4,915,19,黑胡椒,,true,approved
915-5,915,50,蒜,末,true,approved
916-1,916,358,蛤蜊,,true,approved
916-13,916,33,葱,花,true,approved
916-2,916,33,葱,段,true,approved
916-3,916,6,姜,丝,true,approved
916-6,916,50,蒜,片,true,approved
916-7,916,283,花椒,,true,approved
916-8,916,30,辣椒,干,true,approved
916-9,916,142,八角,,true,approved
917-1,917,795,孜然,粒,true,approved
917-2,917,17,盐,,true,approved
917-3,917,257,五香粉,,true,approved
917-4,917,26,辣椒粉,,true,approved
917-6,917,247,芝麻,,true,approved
917-7,917,798,牛肉,,true,approved
918-2,918,1454,生山楂干,,true,approved
918-3,918,1455,乌枣,,true,approved
918-8,918,3,冰糖,,true,approved
919-1,919,10,茄子,,true,approved
919-4,919,50,蒜,,true,approved
919-5,919,194,小米椒,,true,approved
919-6,919,17,盐,,true,approved
919-7,919,201,糖,,true,approved
921-1,921,1459,猪脊骨,,true,approved
921-3,921,6,姜,片,true,approved
921-5,921,365,玉米,,true,approved
921-7,921,164,枸杞,,true,approved
921-8,921,17,盐,,true,approved
922-1,922,447,糯米,,true,approved
922-2,922,81,猪肉,,true,approved
922-3,922,85,香菇,干,true,approved
922-5,922,17,盐,,true,approved
922-7,922,65,小葱,,true,approved
923-10,923,97,白糖,,true,approved
923-13,923,48,淀粉,,true,approved
923-2,923,216,冬笋,,true,approved
923-3,923,85,香菇,干,true,approved
923-4,923,84,胡萝卜,,true,approved
923-5,923,6,姜,,true,approved
923-6,923,239,大葱,,true,approved
923-9,923,17,盐,,true,approved
924-1,924,54,鸡蛋,,true,approved
924-3,924,3,冰糖,,true,approved
925-1,925,744,腐竹,干,true,approved
925-2,925,60,木耳,干,true,approved
925-3,925,221,娃娃菜,,true,approved
925-4,925,48,淀粉,,true,approved
925-8,925,17,盐,,true,approved
925-9,925,97,白糖,,true,approved
926-1,926,91,排骨,,true,approved
926-2,926,6,姜,片,true,approved
926-3,926,50,蒜,末,true,approved
926-5,926,17,盐,,true,approved
926-6,926,96,鸡粉,,true,approved
926-8,926,48,淀粉,,true,approved
927-1,927,58,面粉,,true,approved
927-2,927,203,酵母粉,,true,approved
927-3,927,202,白菜,,true,approved
927-4,927,85,香菇,,true,approved
927-5,927,33,葱,花,true,approved
927-6,927,6,姜,末,true,approved
927-7,927,17,盐,,true,approved
927-8,927,96,鸡粉,,true,approved
927-9,927,257,五香粉,,true,approved
928-2,928,613,中筋粉,,true,approved
928-6,928,317,蛋黄,,true,approved
929-1,929,261,鸡胸肉,,true,approved
929-2,929,50,蒜,泥,true,approved
929-3,929,54,鸡蛋,,true,approved
929-4,929,837,燕麦,,true,approved
929-7,929,17,盐,,true,approved
929-8,929,48,淀粉,,true,approved
930-2,930,315,苹果,,true,approved
930-3,930,50,蒜,,true,approved
930-4,930,12,洋葱,,true,approved
930-8,930,270,黑胡椒粉,,true,approved
930-9,930,17,盐,,true,approved
931-1,931,814,鸡翅,,true,approved
931-10,931,17,盐,,true,approved
931-4,931,6,姜,末,true,approved
931-5,931,33,葱,末,true,approved
931-9,931,257,五香粉,,true,approved
932-1,932,58,面粉,,true,approved
932-2,932,397,紫薯,熟+片,true,approved
932-3,932,227,南瓜,熟+块,true,approved
932-5,932,203,酵母粉,,true,approved
933-1,933,58,面粉,,true,approved
933-10,933,257,五香粉,,true,approved
933-2,933,59,韭菜,,true,approved
933-4,933,203,酵母粉,,true,approved
933-6,933,17,盐,,true,approved
933-7,933,96,鸡粉,,true,approved
935-2,935,54,鸡蛋,,true,approved
935-3,935,17,盐,,true,approved
935-6,935,65,小葱,,true,approved
936-1,936,104,红豆,,true,approved
936-2,936,1473,红皮花生,,true,approved
937-1,937,243,中筋面粉,,true,approved
937-2,937,133,细砂糖,,true,approved
937-3,937,54,鸡蛋,液,true,approved
937-6,937,120,低筋面粉,,true,approved
937-9,937,147,白芝麻,,true,approved
938-1,938,315,苹果,,true,approved
939-10,939,33,葱,,true,approved
939-11,939,6,姜,,true,approved
939-13,939,17,盐,,true,approved
940-3,940,133,细砂糖,,true,approved
942-2,942,121,糖粉,,true,approved
942-3,942,17,盐,,true,approved
942-4,942,1483,香草豆荚粉,,true,approved
942-5,942,207,鸡蛋清,,true,approved
942-6,942,120,低筋面粉,,true,approved
943-1,943,91,排骨,,true,approved
943-10,943,815,木薯淀粉,,true,approved
943-2,943,467,铁棍山药,,true,approved
943-3,943,112,小米辣,,true,approved
943-4,943,33,葱,碎,true,approved
943-5,943,17,盐,,true,approved
943-6,943,201,糖,,true,approved
943-9,943,50,蒜,,true,approved
944-10,944,50,蒜,,true,approved
944-13,944,17,盐,,true,approved
944-3,944,6,姜,片,true,approved
944-7,944,239,大葱,,true,approved
945-10,945,17,盐,,true,approved
945-12,945,239,大葱,段,true,approved
945-13,945,6,姜,片,true,approved
945-15,945,1487,良姜,,true,approved
945-16,945,193,白胡椒粉,,true,approved
945-6,945,141,桂皮,,true,approved
945-8,945,764,草果,,true,approved
945-9,945,283,花椒,,true,approved
947-10,947,92,豆豉,,true,approved
947-13,947,17,盐,,true,approved
947-2,947,239,大葱,,true,approved
947-3,947,6,姜,,true,approved
947-8,947,50,蒜,,true,approved
948-1,948,170,糯米粉,,true,approved
948-2,948,48,淀粉,,true,approved
949-1,949,232,丝瓜,,true,approved
949-3,949,6,姜,片,true,approved
949-6,949,17,盐,,true,approved
949-7,949,33,葱,花,true,approved
950-2,950,267,培根,,true,approved
950-3,950,658,口蘑,,true,approved
950-5,950,1490,意面,,true,approved
950-6,950,17,盐,,true,approved
950-7,950,19,黑胡椒,碎,true,approved
951-1,951,90,黄瓜,,true,approved
951-2,951,135,肉末,末,true,approved
951-8,951,142,八角,,true,approved
951-9,951,283,花椒,,true,approved
952-1,952,6,姜,块,true,approved
952-10,952,79,米饭,熟,true,approved
952-2,952,146,蒜瓣,,true,approved
952-3,952,135,肉末,末,true,approved
952-8,952,10,茄子,,true,approved
952-9,952,97,白糖,,true,approved
953-2,953,1492,番薯淀粉,,true,approved
953-3,953,887,猪肥肉,,true,approved
953-5,953,97,白糖,,true,approved
953-6,953,6,姜,末,true,approved
953-7,953,42,蛋清,,true,approved
953-8,953,17,盐,,true,approved
954-10,954,3,冰糖,,true,approved
954-11,954,194,小米椒,,true,approved
954-12,954,142,八角,,true,approved
954-13,954,284,香叶,,true,approved
954-14,954,283,花椒,粒,true,approved
954-15,954,17,盐,,true,approved
954-8,954,50,蒜,,true,approved
955-3,955,6,姜,,true,approved
955-4,955,33,葱,,true,approved
955-5,955,50,蒜,,true,approved
955-8,955,17,盐,,true,approved
955-9,955,48,淀粉,,true,approved
957-1,957,156,五花肉,,true,approved
957-2,957,50,蒜,,true,approved
957-3,957,6,姜,,true,approved
958-1,958,249,高筋面粉,,true,approved
958-13,958,1242,奶酪,碎,true,approved
958-2,958,188,酵母,,true,approved
958-5,958,17,盐,,true,approved
958-6,958,97,白糖,,true,approved
958-7,958,54,鸡蛋,,true,approved
958-8,958,562,黄桃,,true,approved
958-9,958,267,培根,片,true,approved
959-1,959,267,培根,,true,approved
959-2,959,382,芦笋,,true,approved
959-3,959,231,对虾,新鲜,true,approved
959-7,959,19,黑胡椒,,true,approved
960-1,960,783,奶油奶酪,,true,approved
960-5,960,120,低筋面粉,,true,approved
960-6,960,269,玉米淀粉,,true,approved
960-7,960,133,细砂糖,,true,approved
962-10,962,37,胡椒粉,,true,approved
962-2,962,650,苦瓜,,true,approved
962-3,962,92,豆豉,,true,approved
962-5,962,50,蒜,末,true,approved
962-6,962,6,姜,片,true,approved
962-7,962,97,白糖,,true,approved
962-8,962,48,淀粉,,true,approved
962-9,962,17,盐,,true,approved
963-10,963,19,黑胡椒,碎,true,approved
963-2,963,12,洋葱,,true,approved
963-3,963,50,蒜,末,true,approved
963-5,963,478,海盐,,true,approved
963-7,963,363,鲜虾,,true,approved
963-9,963,1502,意大利面,熟,true,approved
964-1,964,91,排骨,段,true,approved
964-3,964,514,蒸肉米粉,,true,approved
964-5,964,6,姜,片,true,approved
964-6,964,33,葱,段,true,approved
964-7,964,17,盐,,true,approved
965-1,965,317,蛋黄,,true,approved
965-10,965,351,蛋挞皮,,true,approved
965-4,965,121,糖粉,,true,approved
966-1,966,248,梭子蟹,,true,approved
966-2,966,281,火腿,,true,approved
966-3,966,6,姜,,true,approved
966-4,966,33,葱,,true,approved
967-1,967,206,牛里脊肉,,true,approved
967-10,967,96,鸡粉,,true,approved
967-12,967,270,黑胡椒粉,,true,approved
967-2,967,382,芦笋,,true,approved
967-3,967,50,蒜,粒,true,approved
967-4,967,12,洋葱,,true,approved
967-5,967,6,姜,,true,approved
967-6,967,194,小米椒,,true,approved
967-7,967,17,盐,,true,approved
968-1,968,99,虾仁,,true,approved
968-3,968,48,淀粉,,true,approved
968-6,968,365,玉米,粒,true,approved
968-7,968,84,胡萝卜,丁,true,approved
968-8,968,17,盐,,true,approved
969-10,969,283,花椒,,true,approved
969-12,969,30,辣椒,干,true,approved
969-13,969,17,盐,,true,approved
969-14,969,147,白芝麻,熟,true,approved
969-15,969,1509,花椒面,,true,approved
969-16,969,97,白糖,,true,approved
969-3,969,142,八角,,true,approved
969-4,969,141,桂皮,,true,approved
969-7,969,764,草果,,true,approved
969-9,969,284,香叶,,true,approved
970-1,970,135,肉末,末,true,approved
970-2,970,972,藕,,true,approved
970-3,970,84,胡萝卜,,true,approved
970-4,970,85,香菇,,true,approved
970-5,970,266,鹌鹑蛋,,true,approved
970-6,970,17,盐,,true,approved
970-7,970,33,葱,末,true,approved
970-9,970,48,淀粉,,true,approved
972-1,972,781,里脊肉,,true,approved
972-10,972,270,黑胡椒粉,,true,approved
972-11,972,54,鸡蛋,液,true,approved
972-13,972,147,白芝麻,,true,approved
972-6,972,48,淀粉,,true,approved
972-7,972,125,鸡精,,true,approved
972-9,972,17,盐,,true,approved
973-1,973,678,蛋白,,true,approved
973-2,973,174,杏仁粉,,true,approved
973-3,973,121,糖粉,,true,approved
973-5,973,133,细砂糖,,true,approved
974-1,974,50,蒜,,true,approved
974-10,974,48,淀粉,,true,approved
974-11,974,188,酵母,,true,approved
974-12,974,249,高筋面粉,,true,approved
974-13,974,133,细砂糖,,true,approved
974-14,974,17,盐,,true,approved
974-2,974,6,姜,片,true,approved
974-3,974,156,五花肉,,true,approved
975-7,975,65,小葱,,true,approved
976-1,976,1512,鸡全翅,,true,approved
980-2,980,33,葱,,true,approved
980-3,980,50,蒜,,true,approved
980-7,980,97,白糖,,true,approved
980-8,980,17,盐,,true,approved
980-9,980,96,鸡粉,,true,approved
981-1,981,695,全麦面粉,,true,approved
981-2,981,397,紫薯,,true,approved
981-3,981,54,鸡蛋,,true,approved
981-4,981,203,酵母粉,,true,approved
981-6,981,424,抹茶粉,,true,approved
982-2,982,133,细砂糖,,true,approved
984-1,984,1519,黑豆,熟,true,approved
984-3,984,163,黑芝麻,熟,true,approved
984-4,984,147,白芝麻,熟,true,approved
984-5,984,1522,低聚果糖,,true,approved
985-2,985,97,白糖,,true,approved
986-10,986,17,盐,,true,approved
986-2,986,283,花椒,,true,approved
986-3,986,65,小葱,,true,approved
986-4,986,6,姜,,true,approved
986-5,986,30,辣椒,干,true,approved
986-6,986,50,蒜,,true,approved
986-7,986,231,对虾,,true,approved
987-1,987,661,猪蹄,,true,approved
987-2,987,662,黄豆,,true,approved
987-3,987,6,姜,,true,approved
987-6,987,17,盐,,true,approved
988-1,988,221,娃娃菜,,true,approved
988-3,988,50,蒜,末,true,approved
988-5,988,33,葱,花,true,approved
988-6,988,17,盐,,true,approved
988-7,988,96,鸡粉,,true,approved
990-1,990,152,鳕鱼,块,true,approved
990-2,990,287,柠檬,片,true,approved
991-1,991,227,南瓜,,true,approved
991-3,991,97,白糖,,true,approved
991-4,991,170,糯米粉,,true,approved
992-11,992,17,盐,,true,approved
992-2,992,382,芦笋,,true,approved
992-3,992,508,莲藕,,true,approved
992-4,992,90,黄瓜,,true,approved
992-5,992,12,洋葱,,true,approved
992-7,992,30,辣椒,干,true,approved
992-9,992,92,豆豉,,true,approved
994-2,994,50,蒜,末,true,approved
994-3,994,6,姜,末,true,approved
994-5,994,74,土豆,,true,approved
994-9,994,78,咖喱粉,,true,approved
995-11,995,33,葱,花,true,approved
995-2,995,65,小葱,段,true,approved
995-4,995,85,香菇,干,true,approved
995-5,995,499,虾皮,,true,approved
995-8,995,17,盐,,true,approved
995-9,995,1199,米粉,,true,approved
996-1,996,156,五花肉,,true,approved
996-10,996,142,八角,,true,approved
996-11,996,561,红曲粉,,true,approved
996-3,996,6,姜,片,true,approved
996-7,996,17,盐,,true,approved
996-8,996,3,冰糖,,true,approved
997-1,997,702,草鱼,,true,approved
997-2,997,33,葱,,true,approved
997-3,997,6,姜,,true,approved
997-4,997,17,盐,,true,approved
998-1,998,120,低筋面粉,,true,approved
998-4,998,133,细砂糖,,true,approved
998-5,998,17,盐,,true,approved
998-6,998,54,鸡蛋,,true,approved
998-8,998,121,糖粉,,true,approved
999-2,999,669,奶粉,,true,approved
999-3,999,188,酵母,,true,approved
999-4,999,133,细砂糖,,true,approved
999-5,999,17,盐,,true,approved
999-8,999,54,鸡蛋,液,true,approved
1000-1,1000,671,草莓,,true,approved
1000-3,1000,121,糖粉,,true,approved
1000-4,1000,170,糯米粉,,true,approved
1000-5,1000,269,玉米淀粉,,true,approved
1000-7,1000,170,糯米粉,熟,true,approved
1001-1,1001,84,胡萝卜,,true,approved
1001-2,1001,54,鸡蛋,,true,approved
1001-4,1001,65,小葱,,true,approved
1002-1,1002,121,糖粉,,true,approved
1002-10,1002,671,草莓,,true,approved
1002-11,1002,174,杏仁粉,,true,approved
1002-2,1002,120,低筋面粉,,true,approved
1002-8,1002,54,鸡蛋,,true,approved
1002-9,1002,317,蛋黄,,true,approved
1003-2,1003,672,腊肉,,true,approved
1003-6,1003,17,盐,,true,approved
1003-9,1003,50,蒜,,true,approved
1004-10,1004,156,五花肉,,true,approved
1004-2,1004,6,姜,,true,approved
1004-3,1004,17,盐,,true,approved
1004-6,1004,50,蒜,,true,approved
1004-8,1004,85,香菇,,true,approved
1004-9,1004,608,杏鲍菇,,true,approved
1005-10,1005,142,八角,,true,approved
1005-11,1005,284,香叶,,true,approved
1005-13,1005,33,葱,花,true,approved
1005-2,1005,91,排骨,,true,approved
1005-5,1005,3,冰糖,,true,approved
1005-6,1005,6,姜,片,true,approved
1005-9,1005,17,盐,,true,approved
1006-1,1006,1533,贝贝南瓜,,true,approved
1006-2,1006,39,红枣,,true,approved
1006-3,1006,1047,百合,,true,approved
1007-1,1007,465,山药,去皮+块,true,approved
1007-4,1007,1306,黄豆粉,熟,true,approved
1008-1,1008,598,鸡腿肉,,true,approved
1008-10,1008,50,蒜,,true,approved
1008-11,1008,12,洋葱,片,true,approved
1008-12,1008,3,冰糖,碎,true,approved
1008-16,1008,33,葱,花,true,approved
1008-6,1008,85,香菇,干,true,approved
1008-9,1008,6,姜,片,true,approved
1009-2,1009,245,豆腐,,true,approved
1009-3,1009,81,猪肉,,true,approved
1009-5,1009,33,葱,花,true,approved
1009-8,1009,17,盐,,true,approved
1009-9,1009,96,鸡粉,,true,approved
1010-1,1010,496,芒果,,true,approved
1010-4,1010,669,奶粉,,true,approved
1010-5,1010,121,糖粉,,true,approved
1011-2,1011,6,姜,片,true,approved
1011-3,1011,1125,鸭,,true,approved
1011-5,1011,97,白糖,,true,approved
1011-8,1011,71,香菜,,true,approved
1012-1,1012,120,低筋面粉,,true,approved
1012-2,1012,243,中筋面粉,,true,approved
1012-4,1012,123,泡打粉,,true,approved
1012-5,1012,97,白糖,,true,approved
1013-10,1013,48,淀粉,,true,approved
1013-3,1013,1539,鲜鸡蛋黄,,true,approved
1013-4,1013,17,盐,,true,approved
1013-9,1013,1416,红甜椒粉,,true,approved
1014-1,1014,74,土豆,,true,approved
1014-3,1014,17,盐,,true,approved
1014-5,1014,84,胡萝卜,,true,approved
1014-7,1014,48,淀粉,,true,approved
1015-3,1015,17,盐,,true,approved
1015-5,1015,50,蒜,末,true,approved
1015-8,1015,97,白糖,,true,approved
1016-2,1016,6,姜,片,true,approved
1016-3,1016,33,葱,段,true,approved
1016-4,1016,6,姜,丝,true,approved
1016-6,1016,33,葱,丝,true,approved
1016-7,1016,17,盐,,true,approved
1016-8,1016,37,胡椒粉,,true,approved
1017-2,1017,50,蒜,末,true,approved
1017-3,1017,260,剁辣椒,,true,approved
1017-4,1017,194,小米椒,,true,approved
1017-5,1017,283,花椒,,true,approved
1017-6,1017,91,排骨,,true,approved
1017-8,1017,17,盐,,true,approved
1017-9,1017,74,土豆,,true,approved
1018-2,1018,84,胡萝卜,,true,approved
1018-3,1018,1046,秋葵,,true,approved
1018-4,1018,33,葱,,true,approved
1018-5,1018,17,盐,,true,approved
1018-6,1018,37,胡椒粉,,true,approved
1018-7,1018,48,淀粉,,true,approved
1019-1,1019,227,南瓜,,true,approved
1019-3,1019,170,糯米粉,,true,approved
1019-4,1019,274,粘米粉,,true,approved
1019-5,1019,133,细砂糖,,true,approved
1019-6,1019,1543,红豆沙馅,,true,approved
1020-13,1020,27,孜然粉,,true,approved
1020-14,1020,30,辣椒,,true,approved
1021-1,1021,661,猪蹄,,true,approved
1021-10,1021,97,白糖,,true,approved
1021-12,1021,50,蒜,,true,approved
1021-13,1021,194,小米椒,,true,approved
1021-14,1021,71,香菜,碎,true,approved
1021-15,1021,33,葱,花,true,approved
1021-18,1021,147,白芝麻,,true,approved
1021-2,1021,6,姜,片,true,approved
1021-5,1021,239,大葱,段,true,approved
1021-6,1021,284,香叶,,true,approved
1021-7,1021,141,桂皮,,true,approved
1021-8,1021,283,花椒,,true,approved
1021-9,1021,142,八角,,true,approved
1024-2,1024,74,土豆,,true,approved
1024-3,1024,17,盐,,true,approved
1024-5,1024,58,面粉,,true,approved
1024-6,1024,1549,椒盐,,true,approved
1025-1,1025,515,猪肋排,,true,approved
1025-10,1025,17,盐,,true,approved
1025-11,1025,147,白芝麻,,true,approved
1025-2,1025,6,姜,片,true,approved
1025-3,1025,239,大葱,,true,approved
1025-6,1025,3,冰糖,,true,approved
1025-7,1025,561,红曲粉,,true,approved
1026-10,1026,65,小葱,,true,approved
1026-2,1026,97,白糖,,true,approved
1026-3,1026,270,黑胡椒粉,,true,approved
1026-5,1026,17,盐,,true,approved
1026-8,1026,6,姜,片,true,approved
1027-3,1027,281,火腿,片,true,approved
1027-4,1027,233,贝,干,true,approved
1027-8,1027,17,盐,,true,approved
1027-9,1027,1355,味粉,,true,approved
1028-10,1028,37,胡椒粉,,true,approved
1028-2,1028,11,番茄,,true,approved
1028-3,1028,12,洋葱,,true,approved
1028-4,1028,115,青椒,,true,approved
1028-5,1028,50,蒜,,true,approved
1028-6,1028,17,盐,,true,approved
1028-7,1028,201,糖,,true,approved
1028-8,1028,252,芝士粉,,true,approved
1029-10,1029,201,糖,,true,approved
1029-11,1029,50,蒜,蓉,true,approved
1029-4,1029,37,胡椒粉,,true,approved
1029-5,1029,257,五香粉,,true,approved
1029-7,1029,1555,青红辣椒,,true,approved
1030-2,1030,120,低筋面粉,,true,approved
1030-3,1030,54,鸡蛋,,true,approved
1030-4,1030,121,糖粉,,true,approved
1030-6,1030,123,泡打粉,,true,approved
1030-7,1030,1556,香橙皮丝,丝,true,approved
1031-1,1031,509,玉米面,,true,approved
1031-2,1031,40,红糖,,true,approved
1032-1,1032,344,绿豆,,true,approved
1032-4,1032,97,白糖,,true,approved
1033-3,1033,39,红枣,,true,approved
1033-4,1033,164,枸杞,干,true,approved
1033-5,1033,1561,养心菜,,true,approved
1033-6,1033,17,盐,,true,approved
1034-1,1034,1562,红豆粉,,true,approved
1034-2,1034,1563,薏仁粉,,true,approved
1034-3,1034,170,糯米粉,,true,approved
1034-4,1034,40,红糖,,true,approved
1034-8,1034,530,蔓越莓干,,true,approved
1034-9,1034,39,红枣,去核,true,approved
1035-1,1035,1565,猪棒骨,,true,approved
1035-10,1035,30,辣椒,干,true,approved
1035-11,1035,283,花椒,,true,approved
1035-12,1035,65,小葱,,true,approved
1035-13,1035,97,白糖,,true,approved
1035-15,1035,17,盐,,true,approved
1035-2,1035,6,姜,片,true,approved
1035-6,1035,284,香叶,,true,approved
1035-7,1035,1566,山楂干,,true,approved
1035-8,1035,142,八角,,true,approved
1035-9,1035,141,桂皮,,true,approved
1036-11,1036,193,白胡椒粉,,true,approved
1036-12,1036,33,葱,花,true,approved
1036-4,1036,239,大葱,段,true,approved
1036-5,1036,6,姜,片,true,approved
1036-6,1036,284,香叶,,true,approved
1036-9,1036,17,盐,,true,approved
1037-2,1037,9,西葫芦,,true,approved
1037-3,1037,50,蒜,末,true,approved
1037-4,1037,17,盐,,true,approved
1037-5,1037,33,葱,花,true,approved
1038-1,1038,348,大米,,true,approved
1038-5,1038,893,香肠,,true,approved
1038-6,1038,1568,小青菜,,true,approved
1039-2,1039,54,鸡蛋,,true,approved
1039-5,1039,97,白糖,,true,approved
1040-3,1040,17,盐,,true,approved
1040-5,1040,505,粗盐,,true,approved
1042-2,1042,17,盐,,true,approved
1042-5,1042,48,淀粉,,true,approved
1042-8,1042,85,香菇,干,true,approved
1042-9,1042,6,姜,丝,true,approved
1044-10,1044,12,洋葱,,true,approved
1044-11,1044,6,姜,末,true,approved
1044-12,1044,50,蒜,蓉,true,approved
1044-13,1044,27,孜然粉,,true,approved
1044-14,1044,54,鸡蛋,,true,approved
1044-3,1044,188,酵母,干,true,approved
1044-4,1044,17,盐,,true,approved
1044-5,1044,201,糖,,true,approved
1044-7,1044,125,鸡精,,true,approved
1044-9,1044,383,羊肉,,true,approved
1045-1,1045,192,巴沙鱼,,true,approved
1045-5,1045,6,姜,,true,approved
1045-6,1045,17,盐,,true,approved
1046-3,1046,6,姜,,true,approved
1046-4,1046,33,葱,,true,approved
1046-7,1046,17,盐,,true,approved
1047-1,1047,3,冰糖,,true,approved
1047-2,1047,1005,梨,,true,approved
1048-1,1048,133,细砂糖,,true,approved
1048-10,1048,54,鸡蛋,,true,approved
1048-2,1048,120,低筋面粉,,true,approved
1048-5,1048,315,苹果,,true,approved
1048-9,1048,174,杏仁粉,,true,approved
1049-1,1049,99,虾仁,,true,approved
1049-10,1049,1572,湿淀粉,,true,approved
1049-4,1049,115,青椒,,true,approved
1049-6,1049,33,葱,,true,approved
1049-7,1049,17,盐,,true,approved
1050-1,1050,290,小米,,true,approved
1050-2,1050,509,玉米面,,true,approved
1050-3,1050,669,奶粉,,true,approved
1050-5,1050,188,酵母,,true,approved
1050-6,1050,97,白糖,,true,approved
1050-7,1050,39,红枣,,true,approved
1050-8,1050,164,枸杞,,true,approved
1051-2,1051,156,五花肉,片,true,approved
1052-1,1052,12,洋葱,碎,true,approved
1052-10,1052,257,五香粉,,true,approved
1052-3,1052,50,蒜,末,true,approved
1052-4,1052,156,五花肉,丁,true,approved
1052-8,1052,97,白糖,,true,approved
1052-9,1052,193,白胡椒粉,,true,approved
1055-3,1055,1579,小米粥,,true,approved
1055-5,1055,188,酵母,,true,approved
1055-6,1055,201,糖,,true,approved
1056-10,1056,39,红枣,,true,approved
1056-11,1056,164,枸杞,,true,approved
1056-12,1056,105,薏米,,true,approved
1056-3,1056,645,蜜枣,,true,approved
1056-4,1056,716,桂圆,,true,approved
1057-1,1057,261,鸡胸肉,,true,approved
1057-3,1057,270,黑胡椒粉,,true,approved
1057-9,1057,17,盐,,true,approved
1059-1,1059,120,低筋面粉,,true,approved
1059-3,1059,121,糖粉,,true,approved
1059-4,1059,317,蛋黄,,true,approved
1059-5,1059,1585,柠檬皮碎,碎,true,approved
1060-12,1060,30,辣椒,干,true,approved
1060-13,1060,17,盐,,true,approved
1060-16,1060,74,土豆,丝,true,approved
1060-3,1060,146,蒜瓣,,true,approved
1061-1,1061,397,紫薯,,true,approved
1061-2,1061,465,山药,,true,approved
1061-4,1061,97,白糖,,true,approved
1062-2,1062,146,蒜瓣,,true,approved
1062-5,1062,17,盐,,true,approved
1062-6,1062,270,黑胡椒粉,,true,approved
1063-1,1063,351,蛋挞皮,,true,approved
1063-2,1063,244,火腿肠,,true,approved
1063-3,1063,1589,杂菜,,true,approved
1064-1,1064,678,蛋白,,true,approved
1064-2,1064,243,中筋面粉,,true,approved
1064-4,1064,121,糖粉,,true,approved
1065-11,1065,33,葱,花,true,approved
1065-4,1065,17,盐,,true,approved
1065-5,1065,97,白糖,,true,approved
1065-6,1065,96,鸡粉,,true,approved
1065-9,1065,862,淮山药,,true,approved
1066-1,1066,1034,大虾,,true,approved
1066-10,1066,17,盐,,true,approved
1066-2,1066,224,粉丝,丝,true,approved
1066-3,1066,194,小米椒,,true,approved
1066-4,1066,594,香葱,,true,approved
1066-5,1066,50,蒜,,true,approved
1066-9,1066,201,糖,,true,approved
1068-1,1068,156,五花肉,,true,approved
1068-4,1068,17,盐,,true,approved
1068-5,1068,96,鸡粉,,true,approved
1068-6,1068,19,黑胡椒,碎,true,approved
1069-1,1069,58,面粉,,true,approved
1069-2,1069,669,奶粉,,true,approved
1069-3,1069,188,酵母,,true,approved
1069-4,1069,123,泡打粉,,true,approved
1069-5,1069,97,白糖,,true,approved
1069-6,1069,33,葱,花,true,approved
1070-1,1070,113,小龙虾,,true,approved
1070-10,1070,50,蒜,末,true,approved
1070-15,1070,17,盐,,true,approved
1070-16,1070,97,白糖,,true,approved
1070-19,1070,71,香菜,,true,approved
1070-3,1070,33,葱,段,true,approved
1070-4,1070,6,姜,片,true,approved
1070-9,1070,6,姜,末,true,approved
1071-10,1071,33,葱,花,true,approved
1072-10,1072,54,鸡蛋,,true,approved
1072-11,1072,6,姜,片,true,approved
1072-12,1072,17,盐,,true,approved
1072-17,1072,33,葱,花,true,approved
1073-2,1073,156,五花肉,,true,approved
1073-3,1073,6,姜,末,true,approved
1073-6,1073,96,鸡粉,,true,approved
1073-8,1073,48,淀粉,,true,approved
1074-1,1074,658,口蘑,,true,approved
1074-2,1074,382,芦笋,,true,approved
1074-4,1074,6,姜,片,true,approved
1074-5,1074,50,蒜,末,true,approved
1074-6,1074,17,盐,,true,approved
1074-7,1074,19,黑胡椒,碎,true,approved
1075-11,1075,54,鸡蛋,液,true,approved
1076-1,1076,1358,金华火腿,,true,approved
1076-3,1076,346,莲子,,true,approved
1076-5,1076,48,淀粉,,true,approved
1077-1,1077,1019,鱿鱼须,,true,approved
1077-3,1077,48,淀粉,,true,approved
1077-4,1077,50,蒜,末,true,approved
1077-5,1077,6,姜,末,true,approved
1077-7,1077,1446,空心菜,,true,approved
1077-8,1077,17,盐,,true,approved
1078-1,1078,1595,鲤鱼,,true,approved
1078-3,1078,212,红辣椒,,true,approved
1078-7,1078,17,盐,,true,approved
1079-1,1079,1047,百合,,true,approved
1079-2,1079,135,肉末,末,true,approved
1079-6,1079,201,糖,,true,approved
1080-2,1080,662,黄豆,干,true,approved
1080-4,1080,97,白糖,,true,approved
1081-1,1081,54,鸡蛋,,true,approved
1081-3,1081,97,白糖,,true,approved
1082-10,1082,33,葱,花,true,approved
1082-3,1082,92,豆豉,,true,approved
1082-6,1082,6,姜,丝,true,approved
1082-7,1082,50,蒜,末,true,approved
1083-1,1083,120,低筋面粉,,true,approved
1083-3,1083,121,糖粉,,true,approved
1083-5,1083,33,葱,花,true,approved
1083-6,1083,17,盐,,true,approved
1084-1,1084,170,糯米粉,,true,approved
1084-4,1084,1600,木薯粉,,true,approved
1084-5,1084,1093,马铃薯淀粉,,true,approved
1084-6,1084,121,糖粉,,true,approved
1085-2,1085,12,洋葱,,true,approved
1085-7,1085,17,盐,,true,approved
1085-8,1085,19,黑胡椒,碎,true,approved
1086-4,1086,97,白糖,,true,approved
1087-1,1087,814,鸡翅,,true,approved
1087-10,1087,37,胡椒粉,,true,approved
1087-2,1087,84,胡萝卜,去皮,true,approved
1087-3,1087,12,洋葱,,true,approved
1087-4,1087,244,火腿肠,,true,approved
1087-5,1087,79,米饭,,true,approved
1087-9,1087,17,盐,,true,approved
1088-2,1088,54,鸡蛋,,true,approved
1088-3,1088,97,白糖,,true,approved
1088-4,1088,669,奶粉,,true,approved
1088-6,1088,418,葡萄干,,true,approved
1088-7,1088,530,蔓越莓干,,true,approved
1089-2,1089,17,盐,,true,approved
1089-3,1089,283,花椒,,true,approved
1089-4,1089,6,姜,片,true,approved
1089-7,1089,30,辣椒,干,true,approved
1090-1,1090,966,猪肚,,true,approved
1090-2,1090,6,姜,片,true,approved
1090-5,1090,698,白胡椒,碎,true,approved
1090-6,1090,744,腐竹,,true,approved
1090-7,1090,1253,白果,,true,approved
1090-8,1090,17,盐,,true,approved
1091-2,1091,50,蒜,末,true,approved
1091-3,1091,6,姜,片,true,approved
1091-4,1091,17,盐,,true,approved
1092-2,1092,58,面粉,,true,approved
1092-3,1092,188,酵母,,true,approved
1092-4,1092,201,糖,,true,approved
1093-2,1093,260,剁辣椒,,true,approved
1093-3,1093,50,蒜,末,true,approved
1094-1,1094,156,五花肉,,true,approved
1094-17,1094,6,姜,片,true,approved
1094-19,1094,142,八角,,true,approved
1094-20,1094,3,冰糖,,true,approved
1094-24,1094,33,葱,花,true,approved
1095-10,1095,17,盐,,true,approved
1095-2,1095,6,姜,片,true,approved
1095-6,1095,50,蒜,末,true,approved
1095-7,1095,33,葱,花,true,approved
1095-8,1095,6,姜,丝,true,approved
1095-9,1095,194,小米椒,,true,approved
1096-3,1096,6,姜,,true,approved
1096-4,1096,698,白胡椒,,true,approved
1097-1,1097,54,鸡蛋,,true,approved
1097-3,1097,17,盐,,true,approved
1097-6,1097,33,葱,花,true,approved
1098-1,1098,1605,钵仔糕粉,,true,approved
1099-1,1099,317,蛋黄,,true,approved
1099-2,1099,314,橙子,,true,approved
1100-1,1100,1607,鹅蛋,,true,approved
1101-1,1101,746,猪肉糜,,true,approved
1101-5,1101,6,姜,,true,approved
1101-8,1101,17,盐,,true,approved
1102-1,1102,598,鸡腿肉,,true,approved
1102-10,1102,12,洋葱,,true,approved
1102-11,1102,78,咖喱粉,,true,approved
1102-13,1102,33,葱,花,true,approved
1102-3,1102,17,盐,,true,approved
1102-4,1102,193,白胡椒粉,,true,approved
1102-5,1102,74,土豆,,true,approved
1102-6,1102,84,胡萝卜,,true,approved
1102-9,1102,50,蒜,末,true,approved
1103-1,1103,249,高筋面粉,,true,approved
1103-10,1103,267,培根,片,true,approved
1103-12,1103,1242,奶酪,碎,true,approved
1103-2,1103,188,酵母,,true,approved
1103-5,1103,17,盐,,true,approved
1103-6,1103,97,白糖,,true,approved
1103-7,1103,54,鸡蛋,,true,approved
1103-9,1103,365,玉米,粒,true,approved
1104-1,1104,1609,糯米鸡,,true,approved
1105-1,1105,65,小葱,,true,approved
1105-2,1105,6,姜,,true,approved
1105-3,1105,1610,青口贝,,true,approved
1106-1,1106,1047,百合,,true,approved
1106-3,1106,799,蟹味菇,,true,approved
1106-4,1106,1611,黑鸡枞,,true,approved
1106-5,1106,164,枸杞,,true,approved
1106-6,1106,33,葱,花,true,approved
1107-2,1107,58,面粉,,true,approved
1108-2,1108,514,蒸肉米粉,,true,approved
1108-3,1108,156,五花肉,,true,approved
1108-4,1108,260,剁辣椒,,true,approved
1108-5,1108,33,葱,花,true,approved
1109-1,1109,348,大米,,true,approved
1109-2,1109,290,小米,,true,approved
1109-3,1109,227,南瓜,,true,approved
1111-1,1111,58,面粉,,true,approved
1111-3,1111,202,白菜,,true,approved
1111-5,1111,17,盐,,true,approved
1111-7,1111,62,花椒粉,,true,approved
1111-8,1111,746,猪肉糜,,true,approved
1112-1,1112,327,内酯豆腐,,true,approved
1112-2,1112,1614,鸡脯肉,,true,approved
1112-3,1112,50,蒜,,true,approved
1112-6,1112,17,盐,,true,approved
1112-9,1112,33,葱,花,true,approved
1114-12,1114,30,辣椒,干,true,approved
1114-16,1114,50,蒜,泥,true,approved
1114-17,1114,147,白芝麻,熟,true,approved
1114-18,1114,260,剁辣椒,,true,approved
1114-3,1114,97,白糖,,true,approved
1114-8,1114,850,水发黑木耳,,true,approved
1114-9,1114,1616,豆芽,,true,approved
1115-10,1115,3,冰糖,,true,approved
1115-11,1115,17,盐,,true,approved
1115-12,1115,27,孜然粉,,true,approved
1115-13,1115,25,烧烤粉,,true,approved
1115-2,1115,6,姜,,true,approved
1115-3,1115,142,八角,,true,approved
1115-4,1115,141,桂皮,,true,approved
1115-5,1115,284,香叶,,true,approved
1115-6,1115,147,白芝麻,,true,approved
1116-2,1116,54,鸡蛋,,true,approved
1117-2,1117,97,白糖,,true,approved
1118-1,1118,293,白萝卜,,true,approved
1118-2,1118,17,盐,,true,approved
1118-3,1118,287,柠檬,片,true,approved
1118-6,1118,194,小米椒,,true,approved
1118-7,1118,6,姜,粒,true,approved
1118-8,1118,97,白糖,,true,approved
1119-2,1119,365,玉米,,true,approved
1119-3,1119,11,番茄,,true,approved
1119-5,1119,17,盐,,true,approved
1119-8,1119,270,黑胡椒粉,,true,approved
1119-9,1119,54,鸡蛋,液,true,approved
1120-1,1120,1119,童子鸡,,true,approved
1120-2,1120,6,姜,片,true,approved
1120-3,1120,65,小葱,,true,approved
1120-4,1120,283,花椒,,true,approved
1120-5,1120,17,盐,,true,approved
1122-2,1122,231,对虾,,true,approved
1122-3,1122,794,冬瓜,,true,approved
1122-5,1122,17,盐,,true,approved
1122-6,1122,193,白胡椒粉,,true,approved
1122-7,1122,33,葱,花,true,approved
1123-1,1123,231,对虾,,true,approved
1123-2,1123,65,小葱,,true,approved
1123-3,1123,6,姜,,true,approved
1123-5,1123,17,盐,,true,approved
1124-10,1124,1622,番茄膏,,true,approved
1124-13,1124,17,盐,,true,approved
1124-4,1124,1416,红甜椒粉,,true,approved
1124-5,1124,50,蒜,片,true,approved
1124-6,1124,284,香叶,,true,approved
1124-8,1124,74,土豆,,true,approved
1125-1,1125,1609,糯米鸡,,true,approved
1126-2,1126,50,蒜,,true,approved
1126-5,1126,17,盐,,true,approved
1127-1,1127,120,低筋面粉,,true,approved
1128-2,1128,496,芒果,,true,approved
1128-5,1128,97,白糖,,true,approved
1128-6,1128,17,盐,,true,approved
1129-1,1129,1626,榴莲果肉,,true,approved
1129-3,1129,133,细砂糖,,true,approved
1130-1,1130,267,培根,,true,approved
1130-2,1130,99,虾仁,,true,approved
1130-3,1130,96,鸡粉,,true,approved
1130-4,1130,17,盐,,true,approved
1130-6,1130,48,淀粉,,true,approved
1131-1,1131,231,对虾,新鲜,true,approved
1131-2,1131,33,葱,,true,approved
1131-3,1131,6,姜,,true,approved
1131-5,1131,17,盐,,true,approved
1133-1,1133,1630,包菜,,true,approved
1133-2,1133,17,盐,,true,approved
1133-3,1133,81,猪肉,末,true,approved
1133-6,1133,1411,红薯淀粉,,true,approved
1133-9,1133,220,饺子皮,,true,approved
1134-2,1134,245,豆腐,,true,approved
1134-3,1134,592,咸蛋黄,,true,approved
1134-4,1134,84,胡萝卜,,true,approved
1134-5,1134,594,香葱,,true,approved
1134-6,1134,6,姜,,true,approved
1134-8,1134,257,五香粉,,true,approved
1134-9,1134,48,淀粉,,true,approved
1135-1,1135,293,白萝卜,,true,approved
1135-2,1135,1631,鸡汁调料,,true,approved
1136-3,1136,783,奶油奶酪,,true,approved
1136-4,1136,54,鸡蛋,,true,approved
1137-1,1137,469,豆腐皮,,true,approved
1137-2,1137,791,五花肉糜,,true,approved
1137-3,1137,1632,小辣椒,,true,approved
1137-4,1137,6,姜,末,true,approved
1137-5,1137,247,芝麻,,true,approved
1137-6,1137,33,葱,,true,approved
1137-7,1137,71,香菜,,true,approved
1137-9,1137,201,糖,,true,approved
1138-1,1138,1633,嫩姜,,true,approved
1138-2,1138,40,红糖,,true,approved
1139-3,1139,1635,明太鱼籽,,true,approved
1139-4,1139,811,马苏里拉奶酪,,true,approved
1139-7,1139,270,黑胡椒粉,,true,approved
1140-1,1140,156,五花肉,,true,approved
1140-5,1140,283,花椒,,true,approved
1140-6,1140,17,盐,,true,approved
1140-7,1140,970,豆干,,true,approved
1140-8,1140,115,青椒,,true,approved
1140-9,1140,1636,蒜苗,,true,approved
1141-1,1141,1533,贝贝南瓜,,true,approved
1141-2,1141,1637,蔬菜粒,粒,true,approved
1142-2,1142,1034,大虾,,true,approved
1142-3,1142,224,粉丝,丝,true,approved
1142-4,1142,260,剁辣椒,,true,approved
1142-6,1142,33,葱,,true,approved
1142-7,1142,6,姜,,true,approved
1142-8,1142,50,蒜,,true,approved
1143-2,1143,50,蒜,,true,approved
1143-3,1143,48,淀粉,,true,approved
1143-8,1143,17,盐,,true,approved
1144-10,1144,201,糖,,true,approved
1144-11,1144,17,盐,,true,approved
1144-13,1144,1448,辣椒面,,true,approved
1144-14,1144,112,小米辣,,true,approved
1144-3,1144,107,金针菇,,true,approved
1144-5,1144,50,蒜,末,true,approved
1145-3,1145,585,银耳,干,true,approved
1145-5,1145,39,红枣,,true,approved
1145-8,1145,3,冰糖,,true,approved
1146-10,1146,224,粉丝,泡发,true,approved
1146-12,1146,188,酵母,,true,approved
1146-13,1146,243,中筋面粉,,true,approved
1146-3,1146,135,肉末,末,true,approved
1146-4,1146,33,葱,花,true,approved
1146-7,1146,97,白糖,,true,approved
1146-8,1146,193,白胡椒粉,,true,approved
1146-9,1146,17,盐,,true,approved
1147-1,1147,39,红枣,,true,approved
1147-2,1147,164,枸杞,,true,approved
1147-3,1147,1644,桂圆干,,true,approved
1148-1,1148,152,鳕鱼,,true,approved
1148-3,1148,48,淀粉,,true,approved
1148-4,1148,17,盐,,true,approved
1149-3,1149,65,小葱,,true,approved
1149-4,1149,6,姜,片,true,approved
1149-5,1149,1034,大虾,,true,approved
1149-7,1149,17,盐,,true,approved
1149-8,1149,97,白糖,,true,approved
1152-2,1152,11,番茄,,true,approved
1152-3,1152,12,洋葱,,true,approved
1152-4,1152,74,土豆,,true,approved
1152-5,1152,17,盐,,true,approved
1153-1,1153,447,糯米,,true,approved
1153-6,1153,33,葱,,true,approved
1153-7,1153,17,盐,,true,approved
1154-3,1154,1650,红柚果肉,,true,approved
1154-4,1154,97,白糖,,true,approved
1155-2,1155,6,姜,末,true,approved
1155-3,1155,50,蒜,末,true,approved
1155-4,1155,112,小米辣,,true,approved
1155-5,1155,1280,藕带,,true,approved
1155-6,1155,17,盐,,true,approved
1155-7,1155,97,白糖,,true,approved
1157-1,1157,678,蛋白,,true,approved
1157-2,1157,174,杏仁粉,,true,approved
1157-3,1157,121,糖粉,,true,approved
1157-7,1157,133,细砂糖,,true,approved
1158-2,1158,6,姜,,true,approved
1158-3,1158,50,蒜,,true,approved
1158-8,1158,869,蒸肉粉,,true,approved
1159-1,1159,1426,奥利奥饼干,碎,true,approved
1159-3,1159,121,糖粉,,true,approved
1159-5,1159,207,鸡蛋清,,true,approved
1159-6,1159,120,低筋面粉,,true,approved
1159-7,1159,269,玉米淀粉,,true,approved
1160-1,1160,918,T65面粉,,true,approved
1160-3,1160,17,盐,,true,approved
1160-4,1160,188,酵母,干,true,approved
1160-5,1160,530,蔓越莓干,,true,approved
1161-1,1161,492,鸡翅中,,true,approved
1161-10,1161,97,白糖,,true,approved
1161-3,1161,287,柠檬,片,true,approved
1161-5,1161,6,姜,片,true,approved
1161-6,1161,17,盐,,true,approved
1162-1,1162,1652,猪腱子肉,,true,approved
1162-2,1162,315,苹果,,true,approved
1162-3,1162,632,雪梨,,true,approved
1163-1,1163,397,紫薯,,true,approved
1163-2,1163,348,大米,,true,approved
1163-3,1163,447,糯米,,true,approved
1163-5,1163,97,白糖,,true,approved
1165-2,1165,6,姜,丝,true,approved
1165-3,1165,65,小葱,,true,approved
1165-4,1165,50,蒜,,true,approved
1165-5,1165,672,腊肉,,true,approved
1165-6,1165,768,花菜,,true,approved
1166-3,1166,50,蒜,蓉,true,approved
1166-4,1166,17,盐,,true,approved
1167-1,1167,104,红豆,,true,approved
1167-3,1167,346,莲子,,true,approved
1167-7,1167,97,白糖,,true,approved
1168-2,1168,293,白萝卜,,true,approved
1168-3,1168,17,盐,,true,approved
1168-4,1168,193,白胡椒粉,,true,approved
1168-6,1168,42,蛋清,,true,approved
1168-7,1168,96,鸡粉,,true,approved
1168-8,1168,33,葱,汁,true,approved
1168-9,1168,6,姜,汁,true,approved
1169-1,1169,508,莲藕,,true,approved
1169-2,1169,1656,鱼干,,true,approved
1169-4,1169,33,葱,丝,true,approved
1169-5,1169,6,姜,丝,true,approved
1169-6,1169,17,盐,,true,approved
1170-1,1170,844,羊排,,true,approved
1170-2,1170,141,桂皮,,true,approved
1170-3,1170,142,八角,,true,approved
1170-4,1170,283,花椒,,true,approved
1170-5,1170,17,盐,,true,approved
1170-6,1170,6,姜,,true,approved
1170-7,1170,27,孜然粉,,true,approved
1170-8,1170,26,辣椒粉,,true,approved
1171-10,1171,96,鸡粉,,true,approved
1171-3,1171,170,糯米粉,,true,approved
1171-4,1171,421,澄面,,true,approved
1171-7,1171,17,盐,,true,approved
1171-9,1171,37,胡椒粉,,true,approved
1172-1,1172,1658,慈菇,,true,approved
1172-5,1172,86,香干,,true,approved
1172-6,1172,17,盐,,true,approved
1173-1,1173,6,姜,片,true,approved
1173-2,1173,39,红枣,,true,approved
1173-3,1173,716,桂圆,,true,approved
1173-4,1173,40,红糖,,true,approved
1174-5,1174,97,白糖,,true,approved
1174-6,1174,17,盐,,true,approved
1174-7,1174,33,葱,花,true,approved
1175-2,1175,1661,仙草冻粉,,true,approved
1175-3,1175,917,血糯米,,true,approved
1175-6,1175,97,白糖,,true,approved
1176-1,1176,156,五花肉,,true,approved
1176-2,1176,245,豆腐,,true,approved
1176-3,1176,377,菠菜,,true,approved
1176-4,1176,54,鸡蛋,,true,approved
1176-5,1176,6,姜,,true,approved
1176-6,1176,33,葱,,true,approved
1176-7,1176,17,盐,,true,approved
1177-1,1177,315,苹果,,true,approved
1177-12,1177,1242,奶酪,,true,approved
1177-13,1177,133,细砂糖,,true,approved
1177-4,1177,1662,柠檬皮屑,,true,approved
1177-5,1177,1663,即食燕麦片,片,true,approved
1177-6,1177,379,肉桂粉,,true,approved
1177-9,1177,249,高筋面粉,,true,approved
1178-1,1178,156,五花肉,片,true,approved
1178-2,1178,49,生菜,,true,approved
1178-3,1178,50,蒜,片,true,approved
1178-5,1178,147,白芝麻,,true,approved
1179-2,1179,30,辣椒,干,true,approved
1179-3,1179,17,盐,,true,approved
1179-4,1179,33,葱,,true,approved
1179-6,1179,1549,椒盐,,true,approved
1180-1,1180,1666,羊腿肉,,true,approved
1180-2,1180,465,山药,,true,approved
1180-3,1180,39,红枣,,true,approved
1180-5,1180,6,姜,,true,approved
1180-6,1180,164,枸杞,,true,approved
1180-7,1180,17,盐,,true,approved
1181-2,1181,1005,梨,,true,approved
1181-4,1181,379,肉桂粉,,true,approved
1182-10,1182,17,盐,,true,approved
1182-11,1182,1674,水煮鸡蛋,,true,approved
1182-2,1182,6,姜,丝,true,approved
1182-6,1182,638,基围虾,,true,approved
1182-7,1182,1671,鱼饼,,true,approved
1182-9,1182,555,绿豆芽,,true,approved
1183-2,1183,135,肉末,末,true,approved
1183-3,1183,54,鸡蛋,,true,approved
1183-6,1183,17,盐,,true,approved
1183-7,1183,6,姜,末,true,approved
1183-8,1183,594,香葱,,true,approved
1184-1,1184,1675,藕粉,,true,approved
1184-2,1184,97,白糖,,true,approved
1184-3,1184,457,蜜红豆,,true,approved
1185-3,1185,33,葱,,true,approved
1185-4,1185,6,姜,,true,approved
1185-5,1185,17,盐,,true,approved
1185-6,1185,142,八角,,true,approved
1185-8,1185,283,花椒,,true,approved
1186-4,1186,121,糖粉,,true,approved
1187-1,1187,91,排骨,,true,approved
1187-5,1187,3,冰糖,,true,approved
1187-8,1187,76,菠萝,,true,approved
1188-1,1188,221,娃娃菜,,true,approved
1188-10,1188,1681,面饼,,true,approved
1188-11,1188,1242,奶酪,片,true,approved
1188-2,1188,1677,平菇,,true,approved
1188-3,1188,1105,鱼丸,,true,approved
1188-4,1188,1678,牛肉丸,,true,approved
1188-5,1188,281,火腿,,true,approved
1188-7,1188,1680,韩国泡菜,,true,approved
1189-2,1189,783,奶油奶酪,,true,approved
1189-3,1189,1682,冰粽水晶粉,,true,approved
1189-6,1189,615,麦芽糖,,true,approved
1189-7,1189,97,白糖,,true,approved
1190-1,1190,79,米饭,,true,approved
1190-2,1190,83,辣白菜,,true,approved
1190-3,1190,84,胡萝卜,,true,approved
1190-4,1190,340,黄豆芽,,true,approved
1190-5,1190,1242,奶酪,丝,true,approved
1190-7,1190,17,盐,,true,approved
1191-10,1191,1686,杜松子,,true,approved
1191-11,1191,19,黑胡椒,粒,true,approved
1191-15,1191,17,盐,,true,approved
1191-4,1191,239,大葱,,true,approved
1191-5,1191,50,蒜,,true,approved
1191-7,1191,795,孜然,粒,true,approved
1191-8,1191,30,辣椒,干,true,approved
1191-9,1191,284,香叶,,true,approved
1192-1,1192,10,茄子,,true,approved
1192-2,1192,84,胡萝卜,,true,approved
1192-3,1192,9,西葫芦,,true,approved
1192-4,1192,437,小番茄,,true,approved
1192-8,1192,19,黑胡椒,,true,approved
1192-9,1192,17,盐,,true,approved
1193-2,1193,418,葡萄干,,true,approved
1194-3,1194,50,蒜,蓉,true,approved
1194-4,1194,33,葱,花,true,approved
1194-8,1194,17,盐,,true,approved
1194-9,1194,201,糖,,true,approved
1195-10,1195,50,蒜,末,true,approved
1195-11,1195,6,姜,末,true,approved
1195-12,1195,668,红薯粉,泡发+丝,true,approved
1195-14,1195,17,盐,,true,approved
1195-15,1195,193,白胡椒粉,,true,approved
1195-18,1195,33,葱,花,true,approved
1195-2,1195,6,姜,片,true,approved
1195-5,1195,142,八角,,true,approved
1195-6,1195,283,花椒,,true,approved
1195-7,1195,284,香叶,,true,approved
1195-8,1195,141,桂皮,,true,approved
1196-2,1196,104,红豆,,true,approved
1196-5,1196,3,冰糖,,true,approved
1196-6,1196,40,红糖,,true,approved
1197-2,1197,188,酵母,,true,approved
1197-3,1197,133,细砂糖,,true,approved
1197-4,1197,249,高筋面粉,,true,approved
1197-5,1197,54,鸡蛋,液,true,approved
1197-6,1197,17,盐,,true,approved
1197-8,1197,33,葱,花,true,approved
1197-9,1197,1242,奶酪,碎,true,approved
1198-3,1198,33,葱,,true,approved
1198-4,1198,48,淀粉,,true,approved
1198-6,1198,17,盐,,true,approved
1200-1,1200,311,桃胶,干,true,approved
1200-2,1200,346,莲子,干,true,approved
1200-3,1200,1047,百合,干,true,approved
1200-4,1200,716,桂圆,干,true,approved
1200-5,1200,39,红枣,,true,approved
1200-6,1200,3,冰糖,,true,approved
1201-10,1201,37,胡椒粉,,true,approved
1201-3,1201,6,姜,,true,approved
1201-7,1201,201,糖,,true,approved
1201-9,1201,17,盐,,true,approved
1202-3,1202,1695,综合水果干,,true,approved
1203-2,1203,6,姜,,true,approved
1203-3,1203,239,大葱,,true,approved
1203-4,1203,50,蒜,,true,approved
1203-5,1203,17,盐,,true,approved
1203-6,1203,193,白胡椒粉,,true,approved
1203-7,1203,257,五香粉,,true,approved
1204-1,1204,855,鸡腿,,true,approved
1204-12,1204,17,盐,,true,approved
1204-2,1204,12,洋葱,,true,approved
1204-3,1204,6,姜,末,true,approved
1204-4,1204,50,蒜,末,true,approved
1204-5,1204,33,葱,段,true,approved
1204-9,1204,193,白胡椒粉,,true,approved
1205-1,1205,249,高筋面粉,,true,approved
1205-10,1205,188,酵母,,true,approved
1205-11,1205,17,盐,,true,approved
1205-2,1205,120,低筋面粉,,true,approved
1205-4,1205,133,细砂糖,,true,approved
1205-6,1205,54,鸡蛋,,true,approved
1205-8,1205,147,白芝麻,,true,approved
1207-3,1207,542,松子,熟,true,approved
1207-5,1207,50,蒜,,true,approved
1207-7,1207,19,黑胡椒,,true,approved
1208-1,1208,1700,南瓜粉,,true,approved
1208-2,1208,58,面粉,,true,approved
1208-4,1208,201,糖,,true,approved
1208-5,1208,203,酵母粉,,true,approved
1209-1,1209,744,腐竹,,true,approved
1209-4,1209,92,豆豉,,true,approved
1209-5,1209,50,蒜,,true,approved
1210-1,1210,855,鸡腿,,true,approved
1210-3,1210,287,柠檬,,true,approved
1210-5,1210,17,盐,,true,approved
1211-10,1211,17,盐,,true,approved
1211-12,1211,193,白胡椒粉,,true,approved
1211-14,1211,71,香菜,,true,approved
1211-2,1211,113,小龙虾,,true,approved
1211-4,1211,146,蒜瓣,,true,approved
1211-5,1211,6,姜,蓉,true,approved
1211-9,1211,1701,蒜香粉,,true,approved
1212-10,1212,17,盐,,true,approved
1212-5,1212,90,黄瓜,,true,approved
1212-7,1212,50,蒜,泥,true,approved
1213-1,1213,152,鳕鱼,,true,approved
1213-3,1213,1702,墨鱼,丝,true,approved
1213-4,1213,1704,苔条粉,,true,approved
1213-6,1213,17,盐,,true,approved
1213-7,1213,97,白糖,,true,approved
1213-8,1213,96,鸡粉,,true,approved
1214-1,1214,243,中筋面粉,,true,approved
1214-3,1214,188,酵母,,true,approved
1214-4,1214,97,白糖,,true,approved
1214-6,1214,1706,蝶豆花粉,,true,approved
1214-7,1214,1700,南瓜粉,,true,approved
1214-8,1214,561,红曲粉,,true,approved
1215-11,1215,17,盐,,true,approved
1215-2,1215,281,火腿,,true,approved
1215-5,1215,6,姜,片,true,approved
1215-9,1215,97,白糖,,true,approved
1216-2,1216,50,蒜,,true,approved
1217-1,1217,261,鸡胸肉,,true,approved
1217-3,1217,6,姜,片,true,approved
1217-4,1217,17,盐,,true,approved
1217-6,1217,27,孜然粉,,true,approved
1217-7,1217,33,葱,段,true,approved
1217-8,1217,227,南瓜,,true,approved
1217-9,1217,164,枸杞,,true,approved
1218-1,1218,455,牛仔骨,,true,approved
1218-4,1218,17,盐,,true,approved
1218-5,1218,96,鸡粉,,true,approved
1218-6,1218,19,黑胡椒,碎,true,approved
1219-2,1219,17,盐,,true,approved
1219-4,1219,49,生菜,,true,approved
1219-5,1219,50,蒜,蓉,true,approved
1221-1,1221,249,高筋面粉,,true,approved
1221-2,1221,120,低筋面粉,,true,approved
1221-3,1221,135,肉末,末,true,approved
1221-4,1221,59,韭菜,粒,true,approved
1221-5,1221,17,盐,,true,approved
1221-6,1221,96,鸡粉,,true,approved
1221-7,1221,97,白糖,,true,approved
1222-1,1222,156,五花肉,,true,approved
1222-4,1222,33,葱,,true,approved
1222-6,1222,6,姜,汁,true,approved
1222-7,1222,97,白糖,,true,approved
1222-8,1222,33,葱,丝,true,approved
1223-2,1223,1394,茼蒿,,true,approved
1223-3,1223,50,蒜,蓉,true,approved
1223-4,1223,17,盐,,true,approved
1224-3,1224,97,白糖,,true,approved
1225-10,1225,54,鸡蛋,液,true,approved
1226-1,1226,152,鳕鱼,,true,approved
1226-10,1226,125,鸡精,,true,approved
1226-11,1226,48,淀粉,干,true,approved
1226-2,1226,377,菠菜,,true,approved
1226-3,1226,33,葱,,true,approved
1226-4,1226,6,姜,片,true,approved
1226-5,1226,17,盐,,true,approved
1226-6,1226,97,白糖,,true,approved
1226-8,1226,42,蛋清,,true,approved
1226-9,1226,37,胡椒粉,,true,approved
1227-2,1227,6,姜,片,true,approved
1227-3,1227,30,辣椒,干,true,approved
1227-4,1227,798,牛肉,末,true,approved
1227-6,1227,17,盐,,true,approved
1227-8,1227,1509,花椒面,,true,approved
1229-1,1229,496,芒果,,true,approved
1229-2,1229,438,牛油果,,true,approved
1230-11,1230,120,低筋面粉,,true,approved
1230-12,1230,669,奶粉,,true,approved
1230-4,1230,54,鸡蛋,液,true,approved
1231-2,1231,156,五花肉,,true,approved
1231-3,1231,445,芹菜,,true,approved
1231-5,1231,17,盐,,true,approved
1231-6,1231,142,八角,,true,approved
1231-7,1231,33,葱,,true,approved
1231-8,1231,6,姜,,true,approved
1232-1,1232,269,玉米淀粉,,true,approved
1232-2,1232,54,鸡蛋,,true,approved
1232-3,1232,120,低筋面粉,,true,approved
1232-4,1232,133,细砂糖,,true,approved
1233-1,1233,107,金针菇,,true,approved
1233-2,1233,25,烧烤粉,,true,approved
1233-3,1233,27,孜然粉,,true,approved
1233-4,1233,26,辣椒粉,,true,approved
1233-5,1233,17,盐,,true,approved
1234-1,1234,1717,猪脆骨,,true,approved
1234-2,1234,17,盐,,true,approved
1234-3,1234,96,鸡粉,,true,approved
1234-6,1234,48,淀粉,,true,approved
1234-9,1234,147,白芝麻,,true,approved
1235-1,1235,1533,贝贝南瓜,,true,approved
1235-10,1235,17,盐,,true,approved
1235-12,1235,33,葱,花,true,approved
1235-4,1235,85,香菇,干,true,approved
1235-5,1235,12,洋葱,,true,approved
1235-6,1235,84,胡萝卜,,true,approved
1235-7,1235,1174,鸡肉,,true,approved
1235-8,1235,233,贝,干,true,approved
1235-9,1235,794,冬瓜,,true,approved
1236-1,1236,773,鸡,块,true,approved
1236-2,1236,6,姜,片,true,approved
1236-4,1236,465,山药,,true,approved
1236-5,1236,365,玉米,,true,approved
1236-7,1236,17,盐,,true,approved
1237-2,1237,1719,苋菜,,true,approved
1237-4,1237,6,姜,丝,true,approved
1237-6,1237,567,皮蛋,,true,approved
1237-7,1237,17,盐,,true,approved
1238-1,1238,317,蛋黄,,true,approved
1238-11,1238,175,水果,,true,approved
1238-4,1238,97,白糖,,true,approved
1238-5,1238,120,低筋面粉,,true,approved
1238-6,1238,42,蛋清,,true,approved
1239-2,1239,6,姜,片,true,approved
1239-5,1239,467,铁棍山药,,true,approved
1239-6,1239,17,盐,,true,approved
1239-7,1239,33,葱,花,true,approved
1240-1,1240,81,猪肉,末,true,approved
1240-2,1240,17,盐,,true,approved
1240-3,1240,54,鸡蛋,,true,approved
1240-4,1240,270,黑胡椒粉,,true,approved
1240-5,1240,33,葱,花,true,approved
1240-6,1240,6,姜,末,true,approved
1241-2,1241,17,盐,,true,approved
1242-1,1242,91,排骨,,true,approved
1242-2,1242,92,豆豉,,true,approved
1242-3,1242,33,葱,花,true,approved
1242-4,1242,97,白糖,,true,approved
1242-5,1242,17,盐,,true,approved
1242-8,1242,48,淀粉,,true,approved
1244-1,1244,54,鸡蛋,,true,approved
1244-10,1244,48,淀粉,干,true,approved
1244-3,1244,894,荠菜,,true,approved
1244-6,1244,17,盐,,true,approved
1245-1,1245,227,南瓜,去皮,true,approved
1245-2,1245,514,蒸肉米粉,,true,approved
1245-4,1245,6,姜,片,true,approved
1245-5,1245,50,蒜,片,true,approved
1245-6,1245,33,葱,段,true,approved
1245-7,1245,96,鸡粉,,true,approved
1246-1,1246,58,面粉,,true,approved
1246-3,1246,188,酵母,,true,approved
1246-5,1246,201,糖,,true,approved
1246-6,1246,561,红曲粉,,true,approved
1247-1,1247,10,茄子,,true,approved
1247-10,1247,6,姜,,true,approved
1247-2,1247,567,皮蛋,,true,approved
1247-3,1247,50,蒜,,true,approved
1247-6,1247,17,盐,,true,approved
1248-1,1248,465,山药,,true,approved
1248-2,1248,54,鸡蛋,,true,approved
1249-10,1249,201,糖,,true,approved
1249-2,1249,317,蛋黄,,true,approved
1249-8,1249,355,可可粉,,true,approved
1249-9,1249,678,蛋白,,true,approved
1250-1,1250,1728,猪瘦肉,,true,approved
1250-2,1250,48,淀粉,,true,approved
1250-5,1250,283,花椒,,true,approved
1250-6,1250,6,姜,丝,true,approved
1250-8,1250,97,白糖,,true,approved
1250-9,1250,17,盐,,true,approved
1251-3,1251,348,大米,,true,approved
1252-5,1252,121,糖粉,,true,approved
1252-6,1252,170,糯米粉,,true,approved
1253-3,1253,40,红糖,,true,approved
1253-4,1253,54,鸡蛋,,true,approved
1253-6,1253,123,泡打粉,,true,approved
1254-2,1254,365,玉米,粒,true,approved
1254-5,1254,90,黄瓜,,true,approved
1254-7,1254,17,盐,,true,approved
1254-8,1254,97,白糖,,true,approved
1255-1,1255,120,低筋面粉,,true,approved
1255-2,1255,669,奶粉,,true,approved
1255-3,1255,418,葡萄干,,true,approved
1255-5,1255,121,糖粉,,true,approved
1256-1,1256,54,鸡蛋,,true,approved
1256-2,1256,120,低筋面粉,,true,approved
1256-3,1256,121,糖粉,,true,approved
1256-6,1256,418,葡萄干,,true,approved
1256-7,1256,123,泡打粉,,true,approved
1256-8,1256,17,盐,,true,approved
1257-1,1257,890,麻薯预拌粉,,true,approved
1257-2,1257,1730,四神粉,,true,approved
1257-6,1257,252,芝士粉,,true,approved
1258-1,1258,1046,秋葵,,true,approved
1258-5,1258,17,盐,,true,approved
1259-1,1259,54,鸡蛋,,true,approved
1260-16,1260,17,盐,,true,approved
1260-17,1260,19,黑胡椒,碎,true,approved
1260-2,1260,12,洋葱,,true,approved
1260-3,1260,74,土豆,,true,approved
1260-4,1260,84,胡萝卜,,true,approved
1260-6,1260,658,口蘑,,true,approved
1260-7,1260,50,蒜,,true,approved
1261-2,1261,365,玉米,,true,approved
1261-5,1261,17,盐,,true,approved
1262-1,1262,1732,吐司面包,,true,approved
1262-2,1262,54,鸡蛋,,true,approved
1262-4,1262,84,胡萝卜,,true,approved
1262-5,1262,445,芹菜,,true,approved
1262-6,1262,811,马苏里拉奶酪,,true,approved
1263-1,1263,249,高筋面粉,,true,approved
1263-10,1263,44,杏仁,片,true,approved
1263-3,1263,133,细砂糖,,true,approved
1263-4,1263,54,鸡蛋,,true,approved
1263-5,1263,669,奶粉,,true,approved
1263-6,1263,188,酵母,,true,approved
1263-7,1263,17,盐,,true,approved
1263-9,1263,54,鸡蛋,液,true,approved
1264-1,1264,1734,鲜山楂,,true,approved
1264-2,1264,315,苹果,,true,approved
1264-3,1264,3,冰糖,,true,approved
1265-1,1265,195,扇贝,,true,approved
1265-2,1265,107,金针菇,,true,approved
1265-6,1265,96,鸡粉,,true,approved
1265-7,1265,193,白胡椒粉,,true,approved
1266-1,1266,50,蒜,,true,approved
1266-10,1266,48,淀粉,,true,approved
1266-12,1266,120,低筋面粉,,true,approved
1266-15,1266,17,盐,,true,approved
1266-2,1266,6,姜,片,true,approved
1267-1,1267,107,金针菇,,true,approved
1267-3,1267,283,花椒,,true,approved
1267-4,1267,50,蒜,末,true,approved
1267-5,1267,6,姜,丝,true,approved
1267-6,1267,33,葱,花,true,approved
1267-7,1267,96,鸡粉,,true,approved
1267-9,1267,260,剁辣椒,,true,approved
1268-4,1268,133,细砂糖,,true,approved
1268-5,1268,54,鸡蛋,,true,approved
1268-6,1268,120,低筋面粉,,true,approved
1268-7,1268,355,可可粉,,true,approved
1268-8,1268,277,花生,碎,true,approved
1268-9,1268,123,泡打粉,,true,approved
1269-1,1269,798,牛肉,,true,approved
1269-10,1269,74,土豆,,true,approved
1269-12,1269,6,姜,片,true,approved
1269-13,1269,50,蒜,,true,approved
1269-15,1269,147,白芝麻,熟,true,approved
1269-16,1269,33,葱,花,true,approved
1269-3,1269,54,鸡蛋,,true,approved
1269-4,1269,48,淀粉,,true,approved
1269-9,1269,97,白糖,,true,approved
1270-2,1270,33,葱,,true,approved
1270-3,1270,6,姜,,true,approved
1272-3,1272,1737,红椒粉,,true,approved
1272-5,1272,17,盐,,true,approved
1273-2,1273,33,葱,末,true,approved
1273-3,1273,50,蒜,末,true,approved
1273-5,1273,202,白菜,,true,approved
1273-6,1273,74,土豆,,true,approved
1273-7,1273,17,盐,,true,approved
1273-8,1273,37,胡椒粉,,true,approved
1275-2,1275,893,香肠,,true,approved
1275-4,1275,365,玉米,粒,true,approved
1275-5,1275,84,胡萝卜,,true,approved
1275-7,1275,17,盐,,true,approved
1276-1,1276,1242,奶酪,,true,approved
1276-3,1276,269,玉米淀粉,,true,approved
1276-4,1276,120,低筋面粉,,true,approved
1276-6,1276,317,蛋黄,,true,approved
1276-7,1276,133,细砂糖,,true,approved
1276-8,1276,678,蛋白,,true,approved
1277-1,1277,661,猪蹄,,true,approved
1277-3,1277,97,白糖,,true,approved
1277-4,1277,6,姜,片,true,approved
1277-5,1277,239,大葱,,true,approved
1277-8,1277,30,辣椒,干,true,approved
1278-4,1278,48,淀粉,,true,approved
1278-5,1278,50,蒜,末,true,approved
1278-6,1278,91,排骨,,true,approved
1279-2,1279,249,高筋面粉,,true,approved
1279-3,1279,133,细砂糖,,true,approved
1279-4,1279,317,蛋黄,,true,approved
1279-5,1279,678,蛋白,,true,approved
1279-7,1279,306,核桃,碎,true,approved
1280-1,1280,74,土豆,,true,approved
1280-3,1280,48,淀粉,,true,approved
1280-5,1280,17,盐,,true,approved
1281-1,1281,29,鲈鱼,,true,approved
1281-2,1281,775,圣女果,,true,approved
1281-4,1281,17,盐,,true,approved
1281-6,1281,33,葱,,true,approved
1281-7,1281,6,姜,,true,approved
1281-8,1281,71,香菜,,true,approved
1282-10,1282,71,香菜,,true,approved
1282-11,1282,193,白胡椒粉,,true,approved
1282-3,1282,65,小葱,,true,approved
1282-5,1282,6,姜,片,true,approved
1282-6,1282,283,花椒,,true,approved
1282-8,1282,633,山楂,,true,approved
1282-9,1282,17,盐,,true,approved
1283-1,1283,29,鲈鱼,,true,approved
1283-11,1283,17,盐,,true,approved
1283-12,1283,270,黑胡椒粉,,true,approved
1283-13,1283,96,鸡粉,,true,approved
1283-2,1283,437,小番茄,,true,approved
1283-3,1283,382,芦笋,,true,approved
1283-4,1283,74,土豆,,true,approved
1283-5,1283,799,蟹味菇,,true,approved
1283-6,1283,1739,玉米笋,,true,approved
1283-7,1283,50,蒜,泥,true,approved
1283-9,1283,287,柠檬,片,true,approved
1284-1,1284,907,雪菜,,true,approved
1284-3,1284,135,肉末,末,true,approved
1284-4,1284,970,豆干,,true,approved
1284-8,1284,6,姜,末,true,approved
1284-9,1284,50,蒜,末,true,approved
1285-1,1285,1187,小黄鱼,,true,approved
1285-2,1285,6,姜,片,true,approved
1285-3,1285,33,葱,花,true,approved
1286-1,1286,744,腐竹,,true,approved
1286-4,1286,92,豆豉,,true,approved
1286-5,1286,50,蒜,,true,approved
1287-1,1287,348,大米,,true,approved
1287-3,1287,121,糖粉,,true,approved
1287-5,1287,188,酵母,,true,approved
1287-6,1287,163,黑芝麻,熟,true,approved
1288-10,1288,115,青椒,,true,approved
1288-12,1288,65,小葱,,true,approved
1288-2,1288,6,姜,,true,approved
1288-3,1288,50,蒜,,true,approved
1288-4,1288,773,鸡,块,true,approved
1288-5,1288,17,盐,,true,approved
1289-10,1289,92,豆豉,,true,approved
1289-13,1289,17,盐,,true,approved
1289-2,1289,239,大葱,,true,approved
1289-3,1289,6,姜,,true,approved
1289-8,1289,50,蒜,,true,approved
1290-1,1290,1742,猪颈肉,,true,approved
1290-3,1290,201,糖,,true,approved
1290-4,1290,17,盐,,true,approved
1290-5,1290,58,面粉,,true,approved
1290-6,1290,50,蒜,,true,approved
1291-11,1291,142,八角,,true,approved
1291-12,1291,141,桂皮,,true,approved
1291-13,1291,50,蒜,末,true,approved
1291-14,1291,33,葱,,true,approved
1291-15,1291,6,姜,,true,approved
1291-16,1291,92,豆豉,,true,approved
1292-1,1292,662,黄豆,干,true,approved
1292-10,1292,142,八角,,true,approved
1292-2,1292,661,猪蹄,,true,approved
1292-4,1292,6,姜,片,true,approved
1292-8,1292,17,盐,,true,approved
1292-9,1292,3,冰糖,,true,approved
1293-1,1293,1748,虾饺,,true,approved
1294-5,1294,345,芸豆,,true,approved
1294-7,1294,17,盐,,true,approved
1294-8,1294,164,枸杞,,true,approved
1295-4,1295,123,泡打粉,,true,approved
1295-6,1295,97,白糖,,true,approved
1295-7,1295,1306,黄豆粉,熟,true,approved
1296-6,1296,17,盐,,true,approved
1296-7,1296,257,五香粉,,true,approved
1296-8,1296,26,辣椒粉,,true,approved
1296-9,1296,65,小葱,,true,approved
1299-1,1299,783,奶油奶酪,,true,approved
1299-7,1299,54,鸡蛋,,true,approved
1299-8,1299,48,淀粉,,true,approved
1300-2,1300,780,母鸡,,true,approved
1300-3,1300,281,火腿,,true,approved
1300-6,1300,1752,精盐,,true,approved
1300-7,1300,6,姜,,true,approved
1300-8,1300,33,葱,,true,approved
1302-2,1302,1754,炒米粉,,true,approved
1302-3,1302,48,淀粉,,true,approved
1302-4,1302,1755,生姜米,,true,approved
1304-10,1304,3,冰糖,,true,approved
1304-4,1304,6,姜,片,true,approved
1304-5,1304,50,蒜,,true,approved
1304-6,1304,492,鸡翅中,,true,approved
1305-2,1305,54,鸡蛋,,true,approved
1305-3,1305,1757,牛肉饼,,true,approved
1305-5,1305,1288,包生菜,,true,approved
1306-1,1306,248,梭子蟹,,true,approved
1306-2,1306,478,海盐,,true,approved
1307-1,1307,42,蛋清,,true,approved
1307-11,1307,1758,马斯卡彭奶酪,,true,approved
1307-12,1307,121,糖粉,,true,approved
1307-4,1307,317,蛋黄,,true,approved
1307-5,1307,17,盐,,true,approved
1307-8,1307,47,低筋粉,,true,approved
1307-9,1307,561,红曲粉,,true,approved
1308-1,1308,54,鸡蛋,,true,approved
1308-3,1308,84,胡萝卜,片,true,approved
1309-1,1309,767,鳊鱼,,true,approved
1309-2,1309,6,姜,片,true,approved
1309-4,1309,17,盐,,true,approved
1309-9,1309,33,葱,花,true,approved
1310-1,1310,467,铁棍山药,,true,approved
1311-7,1311,146,蒜瓣,,true,approved
1311-8,1311,17,盐,,true,approved
1313-1,1313,306,核桃,去壳,true,approved
1314-11,1314,6,姜,末,true,approved
1314-3,1314,123,泡打粉,,true,approved
1314-4,1314,188,酵母,干,true,approved
1315-10,1315,97,白糖,,true,approved
1315-2,1315,65,小葱,,true,approved
1315-3,1315,50,蒜,,true,approved
1315-6,1315,10,茄子,,true,approved
1316-4,1316,121,糖粉,,true,approved
1316-5,1316,120,低筋面粉,,true,approved
1316-6,1316,269,玉米淀粉,,true,approved
1316-7,1316,17,盐,,true,approved
1317-10,1317,1549,椒盐,,true,approved
1317-6,1317,194,小米椒,,true,approved
1317-7,1317,50,蒜,,true,approved
1317-8,1317,12,洋葱,,true,approved
1317-9,1317,17,盐,,true,approved
1318-4,1318,6,姜,丝,true,approved
1318-6,1318,3,冰糖,,true,approved
1318-7,1318,17,盐,,true,approved
1319-2,1319,277,花生,熟+粒,true,approved
1320-1,1320,99,虾仁,,true,approved
1320-10,1320,365,玉米,粒,true,approved
1320-11,1320,17,盐,,true,approved
1320-12,1320,97,白糖,,true,approved
1320-14,1320,270,黑胡椒粉,,true,approved
1320-3,1320,48,淀粉,,true,approved
1320-4,1320,33,葱,段,true,approved
1320-5,1320,6,姜,片,true,approved
1320-7,1320,84,胡萝卜,丁,true,approved
1321-1,1321,1702,墨鱼,,true,approved
1321-11,1321,50,蒜,片,true,approved
1321-5,1321,17,盐,,true,approved
1321-6,1321,48,淀粉,,true,approved
1321-9,1321,218,豆皮,,true,approved
1323-10,1323,142,八角,,true,approved
1323-11,1323,141,桂皮,,true,approved
1323-13,1323,17,盐,,true,approved
1323-2,1323,6,姜,片,true,approved
1323-7,1323,50,蒜,,true,approved
1323-8,1323,283,花椒,,true,approved
1323-9,1323,30,辣椒,干+段,true,approved
1324-1,1324,264,鸡翅根,,true,approved
1324-10,1324,33,葱,段,true,approved
1325-1,1325,99,虾仁,,true,approved
1325-10,1325,1047,百合,,true,approved
1325-11,1325,306,核桃,去壳,true,approved
1325-2,1325,17,盐,,true,approved
1325-6,1325,6,姜,,true,approved
1325-7,1325,50,蒜,,true,approved
1325-8,1325,84,胡萝卜,,true,approved
1325-9,1325,445,芹菜,,true,approved
1326-1,1326,506,鲜香菇,,true,approved
1326-4,1326,50,蒜,末,true,approved
1326-7,1326,17,盐,,true,approved
1327-10,1327,698,白胡椒,,true,approved
1327-11,1327,19,黑胡椒,,true,approved
1327-2,1327,465,山药,,true,approved
1327-3,1327,99,虾仁,,true,approved
1327-4,1327,365,玉米,粒,true,approved
1327-5,1327,11,番茄,,true,approved
1327-7,1327,50,蒜,,true,approved
1327-9,1327,17,盐,,true,approved
1328-1,1328,120,低筋面粉,,true,approved
1328-2,1328,54,鸡蛋,,true,approved
1328-3,1328,133,细砂糖,,true,approved
1328-5,1328,669,奶粉,,true,approved
1328-8,1328,355,可可粉,,true,approved
1329-1,1329,672,腊肉,,true,approved
1329-10,1329,97,白糖,,true,approved
1329-16,1329,50,蒜,末,true,approved
1329-19,1329,17,盐,,true,approved
1329-2,1329,893,香肠,,true,approved
1329-22,1329,39,红枣,,true,approved
1329-25,1329,33,葱,段,true,approved
1329-26,1329,6,姜,片,true,approved
1329-3,1329,1774,咸鱼,块,true,approved
1329-4,1329,86,香干,,true,approved
1329-8,1329,92,豆豉,,true,approved
1330-1,1330,638,基围虾,,true,approved
1330-3,1330,6,姜,末,true,approved
1330-4,1330,50,蒜,末,true,approved
1330-5,1330,260,剁辣椒,,true,approved
1330-7,1330,17,盐,,true,approved
1330-9,1330,33,葱,花,true,approved
1331-1,1331,381,鲜虾仁,,true,approved
1331-10,1331,33,葱,花,true,approved
1331-2,1331,48,淀粉,,true,approved
1331-3,1331,54,鸡蛋,,true,approved
1331-4,1331,17,盐,,true,approved
1332-1,1332,365,玉米,,true,approved
1333-1,1333,99,虾仁,,true,approved
1333-2,1333,135,肉末,末,true,approved
1333-3,1333,90,黄瓜,,true,approved
1333-5,1333,50,蒜,末,true,approved
1333-6,1333,33,葱,花,true,approved
1333-7,1333,17,盐,,true,approved
1333-8,1333,96,鸡粉,,true,approved
1333-9,1333,193,白胡椒粉,,true,approved
1334-1,1334,290,小米,熟,true,approved
1334-2,1334,1781,蔬菜碎,熟,true,approved
1334-3,1334,54,鸡蛋,,true,approved
1334-4,1334,465,山药,泥,true,approved
1335-1,1335,447,糯米,,true,approved
1335-11,1335,62,花椒粉,,true,approved
1335-12,1335,17,盐,,true,approved
1335-13,1335,220,饺子皮,,true,approved
1335-14,1335,592,咸蛋黄,,true,approved
1335-4,1335,6,姜,末,true,approved
1335-5,1335,893,香肠,,true,approved
1335-6,1335,85,香菇,,true,approved
1335-7,1335,84,胡萝卜,,true,approved
1337-10,1337,86,香干,,true,approved
1337-11,1337,194,小米椒,,true,approved
1337-12,1337,17,盐,,true,approved
1337-15,1337,201,糖,,true,approved
1337-16,1337,19,黑胡椒,,true,approved
1337-17,1337,147,白芝麻,,true,approved
1337-2,1337,170,糯米粉,,true,approved
1337-3,1337,58,面粉,,true,approved
1337-9,1337,608,杏鲍菇,,true,approved
1338-1,1338,1786,马鲛鱼肉,,true,approved
1338-3,1338,1411,红薯淀粉,,true,approved
1338-4,1338,42,蛋清,,true,approved
1338-5,1338,17,盐,,true,approved
1338-6,1338,193,白胡椒粉,,true,approved
1339-1,1339,1295,银鳕鱼,,true,approved
1339-2,1339,193,白胡椒粉,,true,approved
1339-3,1339,17,盐,,true,approved
1339-4,1339,25,烧烤粉,,true,approved
1340-1,1340,99,虾仁,,true,approved
1340-10,1340,33,葱,段,true,approved
1340-11,1340,6,姜,片,true,approved
1340-13,1340,97,白糖,,true,approved
1340-14,1340,33,葱,花,true,approved
1340-2,1340,42,蛋清,,true,approved
1340-3,1340,17,盐,,true,approved
1340-5,1340,48,淀粉,,true,approved
1340-6,1340,193,白胡椒粉,,true,approved
1340-7,1340,11,番茄,,true,approved
1341-1,1341,783,奶油奶酪,,true,approved
1341-2,1341,54,鸡蛋,,true,approved
1341-4,1341,269,玉米淀粉,,true,approved
1341-5,1341,133,细砂糖,,true,approved
1342-2,1342,84,胡萝卜,,true,approved
1342-3,1342,42,蛋清,,true,approved
1342-4,1342,33,葱,花,true,approved
1342-6,1342,269,玉米淀粉,,true,approved
1342-7,1342,17,盐,,true,approved
1343-10,1343,39,红枣,,true,approved
1343-4,1343,65,小葱,,true,approved
1343-6,1343,6,姜,片,true,approved
1343-7,1343,17,盐,,true,approved
1343-8,1343,84,胡萝卜,,true,approved
1343-9,1343,465,山药,,true,approved
1344-10,1344,243,中筋面粉,熟,true,approved
1344-11,1344,1789,生咸蛋黄,,true,approved
1344-2,1344,797,小苏打,,true,approved
1344-3,1344,123,泡打粉,,true,approved
1344-4,1344,121,糖粉,,true,approved
1344-9,1344,163,黑芝麻,熟,true,approved
1345-2,1345,632,雪梨,,true,approved
1345-3,1345,6,姜,片,true,approved
1345-4,1345,3,冰糖,,true,approved
1346-10,1346,141,桂皮,,true,approved
1346-2,1346,260,剁辣椒,,true,approved
1346-3,1346,17,盐,,true,approved
1346-6,1346,65,小葱,,true,approved
1346-8,1346,6,姜,,true,approved
1346-9,1346,142,八角,,true,approved
1347-1,1347,546,三文鱼,,true,approved
1347-4,1347,17,盐,,true,approved
1347-5,1347,27,孜然粉,,true,approved
1347-6,1347,25,烧烤粉,,true,approved
1347-8,1347,287,柠檬,,true,approved
1348-12,1348,33,葱,花,true,approved
1348-2,1348,283,花椒,,true,approved
1348-3,1348,65,小葱,,true,approved
1348-4,1348,6,姜,片,true,approved
1348-5,1348,50,蒜,片,true,approved
1348-6,1348,30,辣椒,干,true,approved
1348-7,1348,101,花蛤,,true,approved
1349-11,1349,97,白糖,,true,approved
1349-12,1349,17,盐,,true,approved
1349-13,1349,147,白芝麻,,true,approved
1349-14,1349,112,小米辣,,true,approved
1349-3,1349,377,菠菜,,true,approved
1349-4,1349,146,蒜瓣,,true,approved
1349-6,1349,1448,辣椒面,,true,approved
1350-1,1350,104,红豆,,true,approved
1350-2,1350,105,薏米,,true,approved
1350-4,1350,40,红糖,,true,approved
1350-5,1350,3,冰糖,,true,approved
1351-1,1351,226,鲫鱼,,true,approved
1351-2,1351,6,姜,片,true,approved
1351-3,1351,30,辣椒,干,true,approved
1351-4,1351,33,葱,花,true,approved
1351-5,1351,17,盐,,true,approved
1351-6,1351,37,胡椒粉,,true,approved
1352-2,1352,50,蒜,,true,approved
1352-4,1352,17,盐,,true,approved
1352-6,1352,96,鸡粉,,true,approved
1352-7,1352,115,青椒,,true,approved
1353-1,1353,29,鲈鱼,,true,approved
1353-5,1353,17,盐,,true,approved
1355-2,1355,50,蒜,,true,approved
1355-7,1355,17,盐,,true,approved
1356-1,1356,783,奶油奶酪,,true,approved
1356-3,1356,133,细砂糖,,true,approved
1356-4,1356,17,盐,,true,approved
1356-5,1356,120,低筋面粉,,true,approved
1356-6,1356,669,奶粉,,true,approved
1356-7,1356,54,鸡蛋,,true,approved
1357-1,1357,635,鲍鱼,,true,approved
1357-2,1357,266,鹌鹑蛋,去壳+熟,true,approved
1357-3,1357,1174,鸡肉,末,true,approved
1357-5,1357,6,姜,片,true,approved
1357-6,1357,33,葱,段,true,approved
1357-7,1357,17,盐,,true,approved
1357-8,1357,96,鸡粉,,true,approved
1358-1,1358,344,绿豆,,true,approved
1358-2,1358,277,花生,,true,approved
1358-3,1358,348,大米,,true,approved
1358-4,1358,447,糯米,,true,approved
1358-6,1358,97,白糖,,true,approved
1359-1,1359,638,基围虾,,true,approved
1359-10,1359,6,姜,丝,true,approved
1359-3,1359,17,盐,,true,approved
1359-4,1359,6,姜,片,true,approved
1360-1,1360,572,鱼头,,true,approved
1360-2,1360,92,豆豉,,true,approved
1360-3,1360,33,葱,,true,approved
1360-4,1360,6,姜,,true,approved
1360-5,1360,50,蒜,,true,approved
1361-2,1361,71,香菜,,true,approved
1361-4,1361,84,胡萝卜,,true,approved
1361-5,1361,212,红辣椒,干,true,approved
1361-6,1361,17,盐,,true,approved
1361-7,1361,270,黑胡椒粉,,true,approved
1361-8,1361,201,糖,,true,approved
1362-3,1362,17,盐,,true,approved
1362-4,1362,6,姜,,true,approved
1362-5,1362,33,葱,,true,approved
1363-1,1363,170,糯米粉,,true,approved
1363-2,1363,269,玉米淀粉,,true,approved
1363-4,1363,97,白糖,,true,approved
1363-9,1363,1700,南瓜粉,,true,approved
1364-1,1364,249,高筋面粉,,true,approved
1364-2,1364,669,奶粉,,true,approved
1364-4,1364,133,细砂糖,,true,approved
1364-5,1364,17,盐,,true,approved
1364-7,1364,54,鸡蛋,液,true,approved
1364-9,1364,530,蔓越莓干,,true,approved
1365-1,1365,170,糯米粉,,true,approved
1365-3,1365,121,糖粉,,true,approved
1365-5,1365,495,红豆沙,,true,approved
1366-1,1366,1742,猪颈肉,,true,approved
1366-2,1366,74,土豆,,true,approved
1366-3,1366,6,姜,,true,approved
1366-4,1366,146,蒜瓣,,true,approved
1366-5,1366,17,盐,,true,approved
1366-8,1366,27,孜然粉,,true,approved
1367-2,1367,666,紫菜,,true,approved
1367-3,1367,499,虾皮,,true,approved
1367-4,1367,17,盐,,true,approved
1367-7,1367,33,葱,花,true,approved
1368-1,1368,632,雪梨,,true,approved
1368-2,1368,1653,川贝,,true,approved
1368-3,1368,164,枸杞,,true,approved
1368-4,1368,3,冰糖,,true,approved
1369-1,1369,794,冬瓜,,true,approved
1369-2,1369,358,蛤蜊,,true,approved
1369-3,1369,281,火腿,,true,approved
1369-4,1369,440,春笋,,true,approved
1369-6,1369,6,姜,末,true,approved
1370-1,1370,156,五花肉,,true,approved
1370-2,1370,6,姜,片,true,approved
1370-3,1370,3,冰糖,,true,approved
1370-8,1370,17,盐,,true,approved
1370-9,1370,284,香叶,,true,approved
1371-10,1371,27,孜然粉,,true,approved
1371-2,1371,17,盐,,true,approved
1371-3,1371,6,姜,片,true,approved
1371-7,1371,33,葱,花,true,approved
1371-8,1371,50,蒜,末,true,approved
1372-1,1372,54,鸡蛋,,true,approved
1372-3,1372,1242,奶酪,,true,approved
1372-4,1372,17,盐,,true,approved
1372-5,1372,19,黑胡椒,,true,approved
1373-1,1373,1804,雪花牛肉,,true,approved
1373-12,1373,107,金针菇,,true,approved
1374-4,1374,120,低筋面粉,,true,approved
1374-5,1374,306,核桃,熟+碎,true,approved
1374-6,1374,123,泡打粉,,true,approved
1374-7,1374,797,小苏打,,true,approved
1374-8,1374,17,盐,,true,approved
1374-9,1374,163,黑芝麻,,true,approved
1375-4,1375,245,豆腐,,true,approved
1375-6,1375,1199,米粉,,true,approved
1375-8,1375,17,盐,,true,approved
1376-1,1376,120,低筋面粉,,true,approved
1376-2,1376,227,南瓜,,true,approved
1376-3,1376,97,白糖,,true,approved
1376-4,1376,123,泡打粉,,true,approved
1376-5,1376,54,鸡蛋,液,true,approved
1376-7,1376,164,枸杞,,true,approved
1377-1,1377,508,莲藕,,true,approved
1377-2,1377,17,盐,,true,approved
1377-3,1377,96,鸡粉,,true,approved
1377-4,1377,48,淀粉,,true,approved
1378-1,1378,243,中筋面粉,,true,approved
1378-2,1378,133,细砂糖,,true,approved
1378-4,1378,54,鸡蛋,液,true,approved
1380-1,1380,58,面粉,,true,approved
1380-11,1380,17,盐,,true,approved
1380-2,1380,97,白糖,,true,approved
1380-3,1380,188,酵母,,true,approved
1380-6,1380,574,酸菜,,true,approved
1380-7,1380,224,粉丝,丝,true,approved
1382-2,1382,3,冰糖,,true,approved
1383-2,1383,17,盐,,true,approved
1383-4,1383,27,孜然粉,,true,approved
1383-5,1383,26,辣椒粉,,true,approved
1384-1,1384,773,鸡,,true,approved
1384-13,1384,17,盐,,true,approved
1384-16,1384,33,葱,花,true,approved
1384-4,1384,270,黑胡椒粉,,true,approved
1384-5,1384,48,淀粉,,true,approved
1384-6,1384,12,洋葱,,true,approved
1384-7,1384,6,姜,片,true,approved
1384-8,1384,50,蒜,蓉,true,approved
1385-1,1385,74,土豆,,true,approved
1385-3,1385,19,黑胡椒,,true,approved
1386-1,1386,135,肉末,末,true,approved
1386-2,1386,894,荠菜,,true,approved
1386-4,1386,17,盐,,true,approved
1386-5,1386,1815,豆腐衣,,true,approved
1386-7,1386,6,姜,,true,approved
1387-5,1387,97,白糖,,true,approved
1388-11,1388,50,蒜,末,true,approved
1388-4,1388,6,姜,片,true,approved
1388-5,1388,17,盐,,true,approved
1388-8,1388,147,白芝麻,,true,approved
1388-9,1388,142,八角,,true,approved
1389-3,1389,97,白糖,,true,approved
1390-1,1390,1817,印度飞饼皮,,true,approved
1390-2,1390,474,香蕉,,true,approved
1390-3,1390,54,鸡蛋,液,true,approved
1391-1,1391,10,茄子,,true,approved
1391-10,1391,201,糖,,true,approved
1391-2,1391,224,粉丝,丝,true,approved
1391-3,1391,85,香菇,,true,approved
1391-4,1391,1818,虾米,,true,approved
1391-5,1391,260,剁辣椒,,true,approved
1391-6,1391,50,蒜,蓉,true,approved
1391-9,1391,17,盐,,true,approved
1392-1,1392,317,蛋黄,,true,approved
1392-2,1392,54,鸡蛋,液,true,approved
1392-3,1392,133,细砂糖,,true,approved
1393-10,1393,97,白糖,,true,approved
1393-2,1393,239,大葱,段,true,approved
1393-3,1393,6,姜,片,true,approved
1393-4,1393,50,蒜,片,true,approved
1393-5,1393,30,辣椒,干+段,true,approved
1393-6,1393,283,花椒,干+粒,true,approved
1394-2,1394,1827,油豆腐,,true,approved
1394-6,1394,48,淀粉,,true,approved
1394-7,1394,97,白糖,,true,approved
1394-9,1394,37,胡椒粉,,true,approved
1395-3,1395,188,酵母,,true,approved
1395-4,1395,97,白糖,,true,approved
1395-5,1395,17,盐,,true,approved
1395-6,1395,243,中筋面粉,,true,approved
1396-11,1396,147,白芝麻,熟,true,approved
1396-2,1396,50,蒜,末,true,approved
1396-3,1396,6,姜,片,true,approved
1396-8,1396,270,黑胡椒粉,,true,approved
1397-11,1397,26,辣椒粉,,true,approved
1397-12,1397,27,孜然粉,,true,approved
1397-13,1397,257,五香粉,,true,approved
1397-2,1397,50,蒜,,true,approved
1397-3,1397,194,小米椒,,true,approved
1397-6,1397,17,盐,,true,approved
1397-7,1397,97,白糖,,true,approved
1398-10,1398,125,鸡精,,true,approved
1398-12,1398,220,饺子皮,,true,approved
1398-2,1398,59,韭菜,,true,approved
1398-3,1398,84,胡萝卜,,true,approved
1398-4,1398,222,黑木耳,干,true,approved
1398-8,1398,17,盐,,true,approved
1399-10,1399,6,姜,末,true,approved
1399-5,1399,17,盐,,true,approved
1399-8,1399,50,蒜,泥,true,approved
1399-9,1399,33,葱,末,true,approved
1400-1,1400,1251,大米粉,,true,approved
1400-2,1400,1224,澄粉,,true,approved
1400-3,1400,97,白糖,,true,approved
1400-4,1400,457,蜜红豆,,true,approved
1401-10,1401,97,白糖,,true,approved
1401-11,1401,17,盐,,true,approved
1401-3,1401,6,姜,,true,approved
1401-4,1401,65,小葱,,true,approved
1401-7,1401,37,胡椒粉,,true,approved
1401-8,1401,96,鸡粉,,true,approved
1402-1,1402,120,低筋面粉,,true,approved
1402-3,1402,317,蛋黄,,true,approved
1402-4,1402,121,糖粉,,true,approved
1402-5,1402,17,盐,,true,approved
1403-1,1403,1510,鸭腿,,true,approved
1403-10,1403,3,冰糖,,true,approved
1403-2,1403,6,姜,片,true,approved
1403-4,1403,142,八角,,true,approved
1403-5,1403,284,香叶,,true,approved
1403-6,1403,283,花椒,,true,approved
1403-7,1403,239,大葱,段,true,approved
1404-1,1404,1832,木鱼花,花,true,approved
1404-3,1404,107,金针菇,,true,approved
1404-4,1404,381,鲜虾仁,,true,approved
1404-5,1404,245,豆腐,,true,approved
1404-6,1404,1833,裙带菜,干,true,approved
1404-8,1404,33,葱,花,true,approved
1406-1,1406,1837,猪肝,,true,approved
1406-2,1406,54,鸡蛋,,true,approved
1406-3,1406,39,红枣,,true,approved
1406-5,1406,33,葱,花,true,approved
1406-6,1406,17,盐,,true,approved
1406-7,1406,96,鸡粉,,true,approved
1407-1,1407,84,胡萝卜,,true,approved
1407-2,1407,99,虾仁,,true,approved
1407-3,1407,447,糯米,,true,approved
1407-4,1407,81,猪肉,末,true,approved
1407-7,1407,48,淀粉,,true,approved
1407-9,1407,17,盐,,true,approved
1408-2,1408,133,细砂糖,,true,approved
1408-3,1408,120,低筋面粉,,true,approved
1408-4,1408,797,小苏打,,true,approved
1408-5,1408,54,鸡蛋,,true,approved
1409-5,1409,6,姜,片,true,approved
1409-7,1409,3,冰糖,,true,approved
1409-8,1409,17,盐,,true,approved
1409-9,1409,33,葱,花,true,approved
1411-1,1411,243,中筋面粉,,true,approved
1411-3,1411,54,鸡蛋,,true,approved
1411-4,1411,121,糖粉,,true,approved
1411-5,1411,17,盐,,true,approved
1411-6,1411,1842,凤梨馅,,true,approved
1412-2,1412,74,土豆,,true,approved
1412-3,1412,775,圣女果,,true,approved
1412-5,1412,17,盐,,true,approved
1412-7,1412,193,白胡椒粉,,true,approved
1414-1,1414,91,排骨,,true,approved
1414-2,1414,440,春笋,,true,approved
1414-3,1414,281,火腿,,true,approved
1414-5,1414,6,姜,末,true,approved
1414-8,1414,33,葱,花,true,approved
1415-1,1415,794,冬瓜,,true,approved
1415-3,1415,281,火腿,,true,approved
1415-4,1415,85,香菇,,true,approved
1415-6,1415,84,胡萝卜,,true,approved
1415-8,1415,17,盐,,true,approved
1418-3,1418,379,肉桂粉,,true,approved
1419-1,1419,417,黑米,,true,approved
1419-3,1419,1848,油条,,true,approved
1419-5,1419,568,榨菜,,true,approved
1419-6,1419,592,咸蛋黄,,true,approved
1420-1,1420,1257,仔鸡,,true,approved
1420-2,1420,504,盐焗鸡粉,,true,approved
1420-3,1420,1849,栀子粉,,true,approved
1420-6,1420,505,粗盐,,true,approved
1421-1,1421,871,蛏子,,true,approved
1421-3,1421,50,蒜,蓉,true,approved
1421-4,1421,33,葱,花,true,approved
1421-5,1421,17,盐,,true,approved
1422-2,1422,11,番茄,,true,approved
1422-4,1422,768,花菜,,true,approved
1422-5,1422,17,盐,,true,approved
1422-6,1422,33,葱,花,true,approved
1423-1,1423,76,菠萝,,true,approved
1423-2,1423,447,糯米,,true,approved
1423-3,1423,348,大米,,true,approved
1423-5,1423,418,葡萄干,,true,approved
1423-6,1423,164,枸杞,,true,approved
1424-1,1424,231,对虾,,true,approved
1424-10,1424,6,姜,丝,true,approved
1424-11,1424,17,盐,,true,approved
1424-2,1424,445,芹菜,,true,approved
1424-3,1424,12,洋葱,,true,approved
1424-4,1424,97,白糖,,true,approved
1424-9,1424,65,小葱,,true,approved
1425-11,1425,50,蒜,末,true,approved
1425-12,1425,33,葱,末,true,approved
1425-2,1425,17,盐,,true,approved
1425-5,1425,739,小米椒圈,,true,approved
1425-7,1425,97,白糖,,true,approved
1426-1,1426,702,草鱼,,true,approved
1426-14,1426,6,姜,片,true,approved
1426-15,1426,50,蒜,片,true,approved
1426-2,1426,17,盐,,true,approved
1426-23,1426,37,胡椒粉,,true,approved
1426-32,1426,33,葱,段,true,approved
1426-35,1426,243,中筋面粉,,true,approved
1426-48,1426,97,白糖,,true,approved
1427-1,1427,243,中筋面粉,,true,approved
1427-10,1427,811,马苏里拉奶酪,,true,approved
1427-12,1427,270,黑胡椒粉,,true,approved
1427-2,1427,133,细砂糖,,true,approved
1427-3,1427,17,盐,,true,approved
1427-4,1427,188,酵母,干,true,approved
1427-7,1427,363,鲜虾,,true,approved
1427-8,1427,267,培根,,true,approved
1428-1,1428,381,鲜虾仁,,true,approved
1428-3,1428,6,姜,片,true,approved
1428-5,1428,593,海参,泡发,true,approved
1428-6,1428,1852,油发鱼肚,,true,approved
1428-8,1428,17,盐,,true,approved
1428-9,1428,71,香菜,段,true,approved
1429-1,1429,1224,澄粉,,true,approved
1429-2,1429,48,淀粉,,true,approved
1429-3,1429,363,鲜虾,,true,approved
1429-7,1429,17,盐,,true,approved
1429-8,1429,97,白糖,,true,approved
1429-9,1429,6,姜,汁,true,approved
1430-1,1430,29,鲈鱼,,true,approved
1430-5,1430,6,姜,末,true,approved
1430-6,1430,50,蒜,末,true,approved
1430-7,1430,33,葱,花,true,approved
1431-1,1431,120,低筋面粉,,true,approved
1431-3,1431,54,鸡蛋,液,true,approved
1431-4,1431,121,糖粉,,true,approved
1431-5,1431,17,盐,,true,approved
1431-6,1431,306,核桃,熟+碎,true,approved
1431-7,1431,418,葡萄干,,true,approved
1432-1,1432,156,五花肉,,true,approved
1432-11,1432,48,淀粉,,true,approved
1432-13,1432,48,淀粉,,true,approved
1432-15,1432,33,葱,花,true,approved
1432-16,1432,164,枸杞,,true,approved
1432-3,1432,6,姜,,true,approved
1432-4,1432,65,小葱,,true,approved
1432-5,1432,17,盐,,true,approved
1432-8,1432,97,白糖,,true,approved
1432-9,1432,19,黑胡椒,,true,approved
1433-1,1433,293,白萝卜,,true,approved
1433-3,1433,194,小米椒,,true,approved
1433-6,1433,17,盐,,true,approved
1433-7,1433,33,葱,花,true,approved
1434-4,1434,17,盐,,true,approved
1434-5,1434,97,白糖,,true,approved
1434-6,1434,50,蒜,片,true,approved
1434-7,1434,125,鸡精,,true,approved
1435-1,1435,814,鸡翅,,true,approved
1435-2,1435,1857,新奥尔良烤粉,,true,approved
1436-1,1436,221,娃娃菜,,true,approved
1436-2,1436,281,火腿,,true,approved
1436-3,1436,33,葱,,true,approved
1436-4,1436,567,皮蛋,,true,approved
1436-5,1436,50,蒜,,true,approved
1436-6,1436,6,姜,,true,approved
1436-8,1436,193,白胡椒粉,,true,approved
1436-9,1436,17,盐,,true,approved
1437-2,1437,260,剁辣椒,,true,approved
1437-4,1437,17,盐,,true,approved
1437-6,1437,6,姜,,true,approved
1437-7,1437,33,葱,,true,approved
1437-8,1437,30,辣椒,,true,approved
1437-9,1437,37,胡椒粉,,true,approved
1438-10,1438,277,花生,碎,true,approved
1438-11,1438,33,葱,花,true,approved
1438-3,1438,90,黄瓜,,true,approved
1438-6,1438,97,白糖,,true,approved
1438-7,1438,17,盐,,true,approved
1438-8,1438,50,蒜,末,true,approved
1440-10,1440,317,蛋黄,,true,approved
1440-11,1440,54,鸡蛋,,true,approved
1440-12,1440,163,黑芝麻,,true,approved
1440-2,1440,47,低筋粉,,true,approved
1440-4,1440,121,糖粉,,true,approved
1440-7,1440,174,杏仁粉,,true,approved
1440-8,1440,123,泡打粉,,true,approved
1441-1,1441,29,鲈鱼,,true,approved
1441-3,1441,33,葱,,true,approved
1441-4,1441,6,姜,,true,approved
1441-5,1441,17,盐,,true,approved
1441-7,1441,201,糖,,true,approved
1442-1,1442,156,五花肉,,true,approved
1442-2,1442,27,孜然粉,,true,approved
1442-3,1442,26,辣椒粉,,true,approved
1442-4,1442,50,蒜,,true,approved
1442-5,1442,17,盐,,true,approved
1442-6,1442,6,姜,,true,approved
1443-1,1443,227,南瓜,,true,approved
1443-2,1443,397,紫薯,,true,approved
1443-5,1443,815,木薯淀粉,,true,approved
1443-6,1443,97,白糖,,true,approved
1444-10,1444,90,黄瓜,,true,approved
1444-11,1444,84,胡萝卜,,true,approved
1444-12,1444,147,白芝麻,,true,approved
1444-13,1444,71,香菜,碎,true,approved
1444-2,1444,107,金针菇,,true,approved
1444-3,1444,112,小米辣,,true,approved
1444-4,1444,146,蒜瓣,,true,approved
1444-8,1444,17,盐,,true,approved
1444-9,1444,201,糖,,true,approved
1445-1,1445,447,糯米,,true,approved
1445-11,1445,97,白糖,,true,approved
1445-2,1445,156,五花肉,煮熟,true,approved
1445-3,1445,220,饺子皮,,true,approved
1445-4,1445,542,松子,,true,approved
1445-9,1445,6,姜,,true,approved
1446-2,1446,1863,咸蛋,,true,approved
1446-3,1446,33,葱,,true,approved
1447-2,1447,50,蒜,,true,approved
1447-6,1447,19,黑胡椒,,true,approved
1447-8,1447,17,盐,,true,approved
1449-6,1449,1306,黄豆粉,熟,true,approved
1449-7,1449,495,红豆沙,,true,approved
1450-2,1450,658,口蘑,,true,approved
1450-5,1450,17,盐,,true,approved
1450-6,1450,97,白糖,,true,approved
1450-7,1450,125,鸡精,,true,approved
1451-2,1451,632,雪梨,,true,approved
1452-1,1452,1626,榴莲果肉,,true,approved
1452-2,1452,783,奶油奶酪,,true,approved
1452-3,1452,133,细砂糖,,true,approved
1452-4,1452,943,鸡蛋黄,,true,approved
1452-6,1452,120,低筋面粉,,true,approved
1452-8,1452,133,细砂糖,,true,approved
1453-1,1453,474,香蕉,,true,approved
1453-11,1453,306,核桃,熟,true,approved
1453-2,1453,1063,燕麦片,片,true,approved
1453-5,1453,17,盐,,true,approved
1453-7,1453,379,肉桂粉,,true,approved
1453-9,1453,418,葡萄干,,true,approved
1454-2,1454,54,鸡蛋,,true,approved
1454-3,1454,33,葱,花,true,approved
1454-4,1454,17,盐,,true,approved
1454-5,1454,96,鸡粉,,true,approved
1454-6,1454,37,胡椒粉,,true,approved
1455-4,1455,201,糖,,true,approved
1456-5,1456,358,蛤蜊,,true,approved
1456-9,1456,33,葱,花,true,approved
1457-10,1457,33,葱,花,true,approved
1457-2,1457,85,香菇,,true,approved
1457-4,1457,17,盐,,true,approved
1457-6,1457,48,淀粉,,true,approved
1457-8,1457,6,姜,末,true,approved
1457-9,1457,50,蒜,末,true,approved
1458-1,1458,1415,泡菜,,true,approved
1458-2,1458,348,大米,,true,approved
1458-3,1458,99,虾仁,,true,approved
1458-4,1458,54,鸡蛋,,true,approved
1458-5,1458,65,小葱,,true,approved
1458-6,1458,201,糖,,true,approved
1458-7,1458,17,盐,,true,approved
1459-2,1459,50,蒜,末,true,approved
1459-3,1459,74,土豆,,true,approved
1459-4,1459,11,番茄,,true,approved
1459-5,1459,115,青椒,,true,approved
1459-6,1459,17,盐,,true,approved
1460-1,1460,81,猪肉,,true,approved
1460-3,1460,84,胡萝卜,,true,approved
1460-4,1460,33,葱,,true,approved
1461-2,1461,121,糖粉,,true,approved
1461-3,1461,54,鸡蛋,液,true,approved
1463-1,1463,397,紫薯,泥,true,approved
1463-3,1463,201,糖,,true,approved
1463-4,1463,170,糯米粉,,true,approved
1463-5,1463,269,玉米淀粉,,true,approved
1463-8,1463,170,糯米粉,熟,true,approved
1464-3,1464,54,鸡蛋,,true,approved
1464-5,1464,1874,萝卜,,true,approved
1464-6,1464,17,盐,,true,approved
1464-8,1464,125,鸡精,,true,approved
1464-9,1464,115,青椒,,true,approved
1465-10,1465,194,小米椒,,true,approved
1465-11,1465,97,白糖,,true,approved
1465-2,1465,141,桂皮,,true,approved
1465-3,1465,142,八角,,true,approved
1465-4,1465,284,香叶,,true,approved
1465-5,1465,17,盐,,true,approved
1465-8,1465,50,蒜,末,true,approved
1465-9,1465,283,花椒,,true,approved
1466-10,1466,97,白糖,,true,approved
1466-12,1466,869,蒸肉粉,,true,approved
1466-6,1466,65,小葱,段,true,approved
1466-7,1466,6,姜,片,true,approved
1466-8,1466,54,鸡蛋,液,true,approved
1466-9,1466,17,盐,,true,approved
1467-1,1467,814,鸡翅,,true,approved
1467-3,1467,287,柠檬,,true,approved
1467-4,1467,50,蒜,,true,approved
1467-6,1467,270,黑胡椒粉,,true,approved
1468-11,1468,48,淀粉,,true,approved
1468-13,1468,6,姜,,true,approved
1468-14,1468,50,蒜,,true,approved
1468-15,1468,201,糖,,true,approved
1468-16,1468,17,盐,,true,approved
1468-2,1468,30,辣椒,干,true,approved
1468-3,1468,142,八角,,true,approved
1468-4,1468,141,桂皮,,true,approved
1468-5,1468,284,香叶,,true,approved
1468-6,1468,283,花椒,,true,approved
1469-1,1469,58,面粉,,true,approved
1469-2,1469,17,盐,,true,approved
1469-3,1469,97,白糖,,true,approved
1470-1,1470,54,鸡蛋,,true,approved
1471-1,1471,50,蒜,,true,approved
1471-2,1471,592,咸蛋黄,,true,approved
1471-3,1471,567,皮蛋,,true,approved
1471-4,1471,244,火腿肠,,true,approved
1471-6,1471,17,盐,,true,approved
1471-8,1471,377,菠菜,,true,approved
1472-1,1472,231,对虾,新鲜,true,approved
1472-12,1472,125,鸡精,,true,approved
1472-2,1472,17,盐,,true,approved
1472-6,1472,6,姜,末,true,approved
1472-7,1472,50,蒜,末,true,approved
1473-1,1473,1383,猪手,,true,approved
1473-10,1473,142,八角,,true,approved
1473-11,1473,284,香叶,,true,approved
1473-2,1473,744,腐竹,干,true,approved
1473-3,1473,6,姜,片,true,approved
1473-9,1473,287,柠檬,干+片,true,approved
1475-1,1475,1878,虎虾,,true,approved
1475-2,1475,594,香葱,,true,approved
1475-3,1475,50,蒜,,true,approved
1475-6,1475,17,盐,,true,approved
1476-5,1476,568,榨菜,,true,approved
1476-7,1476,17,盐,,true,approved
1476-8,1476,193,白胡椒粉,,true,approved
1476-9,1476,33,葱,花,true,approved
1477-1,1477,58,面粉,,true,approved
1477-3,1477,188,酵母,,true,approved
1477-4,1477,97,白糖,,true,approved
1477-5,1477,123,泡打粉,,true,approved
1478-1,1478,12,洋葱,,true,approved
1478-2,1478,74,土豆,,true,approved
1478-4,1478,19,黑胡椒,,true,approved
1478-5,1478,17,盐,,true,approved
1479-12,1479,243,中筋面粉,,true,approved
1479-5,1479,17,盐,,true,approved
1479-6,1479,97,白糖,,true,approved
1479-7,1479,207,鸡蛋清,,true,approved
1479-8,1479,6,姜,末,true,approved
1479-9,1479,33,葱,花,true,approved
1480-3,1480,239,大葱,,true,approved
1480-4,1480,6,姜,,true,approved
1481-2,1481,17,盐,,true,approved
1481-4,1481,25,烧烤粉,,true,approved
1481-5,1481,27,孜然粉,,true,approved
1482-1,1482,91,排骨,,true,approved
1482-3,1482,1879,菜干,,true,approved
1482-4,1482,50,蒜,,true,approved
1482-6,1482,17,盐,,true,approved
1482-8,1482,48,淀粉,,true,approved
1483-10,1483,142,八角,,true,approved
1483-11,1483,141,桂皮,,true,approved
1483-13,1483,17,盐,,true,approved
1483-2,1483,6,姜,片,true,approved
1483-7,1483,50,蒜,粒,true,approved
1483-9,1483,30,辣椒,干+段,true,approved
1484-2,1484,54,鸡蛋,液,true,approved
1484-3,1484,133,细砂糖,,true,approved
1484-4,1484,120,低筋面粉,,true,approved
1484-6,1484,640,芒果肉,,true,approved
1484-7,1484,54,鸡蛋,液,true,approved
1485-1,1485,104,红豆,,true,approved
1485-3,1485,39,红枣,,true,approved
1485-5,1485,97,白糖,,true,approved
1486-10,1486,125,鸡精,,true,approved
1486-11,1486,48,淀粉,,true,approved
1486-3,1486,50,蒜,,true,approved
1486-4,1486,6,姜,,true,approved
1486-7,1486,17,盐,,true,approved
1486-9,1486,97,白糖,,true,approved
1487-1,1487,277,花生,,true,approved
1487-2,1487,1882,糙米,,true,approved
1487-3,1487,97,白糖,,true,approved
1488-11,1488,193,白胡椒粉,,true,approved
1488-13,1488,71,香菜,,true,approved
1488-3,1488,6,姜,蓉,true,approved
1488-6,1488,1701,蒜香粉,,true,approved
1488-7,1488,17,盐,,true,approved
1488-9,1488,50,蒜,蓉,true,approved
1489-1,1489,104,红豆,,true,approved
1489-2,1489,39,红枣,,true,approved
1490-1,1490,1885,麻糬预拌粉,,true,approved
1490-10,1490,120,低筋面粉,,true,approved
1490-11,1490,424,抹茶粉,,true,approved
1490-12,1490,797,小苏打,,true,approved
1490-4,1490,530,蔓越莓干,,true,approved
1490-6,1490,133,细砂糖,,true,approved
1490-8,1490,54,鸡蛋,液,true,approved
1491-12,1491,142,八角,,true,approved
1491-13,1491,3,冰糖,,true,approved
1491-15,1491,17,盐,,true,approved
1491-8,1491,50,蒜,片,true,approved
1492-10,1492,30,辣椒,干,true,approved
1492-14,1492,284,香叶,,true,approved
1492-15,1492,142,八角,,true,approved
1492-22,1492,156,五花肉,,true,approved
1493-1,1493,120,低筋面粉,,true,approved
1493-2,1493,1886,芝麻馅,,true,approved
1493-4,1493,123,泡打粉,,true,approved
1493-5,1493,188,酵母,,true,approved
1493-6,1493,97,白糖,,true,approved
1493-7,1493,163,黑芝麻,,true,approved
1494-1,1494,170,糯米粉,,true,approved
1494-2,1494,509,玉米面,,true,approved
1494-3,1494,669,奶粉,,true,approved
1494-4,1494,133,细砂糖,,true,approved
1495-12,1495,270,黑胡椒粉,,true,approved
1495-5,1495,658,口蘑,,true,approved
1495-6,1495,12,洋葱,,true,approved
1495-7,1495,188,酵母,,true,approved
1495-8,1495,97,白糖,,true,approved
1495-9,1495,17,盐,,true,approved
1496-2,1496,121,糖粉,,true,approved
1497-2,1497,85,香菇,干,true,approved
1497-3,1497,348,大米,,true,approved
1497-4,1497,84,胡萝卜,,true,approved
1497-5,1497,12,洋葱,,true,approved
1497-6,1497,6,姜,,true,approved
1497-8,1497,17,盐,,true,approved
1497-9,1497,97,白糖,,true,approved
1498-1,1498,216,冬笋,块,true,approved
1498-2,1498,17,盐,,true,approved
1498-3,1498,25,烧烤粉,,true,approved
1498-4,1498,27,孜然粉,,true,approved
1499-10,1499,437,小番茄,,true,approved
1499-7,1499,6,姜,粒,true,approved
1499-8,1499,50,蒜,粒,true,approved
1499-9,1499,445,芹菜,粒,true,approved
1500-1,1500,282,鸭翅,,true,approved
1500-12,1500,3,冰糖,,true,approved
1500-14,1500,17,盐,,true,approved
1500-2,1500,6,姜,片,true,approved
1500-5,1500,141,桂皮,,true,approved
1500-7,1500,284,香叶,,true,approved
1500-8,1500,142,八角,,true,approved
1500-9,1500,212,红辣椒,干,true,approved
1501-15,1501,277,花生,碎,true,approved
1501-16,1501,33,葱,花,true,approved
1501-17,1501,50,蒜,,true,approved
1501-6,1501,142,八角,,true,approved
1501-7,1501,141,桂皮,,true,approved
1501-9,1501,284,香叶,,true,approved
1502-1,1502,855,鸡腿,,true,approved
1502-2,1502,382,芦笋,,true,approved
1502-3,1502,1242,奶酪,,true,approved
1502-5,1502,17,盐,,true,approved
1502-6,1502,96,鸡粉,,true,approved
1504-1,1504,12,洋葱,,true,approved
1504-4,1504,17,盐,,true,approved
1504-5,1504,270,黑胡椒粉,,true,approved
1504-6,1504,58,面粉,,true,approved
1505-1,1505,243,中筋面粉,,true,approved
1505-2,1505,133,细砂糖,,true,approved
1505-4,1505,188,酵母,,true,approved
1506-1,1506,467,铁棍山药,,true,approved
1507-1,1507,249,高筋面粉,,true,approved
1507-2,1507,120,低筋面粉,,true,approved
1507-3,1507,188,酵母,干,true,approved
1507-4,1507,97,白糖,,true,approved
1507-5,1507,17,盐,,true,approved
1508-1,1508,855,鸡腿,,true,approved
1508-10,1508,17,盐,,true,approved
1508-11,1508,33,葱,花,true,approved
1508-12,1508,50,蒜,蓉,true,approved
1508-13,1508,194,小米椒,碎,true,approved
1508-2,1508,6,姜,片,true,approved
1508-9,1508,97,白糖,,true,approved
1509-10,1509,48,淀粉,,true,approved
1509-11,1509,97,白糖,,true,approved
1509-2,1509,50,蒜,粒,true,approved
1509-3,1509,6,姜,片,true,approved
1509-4,1509,65,小葱,段,true,approved
1509-5,1509,212,红辣椒,块,true,approved
1509-8,1509,96,鸡粉,,true,approved
1511-1,1511,662,黄豆,干,true,approved
1511-2,1511,163,黑芝麻,,true,approved
1511-4,1511,97,白糖,,true,approved
1512-2,1512,97,白糖,,true,approved
1512-3,1512,1900,香蕉果肉,,true,approved
1514-10,1514,201,糖,,true,approved
1514-12,1514,33,葱,,true,approved
1514-3,1514,85,香菇,,true,approved
1514-4,1514,84,胡萝卜,,true,approved
1514-6,1514,193,白胡椒粉,,true,approved
1514-8,1514,6,姜,,true,approved
1515-2,1515,585,银耳,干,true,approved
1515-4,1515,3,冰糖,,true,approved
1516-1,1516,84,胡萝卜,,true,approved
1516-2,1516,6,姜,,true,approved
1516-3,1516,50,蒜,,true,approved
1516-4,1516,798,牛肉,,true,approved
1516-5,1516,17,盐,,true,approved
1517-11,1517,48,淀粉,,true,approved
1517-4,1517,1905,蟹柳,,true,approved
1517-6,1517,79,米饭,熟,true,approved
1517-7,1517,17,盐,,true,approved
1517-8,1517,97,白糖,,true,approved
1517-9,1517,96,鸡粉,,true,approved
1518-1,1518,91,排骨,,true,approved
1518-2,1518,6,姜,末,true,approved
1518-3,1518,33,葱,花,true,approved
1518-5,1518,17,盐,,true,approved
1518-8,1518,48,淀粉,,true,approved
1519-1,1519,1510,鸭腿,,true,approved
1519-10,1519,3,冰糖,,true,approved
1519-2,1519,6,姜,片,true,approved
1519-4,1519,142,八角,,true,approved
1519-5,1519,284,香叶,,true,approved
1519-6,1519,283,花椒,,true,approved
1519-7,1519,239,大葱,段,true,approved
1520-2,1520,97,白糖,,true,approved
1521-3,1521,97,白糖,,true,approved
1521-4,1521,17,盐,,true,approved
1521-5,1521,669,奶粉,,true,approved
1522-1,1522,844,羊排,,true,approved
1523-1,1523,447,糯米,,true,approved
1523-4,1523,147,白芝麻,,true,approved
1523-5,1523,615,麦芽糖,,true,approved
1523-6,1523,1910,山楂糕,,true,approved
1523-8,1523,97,白糖,,true,approved
1524-1,1524,1911,速溶黑咖啡粉,,true,approved
1525-1,1525,1912,燕麦米,,true,approved
1525-2,1525,348,大米,,true,approved
1526-1,1526,1215,素鸡,,true,approved
1526-10,1526,3,冰糖,,true,approved
1526-11,1526,17,盐,,true,approved
1526-3,1526,33,葱,段,true,approved
1526-4,1526,6,姜,片,true,approved
1526-5,1526,50,蒜,片,true,approved
1526-6,1526,142,八角,,true,approved
1526-7,1526,141,桂皮,,true,approved
1526-8,1526,284,香叶,,true,approved
1526-9,1526,212,红辣椒,干,true,approved
1527-3,1527,243,中筋面粉,,true,approved
1527-4,1527,133,细砂糖,,true,approved
1527-5,1527,17,盐,,true,approved
1529-1,1529,54,鸡蛋,,true,approved
1529-6,1529,277,花生,碎,true,approved
1530-1,1530,245,豆腐,,true,approved
1530-11,1530,65,小葱,,true,approved
1530-3,1530,17,盐,,true,approved
1530-4,1530,97,白糖,,true,approved
1530-5,1530,48,淀粉,,true,approved
1530-7,1530,193,白胡椒粉,,true,approved
1531-1,1531,10,茄子,,true,approved
1531-2,1531,74,土豆,,true,approved
1532-1,1532,58,面粉,,true,approved
1532-3,1532,188,酵母,,true,approved
1532-4,1532,201,糖,,true,approved
1533-1,1533,227,南瓜,泥,true,approved
1533-3,1533,170,糯米粉,,true,approved
1533-4,1533,274,粘米粉,,true,approved
1533-5,1533,1224,澄粉,,true,approved
1533-6,1533,1115,玉米粉,,true,approved
1535-1,1535,54,鸡蛋,,true,approved
1535-3,1535,666,紫菜,,true,approved
1535-5,1535,17,盐,,true,approved
1536-1,1536,79,米饭,,true,approved
1536-10,1536,1920,咸鸭蛋黄,,true,approved
1536-3,1536,90,黄瓜,,true,approved
1536-6,1536,54,鸡蛋,,true,approved
1536-7,1536,281,火腿,,true,approved
1536-8,1536,1919,腌萝卜条,条,true,approved
1537-10,1537,474,香蕉,,true,approved
1537-2,1537,133,细砂糖,,true,approved
1537-3,1537,943,鸡蛋黄,,true,approved
1537-6,1537,123,泡打粉,,true,approved
1537-7,1537,207,鸡蛋清,,true,approved
1537-9,1537,120,低筋面粉,,true,approved
1538-1,1538,781,里脊肉,丝,true,approved
1538-10,1538,270,黑胡椒粉,,true,approved
1538-16,1538,48,淀粉,,true,approved
1538-17,1538,97,白糖,,true,approved
1538-18,1538,17,盐,,true,approved
1538-19,1538,79,米饭,熟,true,approved
1538-3,1538,33,葱,丝,true,approved
1538-4,1538,6,姜,丝,true,approved
1538-7,1538,60,木耳,泡发,true,approved
1538-8,1538,84,胡萝卜,,true,approved
1538-9,1538,216,冬笋,,true,approved
1539-3,1539,50,蒜,,true,approved
1539-7,1539,48,淀粉,干,true,approved
1539-8,1539,125,鸡精,,true,approved
1540-1,1540,492,鸡翅中,,true,approved
1540-10,1540,65,小葱,,true,approved
1540-13,1540,71,香菜,,true,approved
1540-2,1540,6,姜,片,true,approved
1540-3,1540,17,盐,,true,approved
1540-4,1540,283,花椒,,true,approved
1540-5,1540,97,白糖,,true,approved
1540-6,1540,142,八角,,true,approved
1540-7,1540,284,香叶,,true,approved
1540-8,1540,575,小红辣椒,,true,approved
1541-1,1541,226,鲫鱼,段,true,approved
1541-3,1541,33,葱,段,true,approved
1541-4,1541,6,姜,片,true,approved
1541-5,1541,17,盐,,true,approved
1542-2,1542,92,豆豉,,true,approved
1542-4,1542,17,盐,,true,approved
1542-7,1542,33,葱,花,true,approved
1542-8,1542,6,姜,末,true,approved
1543-2,1543,274,粘米粉,,true,approved
1543-3,1543,244,火腿肠,,true,approved
1543-4,1543,84,胡萝卜,,true,approved
1543-5,1543,97,白糖,,true,approved
1543-6,1543,17,盐,,true,approved
1543-7,1543,257,五香粉,,true,approved
1543-8,1543,147,白芝麻,,true,approved
1544-2,1544,121,糖粉,,true,approved
1544-4,1544,317,蛋黄,,true,approved
1544-5,1544,120,低筋面粉,,true,approved
1544-7,1544,33,葱,花,true,approved
1544-8,1544,17,盐,,true,approved
1545-1,1545,1924,桂鱼,,true,approved
1545-10,1545,54,鸡蛋,,true,approved
1545-11,1545,58,面粉,,true,approved
1545-12,1545,48,淀粉,,true,approved
1545-4,1545,201,糖,,true,approved
1545-5,1545,17,盐,,true,approved
1545-6,1545,193,白胡椒粉,,true,approved
1545-8,1545,33,葱,段,true,approved
1545-9,1545,6,姜,片,true,approved
1546-1,1546,1925,牛腿肉,,true,approved
1546-10,1546,224,粉丝,丝,true,approved
1546-11,1546,193,白胡椒粉,,true,approved
1546-12,1546,17,盐,,true,approved
1546-13,1546,707,千张,丝,true,approved
1546-14,1546,71,香菜,碎,true,approved
1546-15,1546,33,葱,花,true,approved
1546-3,1546,6,姜,片,true,approved
1546-5,1546,142,八角,,true,approved
1546-6,1546,141,桂皮,,true,approved
1546-8,1546,284,香叶,,true,approved
1547-1,1547,58,面粉,,true,approved
1547-10,1547,37,胡椒粉,,true,approved
1547-4,1547,203,酵母粉,,true,approved
1547-5,1547,33,葱,花,true,approved
1547-6,1547,6,姜,末,true,approved
1547-7,1547,17,盐,,true,approved
1547-8,1547,96,鸡粉,,true,approved
1547-9,1547,257,五香粉,,true,approved
1548-1,1548,10,茄子,,true,approved
1548-3,1548,50,蒜,,true,approved
1548-4,1548,6,姜,,true,approved
1548-7,1548,48,淀粉,,true,approved
1548-8,1548,17,盐,,true,approved
1549-1,1549,81,猪肉,,true,approved
1549-4,1549,1411,红薯淀粉,,true,approved
1549-6,1549,30,辣椒,干,true,approved
1549-7,1549,50,蒜,,true,approved
1549-8,1549,1928,酸豆角,,true,approved
1550-1,1550,1929,咸鸭蛋,,true,approved
1550-2,1550,1930,松花蛋,,true,approved
1550-3,1550,54,鸡蛋,,true,approved
1551-3,1551,146,蒜瓣,,true,approved
1551-6,1551,239,大葱,,true,approved
1551-7,1551,194,小米椒,,true,approved
1551-8,1551,17,盐,,true,approved
1553-1,1553,855,鸡腿,,true,approved
1553-2,1553,17,盐,,true,approved
1553-6,1553,50,蒜,末,true,approved
1553-8,1553,19,黑胡椒,,true,approved
1555-2,1555,85,香菇,干,true,approved
1555-4,1555,96,鸡粉,,true,approved
1555-5,1555,48,淀粉,,true,approved
1555-6,1555,97,白糖,,true,approved
1555-7,1555,37,胡椒粉,,true,approved
1556-1,1556,218,豆皮,,true,approved
1556-2,1556,107,金针菇,,true,approved
1556-4,1556,25,烧烤粉,,true,approved
1556-5,1556,27,孜然粉,,true,approved
1556-6,1556,17,盐,,true,approved
1557-1,1557,113,小龙虾,,true,approved
1557-3,1557,33,葱,段,true,approved
1557-4,1557,6,姜,片,true,approved
1558-1,1558,120,低筋面粉,,true,approved
1558-2,1558,54,鸡蛋,,true,approved
1558-3,1558,314,橙子,,true,approved
1558-4,1558,133,细砂糖,,true,approved
1559-14,1559,62,花椒粉,,true,approved
1559-15,1559,193,白胡椒粉,,true,approved
1559-16,1559,257,五香粉,,true,approved
1559-17,1559,17,盐,,true,approved
1559-3,1559,188,酵母,,true,approved
1559-4,1559,97,白糖,,true,approved
1559-6,1559,12,洋葱,,true,approved
1559-7,1559,33,葱,花,true,approved
1559-8,1559,6,姜,末,true,approved
1560-7,1560,495,红豆沙,,true,approved
1561-1,1561,1935,鳗鱼柳,,true,approved
1562-1,1562,348,大米,,true,approved
1562-2,1562,447,糯米,,true,approved
1562-3,1562,40,红糖,,true,approved
1563-1,1563,91,排骨,,true,approved
1563-2,1563,744,腐竹,,true,approved
1563-4,1563,50,蒜,末,true,approved
1563-6,1563,17,盐,,true,approved
1564-3,1564,121,糖粉,,true,approved
1564-5,1564,317,蛋黄,,true,approved
1565-1,1565,266,鹌鹑蛋,,true,approved
1565-10,1565,97,白糖,,true,approved
1565-12,1565,17,盐,,true,approved
1565-13,1565,37,胡椒粉,,true,approved
1565-3,1565,81,猪肉,末,true,approved
1565-4,1565,1937,虾滑,,true,approved
1565-5,1565,678,蛋白,,true,approved
1565-6,1565,48,淀粉,,true,approved
1565-9,1565,6,姜,汁,true,approved
1566-1,1566,221,娃娃菜,,true,approved
1566-10,1566,1681,面饼,,true,approved
1566-11,1566,1242,奶酪,片,true,approved
1566-2,1566,1677,平菇,,true,approved
1566-3,1566,1105,鱼丸,,true,approved
1566-4,1566,1678,牛肉丸,,true,approved
1566-5,1566,281,火腿,,true,approved
1566-7,1566,1680,韩国泡菜,,true,approved
1567-12,1567,50,蒜,片,true,approved
1567-13,1567,112,小米辣,,true,approved
1567-15,1567,97,白糖,,true,approved
1568-2,1568,123,泡打粉,,true,approved
1568-3,1568,203,酵母粉,,true,approved
1568-5,1568,40,红糖,,true,approved
1568-7,1568,54,鸡蛋,,true,approved
1568-8,1568,39,红枣,,true,approved
1568-9,1568,164,枸杞,,true,approved
1569-1,1569,91,排骨,,true,approved
1569-10,1569,227,南瓜,,true,approved
1569-11,1569,33,葱,花,true,approved
1569-2,1569,92,豆豉,,true,approved
1569-3,1569,50,蒜,末,true,approved
1569-6,1569,48,淀粉,,true,approved
1569-8,1569,17,盐,,true,approved
1570-1,1570,598,鸡腿肉,,true,approved
1570-10,1570,506,鲜香菇,,true,approved
1570-13,1570,33,葱,花,true,approved
1570-5,1570,17,盐,,true,approved
1570-7,1570,6,姜,片,true,approved
1570-8,1570,50,蒜,,true,approved
1571-8,1571,17,盐,,true,approved
1572-5,1572,17,盐,,true,approved
1573-1,1573,751,猪里脊,,true,approved
1573-13,1573,54,鸡蛋,,true,approved
1573-14,1573,1224,澄粉,,true,approved
1574-1,1574,10,茄子,,true,approved
1574-2,1574,1431,小鱼干,,true,approved
1574-4,1574,6,姜,丝,true,approved
1574-5,1574,33,葱,花,true,approved
1574-6,1574,96,鸡粉,,true,approved
1574-7,1574,17,盐,,true,approved
1575-8,1575,54,鸡蛋,,true,approved
1576-10,1576,86,香干,,true,approved
1576-11,1576,33,葱,花,true,approved
1576-6,1576,17,盐,,true,approved
1576-7,1576,96,鸡粉,,true,approved
1577-1,1577,383,羊肉,,true,approved
1577-12,1577,795,孜然,,true,approved
1577-13,1577,147,白芝麻,熟,true,approved
1577-14,1577,1448,辣椒面,,true,approved
1577-15,1577,17,盐,,true,approved
1577-16,1577,71,香菜,,true,approved
1577-2,1577,257,五香粉,,true,approved
1577-5,1577,283,花椒,,true,approved
1577-6,1577,6,姜,丝,true,approved
1577-7,1577,33,葱,花,true,approved
1577-8,1577,50,蒜,片,true,approved
1577-9,1577,97,白糖,,true,approved
1578-1,1578,474,香蕉,,true,approved
1578-2,1578,837,燕麦,,true,approved
1578-3,1578,54,鸡蛋,,true,approved
1578-5,1578,171,坚果,,true,approved
1578-7,1578,530,蔓越莓干,,true,approved
1580-1,1580,1946,火鸡,,true,approved
1580-14,1580,1948,香橙,,true,approved
1580-15,1580,287,柠檬,,true,approved
1580-16,1580,12,洋葱,,true,approved
1580-19,1580,478,海盐,,true,approved
1580-20,1580,19,黑胡椒,碎,true,approved
1580-23,1580,315,苹果,,true,approved
1581-1,1581,261,鸡胸肉,,true,approved
1581-2,1581,17,盐,,true,approved
1581-3,1581,96,鸡粉,,true,approved
1581-5,1581,26,辣椒粉,,true,approved
1581-7,1581,27,孜然粉,,true,approved
1582-2,1582,188,酵母,,true,approved
1582-3,1582,201,糖,,true,approved
1582-4,1582,17,盐,,true,approved
1583-1,1583,120,低筋面粉,,true,approved
1583-3,1583,317,蛋黄,,true,approved
1583-4,1583,121,糖粉,,true,approved
1583-5,1583,17,盐,,true,approved
1584-1,1584,120,低筋面粉,,true,approved
1584-3,1584,424,抹茶粉,,true,approved
1584-4,1584,121,糖粉,,true,approved
1584-5,1584,678,蛋白,,true,approved
1584-6,1584,17,盐,,true,approved
1584-7,1584,147,白芝麻,,true,approved
1585-1,1585,243,中筋面粉,,true,approved
1585-10,1585,201,糖,,true,approved
1585-13,1585,17,盐,,true,approved
1585-14,1585,19,黑胡椒,,true,approved
1585-3,1585,1950,水牛芝士,,true,approved
1585-5,1585,1951,帕马森芝士,,true,approved
1585-6,1585,281,火腿,片,true,approved
1585-7,1585,437,小番茄,,true,approved
1585-8,1585,188,酵母,,true,approved
1586-1,1586,54,鸡蛋,,true,approved
1586-2,1586,1952,蛤蜊肉,,true,approved
1586-3,1586,6,姜,丝,true,approved
1586-4,1586,33,葱,花,true,approved
1586-5,1586,17,盐,,true,approved
1587-1,1587,546,三文鱼,,true,approved
1587-2,1587,377,菠菜,,true,approved
1587-3,1587,775,圣女果,,true,approved
1587-4,1587,54,鸡蛋,,true,approved
1588-11,1588,12,洋葱,,true,approved
1588-12,1588,11,番茄,,true,approved
1588-14,1588,74,土豆,,true,approved
1588-15,1588,84,胡萝卜,,true,approved
1588-16,1588,17,盐,,true,approved
1588-2,1588,33,葱,花,true,approved
1588-3,1588,50,蒜,末,true,approved
1588-4,1588,6,姜,片,true,approved
1588-5,1588,30,辣椒,干,true,approved
1588-6,1588,798,牛肉,,true,approved
1588-7,1588,142,八角,,true,approved
1589-10,1589,257,五香粉,,true,approved
1589-2,1589,135,肉末,末,true,approved
1589-3,1589,244,火腿肠,,true,approved
1589-4,1589,48,淀粉,,true,approved
1589-5,1589,6,姜,末,true,approved
1589-6,1589,33,葱,花,true,approved
1589-7,1589,17,盐,,true,approved
1589-8,1589,96,鸡粉,,true,approved
1589-9,1589,37,胡椒粉,,true,approved
1590-1,1590,91,排骨,,true,approved
1590-10,1590,1955,辣椒圈,,true,approved
1590-11,1590,48,淀粉,,true,approved
1590-3,1590,50,蒜,,true,approved
1590-8,1590,17,盐,,true,approved
1590-9,1590,37,胡椒粉,,true,approved
1591-1,1591,1394,茼蒿,,true,approved
1591-2,1591,1115,玉米粉,,true,approved
1591-3,1591,58,面粉,,true,approved
1591-4,1591,50,蒜,,true,approved
1592-1,1592,768,花菜,,true,approved
1592-2,1592,50,蒜,蓉,true,approved
1592-4,1592,55,面包糠,,true,approved
1592-5,1592,17,盐,,true,approved
1592-6,1592,270,黑胡椒粉,,true,approved
1593-12,1593,163,黑芝麻,,true,approved
1593-7,1593,400,紫薯粉,,true,approved
1594-1,1594,58,面粉,,true,approved
1594-3,1594,188,酵母,,true,approved
1594-4,1594,561,红曲粉,,true,approved
1594-5,1594,247,芝麻,,true,approved
1595-1,1595,1449,黄鱼,,true,approved
1595-2,1595,314,橙子,,true,approved
1595-3,1595,17,盐,,true,approved
1595-4,1595,19,黑胡椒,,true,approved
1595-5,1595,6,姜,,true,approved
1596-1,1596,467,铁棍山药,,true,approved
1596-2,1596,650,苦瓜,,true,approved
1596-3,1596,207,鸡蛋清,,true,approved
1596-4,1596,17,盐,,true,approved
1597-3,1597,3,冰糖,,true,approved
1597-4,1597,164,枸杞,,true,approved
1597-5,1597,726,桂圆肉,,true,approved
1598-2,1598,6,姜,片,true,approved
1598-3,1598,1358,金华火腿,,true,approved
1598-5,1598,39,红枣,,true,approved
1598-6,1598,164,枸杞,,true,approved
1598-8,1598,17,盐,,true,approved
1599-2,1599,261,鸡胸肉,,true,approved
1599-3,1599,1253,白果,,true,approved
1599-4,1599,85,香菇,,true,approved
1599-5,1599,84,胡萝卜,,true,approved
1599-6,1599,17,盐,,true,approved
1600-7,1600,50,蒜,末,true,approved
1601-4,1601,65,小葱,,true,approved
1602-1,1602,855,鸡腿,,true,approved
1603-1,1603,344,绿豆,,true,approved
1603-3,1603,3,冰糖,,true,approved
1604-4,1604,3,冰糖,,true,approved
1605-2,1605,97,白糖,,true,approved
1605-3,1605,17,盐,,true,approved
1605-4,1605,54,鸡蛋,液,true,approved
1605-5,1605,120,低筋面粉,,true,approved
1605-6,1605,797,小苏打,,true,approved
1605-7,1605,277,花生,碎,true,approved
1606-2,1606,1519,黑豆,,true,approved
1606-3,1606,3,冰糖,,true,approved
1607-10,1607,17,盐,,true,approved
1607-3,1607,33,葱,,true,approved
1607-4,1607,6,姜,,true,approved
1608-1,1608,120,低筋面粉,,true,approved
1608-2,1608,678,蛋白,,true,approved
1608-3,1608,355,可可粉,,true,approved
1608-5,1608,530,蔓越莓干,,true,approved
1608-6,1608,121,糖粉,,true,approved
1608-7,1608,669,奶粉,,true,approved
1609-9,1609,147,白芝麻,熟,true,approved
1610-2,1610,54,鸡蛋,液,true,approved
1610-3,1610,17,盐,,true,approved
1610-4,1610,133,细砂糖,,true,approved
1610-7,1610,669,奶粉,,true,approved
1611-14,1611,133,细砂糖,,true,approved
1611-2,1611,133,细砂糖,,true,approved
1611-7,1611,120,低筋面粉,,true,approved
1611-9,1611,17,盐,,true,approved
1612-12,1612,17,盐,,true,approved
1612-5,1612,6,姜,片,true,approved
1613-1,1613,226,鲫鱼,,true,approved
1613-3,1613,239,大葱,片,true,approved
1613-4,1613,6,姜,片,true,approved
1613-7,1613,17,盐,,true,approved
1613-9,1613,71,香菜,,true,approved
1614-1,1614,120,低筋面粉,,true,approved
1614-2,1614,123,泡打粉,,true,approved
1614-3,1614,1962,橙皮,,true,approved
1614-7,1614,133,细砂糖,,true,approved
1615-11,1615,201,糖,,true,approved
1615-2,1615,50,蒜,,true,approved
1615-3,1615,6,姜,,true,approved
1615-4,1615,194,小米椒,,true,approved
1615-5,1615,594,香葱,,true,approved
1615-8,1615,17,盐,,true,approved
1616-3,1616,135,肉末,末,true,approved
1616-4,1616,567,皮蛋,,true,approved
1616-6,1616,17,盐,,true,approved
1616-7,1616,97,白糖,,true,approved
1616-8,1616,193,白胡椒粉,,true,approved
1616-9,1616,33,葱,花,true,approved
1617-4,1617,1965,珍珠马蹄,,true,approved
1617-6,1617,17,盐,,true,approved
1617-8,1617,39,红枣,,true,approved
1618-10,1618,17,盐,,true,approved
1618-12,1618,120,低筋面粉,,true,approved
1618-8,1618,121,糖粉,,true,approved
1619-12,1619,1174,鸡肉,丁,true,approved
1619-13,1619,84,胡萝卜,丁,true,approved
1619-14,1619,74,土豆,丁,true,approved
1619-15,1619,12,洋葱,丁,true,approved
1619-16,1619,270,黑胡椒粉,,true,approved
1619-17,1619,17,盐,,true,approved
1619-2,1619,120,低筋面粉,,true,approved
1620-1,1620,54,鸡蛋,,true,approved
1620-10,1620,48,淀粉,,true,approved
1620-2,1620,666,紫菜,,true,approved
1620-3,1620,99,虾仁,,true,approved
1620-4,1620,84,胡萝卜,,true,approved
1620-6,1620,17,盐,,true,approved
1620-7,1620,96,鸡粉,,true,approved
1620-8,1620,97,白糖,,true,approved
1621-1,1621,890,麻薯预拌粉,,true,approved
1621-3,1621,97,白糖,,true,approved
1621-4,1621,17,盐,,true,approved
1621-5,1621,54,鸡蛋,液,true,approved
1622-5,1622,50,蒜,片,true,approved
1622-8,1622,17,盐,,true,approved
1622-9,1622,37,胡椒粉,,true,approved
1625-1,1625,316,香梨,,true,approved
1625-3,1625,3,冰糖,,true,approved
1626-1,1626,871,蛏子,,true,approved
1626-2,1626,907,雪菜,,true,approved
1626-5,1626,201,糖,,true,approved
1626-6,1626,33,葱,段,true,approved
1626-7,1626,6,姜,片,true,approved
1627-1,1627,91,排骨,,true,approved
1627-12,1627,97,白糖,,true,approved
1627-13,1627,17,盐,,true,approved
1627-7,1627,33,葱,段,true,approved
1627-8,1627,6,姜,片,true,approved
1627-9,1627,92,豆豉,干,true,approved
1629-1,1629,1174,鸡肉,,true,approved
1629-2,1629,6,姜,片,true,approved
1629-7,1629,17,盐,,true,approved
1630-1,1630,484,龙利鱼,,true,approved
1630-2,1630,496,芒果,,true,approved
1630-3,1630,227,南瓜,,true,approved
1630-5,1630,17,盐,,true,approved
1630-7,1630,6,姜,汁,true,approved
1631-1,1631,1198,荔枝,新鲜,true,approved
1631-2,1631,716,桂圆,干,true,approved
1631-3,1631,39,红枣,,true,approved
1631-4,1631,40,红糖,,true,approved
1632-2,1632,6,姜,,true,approved
1632-3,1632,239,大葱,,true,approved
1632-5,1632,17,盐,,true,approved
1633-1,1633,120,低筋面粉,,true,approved
1633-2,1633,54,鸡蛋,液,true,approved
1633-3,1633,133,细砂糖,,true,approved
1633-6,1633,17,盐,,true,approved
1633-7,1633,1543,红豆沙馅,,true,approved
1634-10,1634,84,胡萝卜,丝,true,approved
1634-12,1634,17,盐,,true,approved
1634-13,1634,37,胡椒粉,,true,approved
1634-14,1634,535,青菜,,true,approved
1634-15,1634,811,马苏里拉奶酪,,true,approved
1634-17,1634,54,鸡蛋,液,true,approved
1634-3,1634,121,糖粉,,true,approved
1634-7,1634,267,培根,片,true,approved
1634-8,1634,12,洋葱,,true,approved
1634-9,1634,658,口蘑,片,true,approved
1635-1,1635,261,鸡胸肉,,true,approved
1635-13,1635,33,葱,花,true,approved
1635-2,1635,17,盐,,true,approved
1635-3,1635,19,黑胡椒,碎,true,approved
1635-4,1635,42,蛋清,,true,approved
1635-5,1635,269,玉米淀粉,,true,approved
1635-8,1635,50,蒜,末,true,approved
1636-1,1636,855,鸡腿,,true,approved
1636-11,1636,17,盐,,true,approved
1636-18,1636,26,辣椒粉,,true,approved
1636-19,1636,27,孜然粉,,true,approved
1636-2,1636,33,葱,丝,true,approved
1636-3,1636,6,姜,丝,true,approved
1636-4,1636,42,蛋清,,true,approved
1636-9,1636,125,鸡精,,true,approved
1637-1,1637,54,鸡蛋,,true,approved
1637-2,1637,120,低筋面粉,,true,approved
1637-4,1637,121,糖粉,,true,approved
1637-5,1637,355,可可粉,,true,approved
1637-7,1637,123,泡打粉,,true,approved
1638-2,1638,212,红辣椒,,true,approved
1638-3,1638,1982,猪血丸子,,true,approved
1638-4,1638,33,葱,,true,approved
1638-5,1638,50,蒜,,true,approved
1638-6,1638,17,盐,,true,approved
1639-1,1639,9,西葫芦,,true,approved
1639-2,1639,135,肉末,末,true,approved
1639-3,1639,58,面粉,,true,approved
1639-4,1639,33,葱,花,true,approved
1639-5,1639,6,姜,末,true,approved
1639-7,1639,17,盐,,true,approved
1639-8,1639,96,鸡粉,,true,approved
1640-3,1640,270,黑胡椒粉,,true,approved
1641-1,1641,170,糯米粉,,true,approved
1641-2,1641,227,南瓜,,true,approved
1641-3,1641,495,红豆沙,,true,approved
1642-10,1642,530,蔓越莓干,,true,approved
1642-8,1642,424,抹茶粉,,true,approved
1642-9,1642,355,可可粉,,true,approved
1643-10,1643,33,葱,花,true,approved
1643-3,1643,17,盐,,true,approved
1643-4,1643,6,姜,末,true,approved
1643-6,1643,11,番茄,,true,approved
1644-3,1644,133,细砂糖,,true,approved
1645-1,1645,348,大米,,true,approved
1645-2,1645,447,糯米,,true,approved
1645-3,1645,3,冰糖,,true,approved
1645-5,1645,164,枸杞,,true,approved
1645-7,1645,163,黑芝麻,熟,true,approved
1646-1,1646,695,全麦面粉,,true,approved
1646-3,1646,54,鸡蛋,,true,approved
1646-4,1646,40,红糖,,true,approved
1646-5,1646,17,盐,,true,approved
1646-6,1646,188,酵母,,true,approved
1647-1,1647,546,三文鱼,,true,approved
1647-2,1647,19,黑胡椒,碎,true,approved
1647-4,1647,146,蒜瓣,,true,approved
1647-6,1647,17,盐,,true,approved
1648-3,1648,65,小葱,段,true,approved
1648-4,1648,6,姜,片,true,approved
1649-2,1649,188,酵母,干,true,approved
1649-3,1649,17,盐,,true,approved
1649-6,1649,1986,粗玉米面,,true,approved
1649-8,1649,54,鸡蛋,,true,approved
1650-11,1650,1533,贝贝南瓜,,true,approved
1650-12,1650,365,玉米,,true,approved
1650-13,1650,84,胡萝卜,,true,approved
1650-14,1650,74,土豆,,true,approved
1651-19,1651,17,盐,,true,approved
1651-2,1651,65,小葱,,true,approved
1651-3,1651,6,姜,,true,approved
1651-4,1651,142,八角,,true,approved
1651-5,1651,141,桂皮,,true,approved
1651-6,1651,764,草果,,true,approved
1651-7,1651,284,香叶,,true,approved
1652-1,1652,421,澄面,,true,approved
1652-11,1652,96,鸡粉,,true,approved
1652-12,1652,37,胡椒粉,,true,approved
1652-2,1652,48,淀粉,,true,approved
1652-3,1652,135,肉末,末,true,approved
1652-4,1652,99,虾仁,,true,approved
1652-5,1652,84,胡萝卜,,true,approved
1652-8,1652,17,盐,,true,approved
1652-9,1652,97,白糖,,true,approved
1653-10,1653,90,黄瓜,,true,approved
1653-11,1653,84,胡萝卜,,true,approved
1653-2,1653,65,小葱,段,true,approved
1653-6,1653,50,蒜,末,true,approved
1653-7,1653,97,白糖,,true,approved
1653-8,1653,17,盐,,true,approved
1653-9,1653,742,腰果,熟,true,approved
1654-2,1654,92,豆豉,,true,approved
1654-3,1654,17,盐,,true,approved
1654-6,1654,6,姜,,true,approved
1655-1,1655,314,橙子,,true,approved
1655-10,1655,269,玉米淀粉,,true,approved
1655-2,1655,133,细砂糖,,true,approved
1655-5,1655,133,细砂糖,,true,approved
1655-7,1655,17,盐,,true,approved
1655-9,1655,120,低筋面粉,,true,approved
1656-1,1656,794,冬瓜,,true,approved
1657-1,1657,243,中筋面粉,,true,approved
1657-10,1657,54,鸡蛋,,true,approved
1657-11,1657,193,白胡椒粉,,true,approved
1657-3,1657,81,猪肉,末,true,approved
1657-4,1657,239,大葱,,true,approved
1657-5,1657,6,姜,,true,approved
1657-6,1657,97,白糖,,true,approved
1657-7,1657,17,盐,,true,approved
1658-1,1658,1993,山楂圈,,true,approved
1658-4,1658,3,冰糖,,true,approved
1659-1,1659,496,芒果,,true,approved
1659-4,1659,97,白糖,,true,approved
1660-1,1660,54,鸡蛋,,true,approved
1660-3,1660,97,白糖,,true,approved
1660-4,1660,188,酵母,,true,approved
1660-5,1660,249,高筋面粉,,true,approved
1660-6,1660,669,奶粉,,true,approved
1660-7,1660,17,盐,,true,approved
1660-9,1660,424,抹茶粉,,true,approved
1661-1,1661,1837,猪肝,,true,approved
1661-11,1661,60,木耳,,true,approved
1661-13,1661,260,剁辣椒,,true,approved
1661-15,1661,97,白糖,,true,approved
1661-5,1661,48,淀粉,,true,approved
1661-7,1661,6,姜,片,true,approved
1661-8,1661,50,蒜,,true,approved
1661-9,1661,115,青椒,,true,approved
1662-1,1662,424,抹茶粉,,true,approved
1662-3,1662,317,蛋黄,,true,approved
1662-5,1662,120,低筋面粉,,true,approved
1662-6,1662,678,蛋白,,true,approved
1662-8,1662,97,白糖,,true,approved
1663-1,1663,1174,鸡肉,,true,approved
1663-10,1663,92,豆豉,,true,approved
1663-12,1663,97,白糖,,true,approved
1663-14,1663,115,青椒,,true,approved
1663-4,1663,6,姜,片,true,approved
1663-5,1663,17,盐,,true,approved
1663-7,1663,48,淀粉,,true,approved
1663-8,1663,30,辣椒,干,true,approved
1664-5,1664,277,花生,碎,true,approved
1665-1,1665,59,韭菜,,true,approved
1665-4,1665,1818,虾米,,true,approved
1665-6,1665,58,面粉,,true,approved
1665-7,1665,188,酵母,,true,approved
1665-8,1665,17,盐,,true,approved
1666-1,1666,249,高筋面粉,,true,approved
1666-3,1666,54,鸡蛋,,true,approved
1666-4,1666,17,盐,,true,approved
1666-5,1666,133,细砂糖,,true,approved
1666-6,1666,188,酵母,,true,approved
1667-4,1667,6,姜,片,true,approved
1667-5,1667,50,蒜,,true,approved
1667-6,1667,17,盐,,true,approved
1667-7,1667,193,白胡椒粉,,true,approved
1667-8,1667,567,皮蛋,,true,approved
1668-3,1668,17,盐,,true,approved
1668-5,1668,267,培根,,true,approved
1668-6,1668,11,番茄,,true,approved
1669-3,1669,281,火腿,,true,approved
1669-4,1669,1242,奶酪,丝,true,approved
1669-5,1669,54,鸡蛋,,true,approved
1670-2,1670,156,五花肉,,true,approved
1670-3,1670,239,大葱,,true,approved
1670-6,1670,1827,油豆腐,,true,approved
1670-7,1670,17,盐,,true,approved
1670-8,1670,97,白糖,,true,approved
1670-9,1670,221,娃娃菜,,true,approved
1671-1,1671,447,糯米,,true,approved
1671-2,1671,135,肉末,末,true,approved
1671-3,1671,592,咸蛋黄,,true,approved
1671-4,1671,12,洋葱,,true,approved
1671-5,1671,84,胡萝卜,,true,approved
1671-6,1671,6,姜,,true,approved
1671-7,1671,17,盐,,true,approved
1672-2,1672,133,细砂糖,,true,approved
1672-3,1672,188,酵母,,true,approved
1672-4,1672,243,中筋面粉,,true,approved
1672-5,1672,1997,全脂奶粉,,true,approved
1672-6,1672,355,可可粉,,true,approved
1673-1,1673,221,娃娃菜,,true,approved
1673-2,1673,107,金针菇,,true,approved
1673-4,1673,33,葱,,true,approved
1673-5,1673,50,蒜,,true,approved
1674-3,1674,6,姜,,true,approved
1674-5,1674,287,柠檬,,true,approved
1674-6,1674,65,小葱,,true,approved
1674-8,1674,71,香菜,,true,approved
1675-1,1675,135,肉末,末,true,approved
1675-2,1675,54,鸡蛋,,true,approved
1675-3,1675,33,葱,花,true,approved
1675-4,1675,50,蒜,末,true,approved
1675-5,1675,17,盐,,true,approved
1675-6,1675,96,鸡粉,,true,approved
1675-7,1675,37,胡椒粉,,true,approved
1675-8,1675,97,白糖,,true,approved
1676-1,1676,232,丝瓜,,true,approved
1676-2,1676,224,粉丝,丝,true,approved
1676-3,1676,867,茶树菇,,true,approved
1676-4,1676,6,姜,末,true,approved
1676-7,1676,17,盐,,true,approved
1676-8,1676,201,糖,,true,approved
1677-1,1677,1512,鸡全翅,,true,approved
1678-1,1678,1449,黄鱼,,true,approved
1678-2,1678,245,豆腐,,true,approved
1678-3,1678,115,青椒,丝,true,approved
1678-5,1678,6,姜,丝,true,approved
1678-6,1678,33,葱,花,true,approved
1678-7,1678,17,盐,,true,approved
1678-8,1678,96,鸡粉,,true,approved
1679-1,1679,798,牛肉,,true,approved
1679-11,1679,79,米饭,,true,approved
1679-12,1679,97,白糖,,true,approved
1679-2,1679,65,小葱,,true,approved
1679-3,1679,6,姜,,true,approved
1679-4,1679,11,番茄,,true,approved
1679-5,1679,17,盐,,true,approved
1679-7,1679,270,黑胡椒粉,,true,approved
1680-1,1680,135,肉末,末,true,approved
1680-3,1680,11,番茄,,true,approved
1680-4,1680,12,洋葱,,true,approved
1680-5,1680,42,蛋清,,true,approved
1680-6,1680,6,姜,末,true,approved
1680-7,1680,17,盐,,true,approved
1680-9,1680,48,淀粉,,true,approved
1681-1,1681,1998,鱿鱼肉,,true,approved
1681-2,1681,33,葱,丝,true,approved
1681-3,1681,33,葱,花,true,approved
1681-4,1681,6,姜,片,true,approved
1681-5,1681,17,盐,,true,approved
1682-2,1682,1242,奶酪,,true,approved
1682-4,1682,97,白糖,,true,approved
1682-6,1682,365,玉米,熟+粒,true,approved
1683-1,1683,290,小米,,true,approved
1683-3,1683,17,盐,,true,approved
1683-4,1683,277,花生,,true,approved
1684-1,1684,662,黄豆,,true,approved
1684-3,1684,97,白糖,,true,approved
1685-3,1685,54,鸡蛋,,true,approved
1685-5,1685,17,盐,,true,approved
1685-6,1685,201,糖,,true,approved
1686-4,1686,943,鸡蛋黄,,true,approved
1686-5,1686,133,细砂糖,,true,approved
1686-6,1686,2000,鸡蛋白,,true,approved
1686-7,1686,133,细砂糖,,true,approved
1686-8,1686,355,可可粉,,true,approved
1686-9,1686,120,低筋面粉,,true,approved
1688-1,1688,315,苹果,,true,approved
1688-2,1688,84,胡萝卜,,true,approved
1689-1,1689,2002,比目鱼,,true,approved
1689-10,1689,17,盐,,true,approved
1689-3,1689,6,姜,,true,approved
1689-5,1689,30,辣椒,干,true,approved
1690-1,1690,227,南瓜,去皮,true,approved
1690-2,1690,170,糯米粉,,true,approved
1690-5,1690,147,白芝麻,,true,approved
1691-1,1691,91,排骨,,true,approved
1691-10,1691,97,白糖,,true,approved
1691-11,1691,997,豆角,,true,approved
1691-12,1691,17,盐,,true,approved
1691-4,1691,65,小葱,段,true,approved
1691-5,1691,6,姜,片,true,approved
1691-6,1691,2004,小米辣椒,,true,approved
1692-1,1692,261,鸡胸肉,,true,approved
1692-3,1692,6,姜,,true,approved
1692-4,1692,220,饺子皮,,true,approved
1692-5,1692,17,盐,,true,approved
1692-6,1692,96,鸡粉,,true,approved
1694-3,1694,17,盐,,true,approved
1695-3,1695,74,土豆,,true,approved
1695-5,1695,6,姜,片,true,approved
1695-7,1695,17,盐,,true,approved
1695-8,1695,33,葱,花,true,approved
1696-2,1696,671,草莓,,true,approved
1696-6,1696,120,低筋面粉,,true,approved
1696-7,1696,317,蛋黄,,true,approved
1697-13,1697,243,中筋面粉,,true,approved
1697-14,1697,120,低筋面粉,,true,approved
1697-21,1697,133,细砂糖,,true,approved
1697-23,1697,54,鸡蛋,液,true,approved
1698-1,1698,261,鸡胸肉,,true,approved
1698-11,1698,54,鸡蛋,,true,approved
1698-2,1698,85,香菇,干,true,approved
1698-3,1698,1071,嫩豆腐,,true,approved
1698-5,1698,6,姜,,true,approved
1698-6,1698,65,小葱,,true,approved
1698-7,1698,17,盐,,true,approved
1698-8,1698,48,淀粉,,true,approved
1699-1,1699,54,鸡蛋,,true,approved
1699-2,1699,60,木耳,,true,approved
1699-4,1699,17,盐,,true,approved
1700-1,1700,585,银耳,,true,approved
1700-2,1700,2009,鸽蛋,,true,approved
1700-6,1700,48,淀粉,,true,approved
1701-1,1701,54,鸡蛋,,true,approved
1701-2,1701,74,土豆,,true,approved
1701-3,1701,365,玉米,,true,approved
1701-5,1701,90,黄瓜,,true,approved
1701-6,1701,244,火腿肠,,true,approved
1701-7,1701,17,盐,,true,approved
1701-8,1701,270,黑胡椒粉,,true,approved
1702-1,1702,226,鲫鱼,,true,approved
1702-2,1702,6,姜,,true,approved
1702-3,1702,65,小葱,,true,approved
1702-5,1702,257,五香粉,,true,approved
1702-6,1702,26,辣椒粉,,true,approved
1702-7,1702,27,孜然粉,,true,approved
1702-8,1702,147,白芝麻,,true,approved
1704-1,1704,120,低筋面粉,,true,approved
1704-3,1704,54,鸡蛋,,true,approved
1704-6,1704,133,细砂糖,,true,approved
1705-12,1705,17,盐,,true,approved
1705-13,1705,97,白糖,,true,approved
1705-14,1705,125,鸡精,,true,approved
1705-15,1705,193,白胡椒粉,,true,approved
1705-2,1705,6,姜,,true,approved
1705-3,1705,33,葱,,true,approved
1705-5,1705,12,洋葱,碎,true,approved
1705-6,1705,50,蒜,蓉,true,approved
1707-1,1707,907,雪菜,,true,approved
1707-4,1707,17,盐,,true,approved
1707-5,1707,97,白糖,,true,approved
1707-6,1707,2016,蚕豆米,,true,approved
1708-1,1708,1774,咸鱼,,true,approved
1708-2,1708,245,豆腐,,true,approved
1708-4,1708,17,盐,,true,approved
1708-5,1708,201,糖,,true,approved
1708-8,1708,33,葱,,true,approved
1708-9,1708,6,姜,,true,approved
1709-4,1709,54,鸡蛋,液,true,approved
1709-5,1709,121,糖粉,,true,approved
1710-2,1710,1454,生山楂干,,true,approved
1710-3,1710,1455,乌枣,,true,approved
1710-8,1710,3,冰糖,,true,approved
1711-1,1711,2019,筒子骨,,true,approved
1711-2,1711,293,白萝卜,,true,approved
1711-3,1711,6,姜,片,true,approved
1711-6,1711,17,盐,,true,approved
1711-7,1711,33,葱,花,true,approved
1712-1,1712,314,橙子,,true,approved
1712-2,1712,84,胡萝卜,,true,approved
1713-2,1713,133,细砂糖,,true,approved
1713-3,1713,120,低筋面粉,,true,approved
1714-1,1714,2020,鱼,,true,approved
1714-10,1714,33,葱,,true,approved
1714-11,1714,37,胡椒粉,,true,approved
1714-12,1714,17,盐,,true,approved
1714-13,1714,62,花椒粉,,true,approved
1714-6,1714,30,辣椒,干+段,true,approved
1714-7,1714,6,姜,,true,approved
1714-8,1714,50,蒜,,true,approved
1715-1,1715,91,排骨,,true,approved
1715-3,1715,194,小米椒,,true,approved
1715-4,1715,50,蒜,,true,approved
1715-5,1715,17,盐,,true,approved
1715-6,1715,97,白糖,,true,approved
1715-7,1715,48,淀粉,,true,approved
1715-8,1715,193,白胡椒粉,,true,approved
1716-1,1716,743,牛腩,,true,approved
1716-2,1716,6,姜,片,true,approved
1716-3,1716,239,大葱,段,true,approved
1716-4,1716,764,草果,,true,approved
1716-6,1716,293,白萝卜,,true,approved
1716-7,1716,445,芹菜,,true,approved
1716-9,1716,17,盐,,true,approved
1717-4,1717,54,鸡蛋,液,true,approved
1717-5,1717,133,细砂糖,,true,approved
1717-6,1717,120,低筋面粉,,true,approved
1717-7,1717,123,泡打粉,,true,approved
1718-1,1718,1859,豌豆淀粉,,true,approved
1718-10,1718,112,小米辣,,true,approved
1718-12,1718,71,香菜,,true,approved
1718-5,1718,50,蒜,末,true,approved
1718-6,1718,62,花椒粉,,true,approved
1718-7,1718,97,白糖,,true,approved
1718-9,1718,17,盐,,true,approved
1719-2,1719,65,小葱,段,true,approved
1719-3,1719,575,小红辣椒,,true,approved
1719-4,1719,60,木耳,泡发,true,approved
1719-5,1719,502,莴笋,,true,approved
1719-8,1719,17,盐,,true,approved
1720-1,1720,365,玉米,,true,approved
1721-2,1721,17,盐,,true,approved
1721-5,1721,33,葱,花,true,approved
1722-1,1722,10,茄子,,true,approved
1722-10,1722,17,盐,,true,approved
1722-5,1722,50,蒜,,true,approved
1722-9,1722,6,姜,,true,approved
1724-3,1724,346,莲子,,true,approved
1724-5,1724,465,山药,,true,approved
1724-6,1724,91,排骨,,true,approved
1724-7,1724,17,盐,,true,approved
1725-1,1725,104,红豆,,true,approved
1725-2,1725,346,莲子,,true,approved
1725-3,1725,1047,百合,,true,approved
1725-4,1725,3,冰糖,,true,approved
1726-1,1726,2023,方便面,,true,approved
1726-2,1726,781,里脊肉,丝,true,approved
1726-3,1726,997,豆角,,true,approved
1726-4,1726,11,番茄,,true,approved
1726-5,1726,17,盐,,true,approved
1726-6,1726,54,鸡蛋,,true,approved
1727-1,1727,633,山楂,新鲜,true,approved
1727-2,1727,39,红枣,,true,approved
1727-3,1727,467,铁棍山药,,true,approved
1727-4,1727,1406,茯苓粉,,true,approved
1727-6,1727,615,麦芽糖,,true,approved
1728-4,1728,317,蛋黄,,true,approved
1728-6,1728,54,鸡蛋,,true,approved
1728-7,1728,133,细砂糖,,true,approved
1728-8,1728,671,草莓,,true,approved
1729-1,1729,152,鳕鱼,,true,approved
1729-2,1729,6,姜,,true,approved
1729-3,1729,65,小葱,,true,approved
1729-4,1729,92,豆豉,,true,approved
1731-4,1731,6,姜,,true,approved
1731-5,1731,65,小葱,,true,approved
1732-1,1732,79,米饭,熟,true,approved
1732-2,1732,42,蛋清,,true,approved
1733-1,1733,293,白萝卜,,true,approved
1733-3,1733,84,胡萝卜,,true,approved
1733-4,1733,222,黑木耳,,true,approved
1733-6,1733,17,盐,,true,approved
1734-1,1734,120,低筋面粉,,true,approved
1734-2,1734,317,蛋黄,,true,approved
1734-3,1734,54,鸡蛋,,true,approved
1734-5,1734,44,杏仁,片,true,approved
1734-6,1734,306,核桃,去壳,true,approved
1734-8,1734,123,泡打粉,,true,approved
1734-9,1734,2029,小苏打粉,,true,approved
1735-1,1735,2030,黑米粉,,true,approved
1735-2,1735,1115,玉米粉,,true,approved
1735-3,1735,188,酵母,,true,approved
1737-2,1737,39,红枣,去核,true,approved
1737-3,1737,97,白糖,,true,approved
1737-4,1737,54,鸡蛋,液,true,approved
1737-5,1737,120,低筋面粉,,true,approved
1737-6,1737,123,泡打粉,,true,approved
1737-7,1737,797,小苏打,,true,approved
1739-2,1739,1357,笋干,,true,approved
1739-3,1739,281,火腿,,true,approved
1739-4,1739,6,姜,,true,approved
1740-1,1740,54,鸡蛋,,true,approved
1740-4,1740,50,蒜,末,true,approved
1740-5,1740,6,姜,末,true,approved
1740-6,1740,65,小葱,,true,approved
1740-9,1740,201,糖,,true,approved
1741-12,1741,17,盐,,true,approved
1741-13,1741,97,白糖,,true,approved
1741-15,1741,33,葱,花,true,approved
1741-2,1741,6,姜,,true,approved
1741-3,1741,50,蒜,片,true,approved
1741-4,1741,284,香叶,,true,approved
1741-5,1741,141,桂皮,,true,approved
1741-6,1741,142,八角,,true,approved
1741-7,1741,1174,鸡肉,,true,approved
1742-1,1742,317,蛋黄,,true,approved
1742-2,1742,2032,婴儿奶粉,,true,approved
1743-1,1743,890,麻薯预拌粉,,true,approved
1743-3,1743,163,黑芝麻,,true,approved
1743-4,1743,54,鸡蛋,液,true,approved
1743-6,1743,133,细砂糖,,true,approved
1743-7,1743,17,盐,,true,approved
1744-1,1744,48,淀粉,,true,approved
1744-4,1744,50,蒜,末,true,approved
1744-5,1744,794,冬瓜,,true,approved
1744-7,1744,17,盐,,true,approved
1744-8,1744,33,葱,花,true,approved
1745-2,1745,2034,洪湖莲藕,,true,approved
1745-3,1745,346,莲子,去芯+鲜,true,approved
1745-4,1745,2036,龙骨,,true,approved
1746-1,1746,170,糯米粉,,true,approved
1746-2,1746,1129,花生米,,true,approved
1746-3,1746,97,白糖,,true,approved
1748-1,1748,1250,马蹄粉,,true,approved
1748-2,1748,274,粘米粉,,true,approved
1748-4,1748,3,冰糖,,true,approved
1748-5,1748,2037,无糖芝麻粉,,true,approved
1749-1,1749,348,大米,,true,approved
1749-11,1749,6,姜,片,true,approved
1749-12,1749,33,葱,花,true,approved
1749-2,1749,855,鸡腿,,true,approved
1749-3,1749,365,玉米,粒,true,approved
1749-8,1749,270,黑胡椒粉,,true,approved
1749-9,1749,48,淀粉,,true,approved
1750-1,1750,1719,苋菜,,true,approved
1750-2,1750,923,粉蒸粉,,true,approved
1750-3,1750,17,盐,,true,approved
1751-1,1751,293,白萝卜,,true,approved
1751-3,1751,233,贝,干,true,approved
1751-4,1751,1818,虾米,,true,approved
1751-6,1751,17,盐,,true,approved
1751-7,1751,97,白糖,,true,approved
1751-8,1751,274,粘米粉,,true,approved
1751-9,1751,421,澄面,,true,approved
1752-2,1752,12,洋葱,,true,approved
1752-3,1752,2039,鸭胸肉,,true,approved
1752-4,1752,594,香葱,末,true,approved
1752-5,1752,284,香叶,,true,approved
1752-6,1752,17,盐,,true,approved
1752-7,1752,19,黑胡椒,碎,true,approved
1753-2,1753,170,糯米粉,,true,approved
1753-3,1753,227,南瓜,,true,approved
1753-4,1753,3,冰糖,,true,approved
1754-10,1754,142,八角,,true,approved
1754-11,1754,141,桂皮,,true,approved
1754-12,1754,284,香叶,,true,approved
1754-2,1754,84,胡萝卜,,true,approved
1754-3,1754,50,蒜,,true,approved
1754-4,1754,12,洋葱,,true,approved
1754-9,1754,17,盐,,true,approved
1755-2,1755,33,葱,,true,approved
1755-4,1755,6,姜,,true,approved
1756-2,1756,92,豆豉,,true,approved
1756-3,1756,1187,小黄鱼,,true,approved
1756-4,1756,33,葱,,true,approved
1756-5,1756,6,姜,,true,approved
1757-1,1757,2042,草鸡,,true,approved
1757-3,1757,6,姜,丝,true,approved
1757-4,1757,164,枸杞,,true,approved
1757-6,1757,17,盐,,true,approved
1757-7,1757,193,白胡椒粉,,true,approved
1757-8,1757,48,淀粉,,true,approved
1758-1,1758,293,白萝卜,,true,approved
1758-3,1758,17,盐,,true,approved
1758-4,1758,71,香菜,,true,approved
1759-1,1759,156,五花肉,,true,approved
1759-10,1759,49,生菜,,true,approved
1759-2,1759,292,牛肋条,条,true,approved
1761-1,1761,794,冬瓜,,true,approved
1761-3,1761,105,薏米,,true,approved
1761-4,1761,6,姜,丝,true,approved
1761-5,1761,33,葱,段,true,approved
1762-1,1762,58,面粉,,true,approved
1762-2,1762,188,酵母,,true,approved
1763-1,1763,1633,嫩姜,,true,approved
1763-2,1763,40,红糖,,true,approved
1764-1,1764,593,海参,,true,approved
1764-2,1764,707,千张,,true,approved
1764-3,1764,746,猪肉糜,,true,approved
1764-5,1764,894,荠菜,,true,approved
1764-6,1764,535,青菜,,true,approved
1764-7,1764,2046,面筋,,true,approved
1765-1,1765,684,猪脚,,true,approved
1765-2,1765,6,姜,片,true,approved
1765-5,1765,345,芸豆,,true,approved
1765-7,1765,17,盐,,true,approved
1765-8,1765,164,枸杞,,true,approved
1767-1,1767,58,面粉,,true,approved
1767-2,1767,188,酵母,,true,approved
1767-4,1767,54,鸡蛋,,true,approved
1767-5,1767,281,火腿,片,true,approved
1767-6,1767,49,生菜,,true,approved
1768-1,1768,346,莲子,干,true,approved
1768-3,1768,1047,百合,干,true,approved
1768-4,1768,3,冰糖,,true,approved
1769-1,1769,1160,猪排,,true,approved
1769-10,1769,27,孜然粉,,true,approved
1769-2,1769,17,盐,,true,approved
1769-5,1769,26,辣椒粉,,true,approved
1769-7,1769,96,鸡粉,,true,approved
1770-2,1770,133,细砂糖,,true,approved
1770-6,1770,495,红豆沙,,true,approved
1771-1,1771,592,咸蛋黄,熟,true,approved
1771-2,1771,567,皮蛋,,true,approved
1771-3,1771,267,培根,,true,approved
1771-4,1771,382,芦笋,,true,approved
1771-6,1771,50,蒜,片,true,approved
1771-8,1771,17,盐,,true,approved
1772-1,1772,245,豆腐,,true,approved
1772-3,1772,233,贝,干,true,approved
1772-4,1772,84,胡萝卜,,true,approved
1772-5,1772,33,葱,花,true,approved
1772-6,1772,17,盐,,true,approved
1772-7,1772,96,鸡粉,,true,approved
1773-6,1773,2053,橙子果肉,,true,approved
1773-9,1773,314,橙子,,true,approved
1774-2,1774,50,蒜,末,true,approved
1774-3,1774,112,小米辣,,true,approved
1774-4,1774,92,豆豉,,true,approved
1774-5,1774,2056,牛肚,熟,true,approved
1774-7,1774,115,青椒,,true,approved
1774-8,1774,17,盐,,true,approved
1774-9,1774,97,白糖,,true,approved
1775-13,1775,317,蛋黄,,true,approved
1776-2,1776,17,盐,,true,approved
1776-5,1776,12,洋葱,碎,true,approved
1776-6,1776,267,培根,片,true,approved
1776-8,1776,19,黑胡椒,碎,true,approved
1777-2,1777,50,蒜,末,true,approved
1777-3,1777,30,辣椒,干,true,approved
1777-4,1777,202,白菜,,true,approved
1777-5,1777,17,盐,,true,approved
1777-7,1777,97,白糖,,true,approved
1778-3,1778,97,白糖,,true,approved
1778-4,1778,147,白芝麻,,true,approved
1779-10,1779,266,鹌鹑蛋,熟,true,approved
1779-11,1779,107,金针菇,,true,approved
1779-12,1779,85,香菇,,true,approved
1779-13,1779,508,莲藕,,true,approved
1779-14,1779,218,豆皮,,true,approved
1779-15,1779,445,芹菜,,true,approved
1779-16,1779,74,土豆,,true,approved
1779-17,1779,535,青菜,,true,approved
1779-18,1779,147,白芝麻,熟,true,approved
1779-19,1779,71,香菜,,true,approved
1779-5,1779,50,蒜,末,true,approved
1779-6,1779,6,姜,末,true,approved
1779-8,1779,229,鸡爪,,true,approved
1780-1,1780,156,五花肉,,true,approved
1780-2,1780,1929,咸鸭蛋,,true,approved
1780-3,1780,33,葱,花,true,approved
1780-4,1780,17,盐,,true,approved
1780-5,1780,96,鸡粉,,true,approved
1780-7,1780,48,淀粉,,true,approved
1781-11,1781,811,马苏里拉奶酪,,true,approved
1781-2,1781,875,白米饭,,true,approved
1781-5,1781,267,培根,,true,approved
1781-6,1781,437,小番茄,,true,approved
1781-7,1781,50,蒜,,true,approved
1782-2,1782,50,蒜,末,true,approved
1782-3,1782,33,葱,花,true,approved
1782-4,1782,445,芹菜,,true,approved
1782-5,1782,84,胡萝卜,,true,approved
1782-6,1782,2059,鲜黑木耳,,true,approved
1782-9,1782,17,盐,,true,approved
1783-1,1783,227,南瓜,去皮+新鲜,true,approved
1783-2,1783,397,紫薯,去皮+新鲜,true,approved
1783-3,1783,170,糯米粉,,true,approved
1783-4,1783,201,糖,,true,approved
1784-1,1784,447,糯米,,true,approved
1785-2,1785,120,低筋面粉,,true,approved
1785-3,1785,249,高筋面粉,,true,approved
1785-4,1785,54,鸡蛋,,true,approved
1785-7,1785,133,细砂糖,,true,approved
1786-1,1786,2062,虾丸,,true,approved
1786-2,1786,25,烧烤粉,,true,approved
1786-3,1786,26,辣椒粉,,true,approved
1786-4,1786,27,孜然粉,,true,approved
1787-1,1787,232,丝瓜,去皮,true,approved
1787-2,1787,893,香肠,,true,approved
1787-3,1787,164,枸杞,熟,true,approved
1788-1,1788,10,茄子,,true,approved
1788-4,1788,17,盐,,true,approved
1788-5,1788,50,蒜,,true,approved
1788-7,1788,26,辣椒粉,,true,approved
1789-1,1789,10,茄子,,true,approved
1789-2,1789,33,葱,花,true,approved
1789-3,1789,17,盐,,true,approved
1789-4,1789,37,胡椒粉,,true,approved
1789-5,1789,97,白糖,,true,approved
1790-3,1790,508,莲藕,,true,approved
1790-4,1790,6,姜,,true,approved
1790-9,1790,33,葱,,true,approved
1791-1,1791,266,鹌鹑蛋,,true,approved
1791-4,1791,244,火腿肠,,true,approved
1791-5,1791,33,葱,花,true,approved
1791-6,1791,37,胡椒粉,,true,approved
1792-2,1792,613,中筋粉,,true,approved
1792-6,1792,317,蛋黄,,true,approved
1793-1,1793,1837,猪肝,,true,approved
1793-10,1793,33,葱,花,true,approved
1793-12,1793,97,白糖,,true,approved
1793-2,1793,90,黄瓜,,true,approved
1793-3,1793,2059,鲜黑木耳,,true,approved
1793-5,1793,17,盐,,true,approved
1793-6,1793,48,淀粉,,true,approved
1793-8,1793,6,姜,末,true,approved
1793-9,1793,50,蒜,末,true,approved
1794-1,1794,798,牛肉,,true,approved
1794-4,1794,17,盐,,true,approved
1794-6,1794,84,胡萝卜,,true,approved
1794-8,1794,33,葱,段,true,approved
1794-9,1794,193,白胡椒粉,,true,approved
1795-1,1795,58,面粉,,true,approved
1795-2,1795,60,木耳,,true,approved
1795-3,1795,85,香菇,,true,approved
1795-4,1795,568,榨菜,末,true,approved
1795-5,1795,54,鸡蛋,,true,approved
1795-8,1795,17,盐,,true,approved
1797-1,1797,120,低筋面粉,,true,approved
1797-3,1797,97,白糖,,true,approved
1797-4,1797,54,鸡蛋,,true,approved
1797-5,1797,269,玉米淀粉,,true,approved
1797-6,1797,669,奶粉,,true,approved
1797-7,1797,1242,奶酪,,true,approved
1797-9,1797,317,蛋黄,,true,approved
1798-1,1798,1748,虾饺,,true,approved
1799-10,1799,17,盐,,true,approved
1799-11,1799,3,冰糖,,true,approved
1799-12,1799,193,白胡椒粉,,true,approved
1799-13,1799,74,土豆,,true,approved
1799-6,1799,6,姜,片,true,approved
1799-7,1799,12,洋葱,,true,approved
1799-8,1799,11,番茄,,true,approved
1801-1,1801,484,龙利鱼,,true,approved
1801-8,1801,19,黑胡椒,,true,approved
1802-1,1802,465,山药,,true,approved
1802-2,1802,397,紫薯,,true,approved
1802-3,1802,227,南瓜,,true,approved
1802-4,1802,978,小土豆,,true,approved
1802-7,1802,97,白糖,,true,approved
1803-1,1803,2071,龟苓膏粉,,true,approved
1804-2,1804,281,火腿,,true,approved
1804-3,1804,123,泡打粉,,true,approved
1804-4,1804,133,细砂糖,,true,approved
1804-6,1804,188,酵母,,true,approved
1806-3,1806,97,白糖,,true,approved
1806-4,1806,123,泡打粉,,true,approved
1806-5,1806,188,酵母,干,true,approved
1807-3,1807,54,鸡蛋,液,true,approved
1807-5,1807,17,盐,,true,approved
1807-6,1807,133,细砂糖,,true,approved
1807-7,1807,188,酵母,,true,approved
1807-8,1807,249,高筋面粉,,true,approved
1809-1,1809,74,土豆,,true,approved
1809-2,1809,85,香菇,,true,approved
1809-3,1809,84,胡萝卜,,true,approved
1809-4,1809,768,花菜,,true,approved
1809-5,1809,227,南瓜,,true,approved
1809-6,1809,245,豆腐,,true,approved
1809-7,1809,666,紫菜,,true,approved
1810-1,1810,837,燕麦,,true,approved
1810-2,1810,1142,米,,true,approved
1811-3,1811,58,面粉,,true,approved
1811-4,1811,54,鸡蛋,,true,approved
1811-7,1811,62,花椒粉,,true,approved
1812-10,1812,3,冰糖,,true,approved
1812-3,1812,85,香菇,干,true,approved
1812-5,1812,1029,黄花菜,干,true,approved
1812-6,1812,609,花生仁,,true,approved
1814-11,1814,33,葱,,true,approved
1814-12,1814,17,盐,,true,approved
1814-13,1814,201,糖,,true,approved
1814-3,1814,188,酵母,,true,approved
1814-6,1814,224,粉丝,丝,true,approved
1814-8,1814,193,白胡椒粉,,true,approved
1815-3,1815,6,姜,片,true,approved
1815-7,1815,97,白糖,,true,approved
1816-1,1816,99,虾仁,,true,approved
1816-3,1816,17,盐,,true,approved
1816-4,1816,48,淀粉,,true,approved
1816-6,1816,50,蒜,末,true,approved
1817-12,1817,669,奶粉,,true,approved
1818-1,1818,120,低筋面粉,,true,approved
1818-2,1818,317,蛋黄,,true,approved
1818-4,1818,121,糖粉,,true,approved
1818-5,1818,355,可可粉,,true,approved
1818-6,1818,669,奶粉,,true,approved
1819-1,1819,156,五花肉,,true,approved
1819-2,1819,85,香菇,,true,approved
1819-3,1819,84,胡萝卜,,true,approved
1819-5,1819,48,淀粉,,true,approved
1819-6,1819,17,盐,,true,approved
1821-2,1821,121,糖粉,,true,approved
1822-10,1822,17,盐,,true,approved
1822-3,1822,85,香菇,,true,approved
1822-4,1822,12,洋葱,,true,approved
1822-6,1822,33,葱,,true,approved
1822-7,1822,6,姜,,true,approved
1823-2,1823,269,玉米淀粉,,true,approved
1823-3,1823,120,低筋面粉,,true,approved
1823-5,1823,97,白糖,,true,approved
1823-7,1823,17,盐,,true,approved
1823-9,1823,1242,奶酪,片,true,approved
1824-1,1824,662,黄豆,泡发,true,approved
1824-2,1824,163,黑芝麻,炒香,true,approved
1825-1,1825,120,低筋面粉,,true,approved
1825-2,1825,54,鸡蛋,,true,approved
1825-3,1825,174,杏仁粉,,true,approved
1825-5,1825,133,细砂糖,,true,approved
1825-7,1825,39,红枣,碎,true,approved
1825-8,1825,1407,香草粉,,true,approved
1826-1,1826,752,鲜笋,,true,approved
1826-2,1826,17,盐,,true,approved
1826-5,1826,894,荠菜,,true,approved
1827-10,1827,48,淀粉,,true,approved
1827-11,1827,317,蛋黄,,true,approved
1827-4,1827,17,盐,,true,approved
1828-2,1828,6,姜,片,true,approved
1828-4,1828,1343,白扁豆,,true,approved
1828-6,1828,862,淮山药,,true,approved
1828-7,1828,164,枸杞,,true,approved
1828-8,1828,17,盐,,true,approved
1829-4,1829,424,抹茶粉,,true,approved
1829-6,1829,201,糖,,true,approved
1830-1,1830,492,鸡翅中,,true,approved
1830-5,1830,97,白糖,,true,approved
1830-7,1830,50,蒜,片,true,approved
1830-8,1830,6,姜,片,true,approved
1831-1,1831,54,鸡蛋,,true,approved
1832-1,1832,1566,山楂干,,true,approved
1832-3,1832,40,红糖,,true,approved
1833-2,1833,799,蟹味菇,,true,approved
1833-3,1833,115,青椒,,true,approved
1833-5,1833,193,白胡椒粉,,true,approved
1833-6,1833,17,盐,,true,approved
1833-8,1833,445,芹菜,,true,approved
1834-1,1834,632,雪梨,,true,approved
1834-3,1834,39,红枣,,true,approved
1834-4,1834,3,冰糖,,true,approved
1834-6,1834,164,枸杞,,true,approved
1835-10,1835,627,青蟹,,true,approved
1835-11,1835,33,葱,花,true,approved
1835-12,1835,348,大米,,true,approved
1835-2,1835,6,姜,丝,true,approved
1835-3,1835,231,对虾,,true,approved
1835-4,1835,17,盐,,true,approved
1835-6,1835,445,芹菜,粒,true,approved
1835-7,1835,193,白胡椒粉,,true,approved
1835-8,1835,85,香菇,干,true,approved
1835-9,1835,99,虾仁,,true,approved
1836-1,1836,855,鸡腿,,true,approved
1836-5,1836,17,盐,,true,approved
1837-1,1837,1130,水磨糯米粉,,true,approved
1837-2,1837,418,葡萄干,,true,approved
1837-3,1837,39,红枣,,true,approved
1837-4,1837,421,澄面,,true,approved
1837-6,1837,97,白糖,,true,approved
1838-1,1838,1295,银鳕鱼,块,true,approved
1838-3,1838,17,盐,,true,approved
1839-1,1839,447,糯米,泡发,true,approved
1839-10,1839,257,五香粉,,true,approved
1839-2,1839,743,牛腩,熟,true,approved
1839-3,1839,33,葱,花,true,approved
1839-4,1839,17,盐,,true,approved
1839-5,1839,96,鸡粉,,true,approved
1839-9,1839,48,淀粉,,true,approved
1840-1,1840,133,细砂糖,,true,approved
1840-10,1840,671,草莓,,true,approved
1840-2,1840,120,低筋面粉,,true,approved
1840-6,1840,174,杏仁粉,,true,approved
1840-9,1840,54,鸡蛋,,true,approved
1841-11,1841,499,虾皮,,true,approved
1841-13,1841,970,豆干,,true,approved
1841-14,1841,99,虾仁,,true,approved
1841-16,1841,277,花生,去皮,true,approved
1841-3,1841,968,猪腿肉,,true,approved
1841-5,1841,965,鸭胗,,true,approved
1841-6,1841,966,猪肚,,true,approved
1842-1,1842,58,面粉,,true,approved
1842-10,1842,17,盐,,true,approved
1842-11,1842,33,葱,,true,approved
1842-12,1842,6,姜,,true,approved
1842-13,1842,142,八角,,true,approved
1842-15,1842,201,糖,,true,approved
1842-3,1842,1928,酸豆角,,true,approved
1842-6,1842,755,无铝泡打粉,,true,approved
1843-1,1843,814,鸡翅,,true,approved
1843-2,1843,50,蒜,,true,approved
1843-3,1843,17,盐,,true,approved
1843-4,1843,270,黑胡椒粉,,true,approved
1843-7,1843,54,鸡蛋,,true,approved
1844-1,1844,54,鸡蛋,,true,approved
1844-3,1844,120,低筋面粉,,true,approved
1844-5,1844,133,细砂糖,,true,approved
1845-1,1845,85,香菇,,true,approved
1845-2,1845,81,猪肉,末,true,approved
1845-3,1845,33,葱,花,true,approved
1845-4,1845,6,姜,末,true,approved
1845-6,1845,17,盐,,true,approved
1845-7,1845,96,鸡粉,,true,approved
1845-8,1845,37,胡椒粉,,true,approved
1846-2,1846,6,姜,片,true,approved
1846-4,1846,91,排骨,,true,approved
1846-5,1846,794,冬瓜,,true,approved
1846-7,1846,17,盐,,true,approved
1847-1,1847,232,丝瓜,,true,approved
1847-10,1847,37,胡椒粉,,true,approved
1847-2,1847,966,猪肚,,true,approved
1847-3,1847,592,咸蛋黄,,true,approved
1847-4,1847,6,姜,片,true,approved
1847-5,1847,50,蒜,末,true,approved
1847-6,1847,33,葱,段,true,approved
1847-7,1847,17,盐,,true,approved
1847-9,1847,48,淀粉,,true,approved
1848-1,1848,377,菠菜,,true,approved
1848-4,1848,133,细砂糖,,true,approved
1848-7,1848,120,低筋面粉,,true,approved
1849-10,1849,33,葱,花,true,approved
1849-12,1849,97,白糖,,true,approved
1849-13,1849,1549,椒盐,,true,approved
1849-14,1849,17,盐,,true,approved
1849-15,1849,40,红糖,,true,approved
1849-2,1849,617,糖冬瓜,碎,true,approved
1849-4,1849,39,红枣,干+碎,true,approved
1849-5,1849,633,山楂,碎,true,approved
1849-6,1849,277,花生,碎,true,approved
1849-7,1849,742,腰果,碎,true,approved
1849-9,1849,147,白芝麻,,true,approved
1850-1,1850,1392,鸡心,,true,approved
1850-12,1850,97,白糖,,true,approved
1850-15,1850,17,盐,,true,approved
1850-2,1850,2099,鸡胗,,true,approved
1850-3,1850,6,姜,片,true,approved
1850-7,1850,6,姜,末,true,approved
1850-8,1850,50,蒜,末,true,approved
1851-3,1851,97,白糖,,true,approved
1852-12,1852,54,鸡蛋,,true,approved
1852-4,1852,243,中筋面粉,,true,approved
1852-6,1852,123,泡打粉,,true,approved
1852-8,1852,133,细砂糖,,true,approved
1852-9,1852,17,盐,,true,approved
1853-1,1853,104,红豆,,true,approved
1853-2,1853,170,糯米粉,,true,approved
1853-3,1853,274,粘米粉,,true,approved
1853-4,1853,201,糖,,true,approved
1854-1,1854,348,大米,,true,approved
1855-1,1855,2101,米肠,,true,approved
1855-3,1855,65,小葱,,true,approved
1855-4,1855,50,蒜,,true,approved
1855-5,1855,71,香菜,,true,approved
1855-6,1855,212,红辣椒,,true,approved
1855-8,1855,17,盐,,true,approved
1856-9,1856,447,糯米,,true,approved
1857-2,1857,201,糖,,true,approved
1857-4,1857,123,泡打粉,,true,approved
1857-5,1857,54,鸡蛋,,true,approved
1857-6,1857,355,可可粉,,true,approved
1858-2,1858,120,低筋面粉,,true,approved
1858-4,1858,669,奶粉,,true,approved
1859-1,1859,249,高筋面粉,,true,approved
1859-10,1859,188,酵母,,true,approved
1859-11,1859,17,盐,,true,approved
1859-2,1859,120,低筋面粉,,true,approved
1859-4,1859,133,细砂糖,,true,approved
1859-6,1859,54,鸡蛋,,true,approved
1860-1,1860,855,鸡腿,去骨+排,true,approved
1860-4,1860,2106,小米辣圈,,true,approved
1860-5,1860,12,洋葱,末,true,approved
1860-6,1860,50,蒜,泥,true,approved
1863-1,1863,455,牛仔骨,,true,approved
1863-4,1863,6,姜,片,true,approved
1863-5,1863,74,土豆,,true,approved
1863-6,1863,17,盐,,true,approved
1864-1,1864,1363,百香果,,true,approved
1864-2,1864,121,糖粉,,true,approved
1864-3,1864,287,柠檬,,true,approved
1865-1,1865,1873,嫩仔鸡,,true,approved
1865-10,1865,19,黑胡椒,,true,approved
1866-2,1866,12,洋葱,,true,approved
1866-7,1866,17,盐,,true,approved
1867-11,1867,193,白胡椒粉,,true,approved
1867-12,1867,97,白糖,,true,approved
1867-15,1867,33,葱,花,true,approved
1867-7,1867,6,姜,末,true,approved
1867-8,1867,50,蒜,末,true,approved
1868-1,1868,515,猪肋排,,true,approved
1868-2,1868,4,罗汉果,,true,approved
1868-3,1868,6,姜,,true,approved
1868-4,1868,164,枸杞,,true,approved
1868-7,1868,17,盐,,true,approved
1869-1,1869,231,对虾,,true,approved
1869-3,1869,17,盐,,true,approved
1869-4,1869,239,大葱,,true,approved
1869-5,1869,6,姜,,true,approved
1870-3,1870,97,白糖,,true,approved
1871-2,1871,11,番茄,,true,approved
1871-3,1871,74,土豆,,true,approved
1871-4,1871,84,胡萝卜,,true,approved
1871-6,1871,33,葱,,true,approved
1871-7,1871,6,姜,,true,approved
1871-8,1871,50,蒜,,true,approved
1871-9,1871,17,盐,,true,approved
1872-1,1872,54,鸡蛋,,true,approved
1872-2,1872,120,低筋面粉,,true,approved
1872-3,1872,133,细砂糖,,true,approved
1874-1,1874,54,鸡蛋,,true,approved
1874-2,1874,2112,面包,切片,true,approved
1874-3,1874,267,培根,,true,approved
1875-1,1875,54,鸡蛋,,true,approved
1875-2,1875,495,红豆沙,,true,approved
1875-3,1875,274,粘米粉,,true,approved
1875-5,1875,97,白糖,,true,approved
1876-1,1876,79,米饭,熟,true,approved
1876-3,1876,163,黑芝麻,熟,true,approved
1876-4,1876,97,白糖,,true,approved
1877-13,1877,141,桂皮,,true,approved
1877-14,1877,142,八角,,true,approved
1877-3,1877,156,五花肉,,true,approved
1877-4,1877,65,小葱,,true,approved
1877-5,1877,6,姜,片,true,approved
1877-7,1877,97,白糖,,true,approved
1877-8,1877,125,鸡精,,true,approved
1877-9,1877,17,盐,,true,approved
1878-3,1878,27,孜然粉,,true,approved
1878-4,1878,26,辣椒粉,,true,approved
1879-1,1879,85,香菇,新鲜,true,approved
1879-3,1879,65,小葱,,true,approved
1879-4,1879,54,鸡蛋,,true,approved
1879-5,1879,6,姜,,true,approved
1879-6,1879,17,盐,,true,approved
1880-1,1880,814,鸡翅,,true,approved
1880-3,1880,6,姜,,true,approved
1880-5,1880,33,葱,,true,approved
1881-1,1881,91,排骨,,true,approved
1881-10,1881,147,白芝麻,熟,true,approved
1881-2,1881,6,姜,片,true,approved
1881-5,1881,1363,百香果,,true,approved
1881-9,1881,3,冰糖,,true,approved
1882-1,1882,1742,猪颈肉,,true,approved
1882-2,1882,201,糖,,true,approved
1883-1,1883,794,冬瓜,片,true,approved
1883-2,1883,135,肉末,末,true,approved
1883-3,1883,50,蒜,末,true,approved
1883-4,1883,6,姜,末,true,approved
1883-5,1883,33,葱,花,true,approved
1883-6,1883,17,盐,,true,approved
1884-10,1884,17,盐,,true,approved
1884-2,1884,84,胡萝卜,片,true,approved
1884-3,1884,60,木耳,泡发,true,approved
1884-4,1884,44,杏仁,,true,approved
1884-5,1884,50,蒜,末,true,approved
1884-6,1884,2117,肉丸,熟,true,approved
1884-9,1884,49,生菜,,true,approved
1885-1,1885,383,羊肉,,true,approved
1885-10,1885,84,胡萝卜,,true,approved
1885-11,1885,39,红枣,,true,approved
1885-12,1885,17,盐,,true,approved
1885-13,1885,193,白胡椒粉,,true,approved
1885-14,1885,71,香菜,碎,true,approved
1885-3,1885,6,姜,片,true,approved
1885-7,1885,12,洋葱,,true,approved
1885-8,1885,2119,香菜梗,,true,approved
1886-1,1886,54,鸡蛋,,true,approved
1886-5,1886,3,冰糖,,true,approved
1886-6,1886,17,盐,,true,approved
1886-7,1886,142,八角,,true,approved
1886-8,1886,284,香叶,,true,approved
1886-9,1886,141,桂皮,,true,approved
1887-4,1887,58,面粉,熟,true,approved
1887-5,1887,133,细砂糖,,true,approved
1888-4,1888,50,蒜,,true,approved
1888-5,1888,6,姜,,true,approved
1888-7,1888,17,盐,,true,approved
1888-9,1888,48,淀粉,干,true,approved
1889-10,1889,121,糖粉,,true,approved
1889-11,1889,17,盐,,true,approved
1889-12,1889,54,鸡蛋,液,true,approved
1889-13,1889,669,奶粉,,true,approved
1889-15,1889,54,鸡蛋,液,true,approved
1889-4,1889,133,细砂糖,,true,approved
1889-6,1889,188,酵母,,true,approved
1889-9,1889,120,低筋面粉,,true,approved
1890-1,1890,84,胡萝卜,,true,approved
1890-2,1890,227,南瓜,,true,approved
1890-4,1890,348,大米,,true,approved
1890-5,1890,290,小米,,true,approved
1890-6,1890,164,枸杞,,true,approved
1891-1,1891,6,姜,丝,true,approved
1891-3,1891,1177,河虾,,true,approved
1891-6,1891,97,白糖,,true,approved
1891-7,1891,59,韭菜,,true,approved
1892-2,1892,2123,蒲菜,,true,approved
1892-4,1892,17,盐,,true,approved
1892-6,1892,96,鸡粉,,true,approved
1892-7,1892,201,糖,,true,approved
1893-10,1893,33,葱,,true,approved
1893-11,1893,6,姜,,true,approved
1894-1,1894,227,南瓜,,true,approved
1894-2,1894,669,奶粉,,true,approved
1894-3,1894,811,马苏里拉奶酪,碎,true,approved
1895-1,1895,465,山药,干+片,true,approved
1895-4,1895,1047,百合,,true,approved
1895-5,1895,626,大枣,,true,approved
1896-3,1896,54,鸡蛋,,true,approved
1896-4,1896,164,枸杞,,true,approved
1897-2,1897,115,青椒,,true,approved
1897-4,1897,50,蒜,,true,approved
1897-5,1897,6,姜,,true,approved
1897-6,1897,65,小葱,,true,approved
1898-12,1898,147,白芝麻,,true,approved
1898-13,1898,97,白糖,,true,approved
1898-14,1898,112,小米辣,,true,approved
1898-15,1898,65,小葱,,true,approved
1898-2,1898,26,辣椒粉,,true,approved
1898-3,1898,27,孜然粉,,true,approved
1898-4,1898,257,五香粉,,true,approved
1899-11,1899,698,白胡椒,粒,true,approved
1899-13,1899,17,盐,,true,approved
1899-14,1899,1355,味粉,,true,approved
1899-15,1899,97,白糖,,true,approved
1899-2,1899,2129,猪展肉,,true,approved
1899-3,1899,2130,老母鸡,,true,approved
1899-4,1899,39,红枣,,true,approved
1899-5,1899,164,枸杞,,true,approved
1899-8,1899,2132,响螺,,true,approved
1900-6,1900,188,酵母,干,true,approved
1900-8,1900,457,蜜红豆,,true,approved
1901-3,1901,133,细砂糖,,true,approved
1901-5,1901,188,酵母,,true,approved
1902-1,1902,156,五花肉,,true,approved
1902-4,1902,869,蒸肉粉,,true,approved
1902-6,1902,17,盐,,true,approved
1902-8,1902,33,葱,花,true,approved
1903-1,1903,2136,鲥鱼,,true,approved
1903-3,1903,17,盐,,true,approved
1903-4,1903,281,火腿,片,true,approved
1903-5,1903,85,香菇,片,true,approved
1903-6,1903,6,姜,片,true,approved
1903-9,1903,33,葱,花,true,approved
1904-3,1904,133,细砂糖,,true,approved
1905-2,1905,6,姜,,true,approved
1905-4,1905,33,葱,,true,approved
1905-6,1905,17,盐,,true,approved
1906-1,1906,841,全蛋,,true,approved
1906-2,1906,317,蛋黄,,true,approved
1906-4,1906,133,细砂糖,,true,approved
1906-5,1906,1407,香草粉,,true,approved
1907-2,1907,6,姜,,true,approved
1907-3,1907,142,八角,,true,approved
1907-4,1907,283,花椒,,true,approved
1907-5,1907,284,香叶,,true,approved
1907-6,1907,141,桂皮,,true,approved
1907-8,1907,33,葱,花,true,approved
1908-1,1908,249,高筋面粉,,true,approved
1908-10,1908,12,洋葱,片,true,approved
1908-12,1908,1242,奶酪,碎,true,approved
1908-2,1908,188,酵母,,true,approved
1908-5,1908,17,盐,,true,approved
1908-6,1908,97,白糖,,true,approved
1908-7,1908,54,鸡蛋,,true,approved
1908-9,1908,85,香菇,片,true,approved
1909-2,1909,188,酵母,干,true,approved
1909-3,1909,243,中筋面粉,,true,approved
1910-1,1910,91,排骨,段,true,approved
1910-2,1910,365,玉米,粒,true,approved
1910-3,1910,514,蒸肉米粉,,true,approved
1910-5,1910,6,姜,末,true,approved
1910-6,1910,17,盐,,true,approved
1911-2,1911,6,姜,丝,true,approved
1911-4,1911,112,小米辣,,true,approved
1911-7,1911,201,糖,,true,approved
1911-8,1911,48,淀粉,,true,approved
1912-1,1912,369,带鱼,,true,approved
1912-11,1912,97,白糖,,true,approved
1912-12,1912,193,白胡椒粉,,true,approved
1912-2,1912,17,盐,,true,approved
1912-3,1912,48,淀粉,,true,approved
1912-5,1912,6,姜,丝,true,approved
1912-6,1912,65,小葱,,true,approved
1912-7,1912,142,八角,,true,approved
1913-13,1913,74,土豆,,true,approved
1913-14,1913,17,盐,,true,approved
1913-15,1913,193,白胡椒粉,,true,approved
1913-3,1913,6,姜,片,true,approved
1913-6,1913,3,冰糖,,true,approved
1913-7,1913,142,八角,,true,approved
1913-8,1913,141,桂皮,,true,approved
1913-9,1913,12,洋葱,,true,approved
1914-2,1914,1677,平菇,,true,approved
1915-3,1915,50,蒜,,true,approved
1915-4,1915,17,盐,,true,approved
1916-1,1916,503,三黄鸡,,true,approved
1916-6,1916,65,小葱,,true,approved
1917-3,1917,348,大米,,true,approved
1917-4,1917,1406,茯苓粉,,true,approved
1917-6,1917,2145,薏苡仁粉,,true,approved
1917-8,1917,6,姜,片,true,approved
1918-10,1918,115,青椒,,true,approved
1918-11,1918,194,小米椒,,true,approved
1918-12,1918,1636,蒜苗,,true,approved
1919-4,1919,115,青椒,,true,approved
1919-7,1919,17,盐,,true,approved
1920-1,1920,2146,小饼干,,true,approved
1920-11,1920,131,吉利丁粉,,true,approved
1920-6,1920,133,细砂糖,,true,approved
1921-1,1921,798,牛肉,,true,approved
1921-10,1921,193,白胡椒粉,,true,approved
1921-11,1921,17,盐,,true,approved
1921-12,1921,283,花椒,,true,approved
1921-15,1921,33,葱,花,true,approved
1921-16,1921,71,香菜,,true,approved
1921-2,1921,12,洋葱,,true,approved
1921-3,1921,30,辣椒,干,true,approved
1921-4,1921,245,豆腐,,true,approved
1921-5,1921,48,淀粉,,true,approved
1922-1,1922,1519,黑豆,,true,approved
1922-10,1922,1094,绵白糖,,true,approved
1922-12,1922,17,盐,,true,approved
1922-2,1922,417,黑米,,true,approved
1922-3,1922,163,黑芝麻,,true,approved
1922-7,1922,2030,黑米粉,,true,approved
1923-1,1923,773,鸡,,true,approved
1923-2,1923,12,洋葱,,true,approved
1923-3,1923,50,蒜,,true,approved
1923-4,1923,6,姜,,true,approved
1923-8,1923,257,五香粉,,true,approved
1923-9,1923,17,盐,,true,approved
1924-1,1924,156,五花肉,,true,approved
1924-10,1924,284,香叶,,true,approved
1924-12,1924,17,盐,,true,approved
1924-14,1924,33,葱,花,true,approved
1924-3,1924,6,姜,片,true,approved
1924-8,1924,3,冰糖,,true,approved
1924-9,1924,142,八角,,true,approved
1925-12,1925,39,红枣,,true,approved
1925-13,1925,164,枸杞,,true,approved
1925-14,1925,105,薏米,,true,approved
1925-16,1925,17,盐,,true,approved
1925-2,1925,1581,八头鲜鲍鱼,,true,approved
1925-3,1925,6,姜,片,true,approved
1925-5,1925,645,蜜枣,,true,approved
1925-6,1925,716,桂圆,,true,approved
1926-1,1926,943,鸡蛋黄,,true,approved
1926-5,1926,97,白糖,,true,approved
1927-1,1927,2149,目鱼花,花,true,approved
1927-3,1927,17,盐,,true,approved
1927-6,1927,6,姜,末,true,approved
1927-7,1927,270,黑胡椒粉,,true,approved
1928-1,1928,773,鸡,,true,approved
1928-2,1928,50,蒜,,true,approved
1928-3,1928,504,盐焗鸡粉,,true,approved
1929-2,1929,2151,笋壳鱼,,true,approved
1929-3,1929,542,松子,,true,approved
1929-4,1929,50,蒜,,true,approved
1929-5,1929,33,葱,,true,approved
1929-6,1929,6,姜,,true,approved
1929-7,1929,17,盐,,true,approved
1930-2,1930,17,盐,,true,approved
1930-5,1930,6,姜,片,true,approved
1930-7,1930,239,大葱,段,true,approved
1930-8,1930,39,红枣,,true,approved
1930-9,1930,164,枸杞,,true,approved
1931-10,1931,811,马苏里拉奶酪,,true,approved
1931-2,1931,6,姜,末,true,approved
1931-5,1931,227,南瓜,泥,true,approved
1932-1,1932,702,草鱼,,true,approved
1932-10,1932,97,白糖,,true,approved
1932-12,1932,33,葱,花,true,approved
1932-13,1932,33,葱,丝,true,approved
1932-14,1932,6,姜,丝,true,approved
1932-2,1932,92,豆豉,,true,approved
1932-3,1932,6,姜,末,true,approved
1932-4,1932,50,蒜,末,true,approved
1932-7,1932,48,淀粉,,true,approved
1932-8,1932,17,盐,,true,approved
1933-1,1933,120,低筋面粉,,true,approved
1933-2,1933,678,蛋白,,true,approved
1933-3,1933,317,蛋黄,,true,approved
1933-4,1933,133,细砂糖,,true,approved
1934-1,1934,6,姜,末,true,approved
1934-4,1934,97,白糖,,true,approved
1934-5,1934,17,盐,,true,approved
1935-10,1935,239,大葱,,true,approved
1935-11,1935,3,冰糖,,true,approved
1935-15,1935,71,香菜,碎,true,approved
1936-1,1936,2158,墨鱼丸,,true,approved
1936-2,1936,25,烧烤粉,,true,approved
1936-3,1936,26,辣椒粉,,true,approved
1936-4,1936,27,孜然粉,,true,approved
1938-2,1938,156,五花肉,,true,approved
1938-3,1938,50,蒜,片,true,approved
1938-4,1938,239,大葱,,true,approved
1938-6,1938,26,辣椒粉,,true,approved
1938-8,1938,83,辣白菜,,true,approved
1939-3,1939,48,淀粉,,true,approved
1939-4,1939,17,盐,,true,approved
1939-8,1939,60,木耳,泡发,true,approved
1940-1,1940,926,肥牛卷,,true,approved
1940-2,1940,2161,东北酸菜,,true,approved
1940-3,1940,12,洋葱,,true,approved
1940-4,1940,27,孜然粉,,true,approved
1940-5,1940,193,白胡椒粉,,true,approved
1940-6,1940,1448,辣椒面,,true,approved
1940-7,1940,17,盐,,true,approved
1941-1,1941,1174,鸡肉,,true,approved
1941-10,1941,193,白胡椒粉,,true,approved
1941-5,1941,6,姜,片,true,approved
1941-8,1941,17,盐,,true,approved
1941-9,1941,62,花椒粉,,true,approved
1942-2,1942,465,山药,,true,approved
1943-2,1943,84,胡萝卜,片,true,approved
1943-4,1943,2163,肥牛片,片,true,approved
1943-6,1943,12,洋葱,丝,true,approved
1943-7,1943,6,姜,丝,true,approved
1943-8,1943,50,蒜,,true,approved
1944-2,1944,669,奶粉,,true,approved
1944-3,1944,97,白糖,,true,approved
1944-6,1944,188,酵母,,true,approved
1945-13,1945,97,白糖,,true,approved
1945-14,1945,96,鸡粉,,true,approved
1945-2,1945,12,洋葱,,true,approved
1945-3,1945,17,盐,,true,approved
1945-5,1945,795,孜然,粒,true,approved
1945-6,1945,2169,粗辣椒粉,,true,approved
1947-10,1947,42,蛋清,,true,approved
1947-11,1947,48,淀粉,,true,approved
1947-15,1947,17,盐,,true,approved
1947-16,1947,125,鸡精,,true,approved
1947-4,1947,90,黄瓜,,true,approved
1948-2,1948,1129,花生米,,true,approved
1948-3,1948,17,盐,,true,approved
1949-1,1949,243,中筋面粉,,true,approved
1949-4,1949,17,盐,,true,approved
1950-13,1950,61,粉条,条,true,approved
1950-15,1950,17,盐,,true,approved
1950-2,1950,6,姜,片,true,approved
1950-4,1950,142,八角,,true,approved
1950-5,1950,141,桂皮,,true,approved
1950-6,1950,284,香叶,,true,approved
1950-7,1950,773,鸡,,true,approved
1951-1,1951,76,菠萝,,true,approved
1951-3,1951,418,葡萄干,,true,approved
1951-4,1951,3,冰糖,,true,approved
1952-1,1952,746,猪肉糜,,true,approved
1952-10,1952,698,白胡椒,,true,approved
1952-11,1952,17,盐,,true,approved
1952-4,1952,508,莲藕,,true,approved
1952-5,1952,71,香菜,,true,approved
1952-7,1952,592,咸蛋黄,,true,approved
1953-1,1953,170,糯米粉,,true,approved
1953-4,1953,269,玉米淀粉,,true,approved
1953-6,1953,133,细砂糖,,true,approved
1954-1,1954,220,饺子皮,,true,approved
1954-10,1954,193,白胡椒粉,,true,approved
1954-2,1954,81,猪肉,末,true,approved
1954-3,1954,293,白萝卜,,true,approved
1954-4,1954,6,姜,,true,approved
1954-5,1954,65,小葱,,true,approved
1954-6,1954,17,盐,,true,approved
1955-3,1955,97,白糖,,true,approved
1956-1,1956,2177,尖包菜,,true,approved
1956-16,1956,1636,蒜苗,,true,approved
1956-2,1956,156,五花肉,,true,approved
1956-3,1956,65,小葱,,true,approved
1956-5,1956,50,蒜,,true,approved
1957-1,1957,2179,鸡琵琶腿,,true,approved
1957-10,1957,141,桂皮,,true,approved
1957-13,1957,97,白糖,,true,approved
1957-14,1957,33,葱,花,true,approved
1957-3,1957,6,姜,片,true,approved
1957-5,1957,17,盐,,true,approved
1957-7,1957,50,蒜,,true,approved
1957-8,1957,142,八角,,true,approved
1957-9,1957,283,花椒,,true,approved
1958-1,1958,65,小葱,,true,approved
1958-2,1958,440,春笋,,true,approved
1958-7,1958,17,盐,,true,approved
1959-1,1959,773,鸡,块,true,approved
1959-3,1959,633,山楂,,true,approved
1959-4,1959,33,葱,花,true,approved
1959-6,1959,48,淀粉,,true,approved
1959-7,1959,17,盐,,true,approved
1959-8,1959,97,白糖,,true,approved
1960-3,1960,2181,虾头,,true,approved
1960-4,1960,2182,虾尾,,true,approved
1960-5,1960,794,冬瓜,,true,approved
1960-6,1960,17,盐,,true,approved
1960-8,1960,33,葱,花,true,approved
1961-1,1961,91,排骨,,true,approved
1961-3,1961,48,淀粉,,true,approved
1961-5,1961,97,白糖,,true,approved
1961-6,1961,17,盐,,true,approved
1961-9,1961,50,蒜,末,true,approved
1962-1,1962,306,核桃,熟,true,approved
1962-2,1962,418,葡萄干,,true,approved
1962-3,1962,39,红枣,,true,approved
1962-4,1962,170,糯米粉,,true,approved
1962-5,1962,97,白糖,,true,approved
1962-6,1962,147,白芝麻,,true,approved
1963-1,1963,195,扇贝,新鲜,true,approved
1963-3,1963,92,豆豉,,true,approved
1964-13,1964,17,盐,,true,approved
1964-14,1964,33,葱,花,true,approved
1964-4,1964,48,淀粉,,true,approved
1964-6,1964,33,葱,段,true,approved
1964-7,1964,142,八角,,true,approved
1964-8,1964,212,红辣椒,干,true,approved
1964-9,1964,1357,笋干,,true,approved
1965-1,1965,10,茄子,,true,approved
1965-2,1965,33,葱,花,true,approved
1965-3,1965,50,蒜,蓉,true,approved
1965-4,1965,96,鸡粉,,true,approved
1965-5,1965,17,盐,,true,approved
1965-6,1965,27,孜然粉,,true,approved
1966-12,1966,33,葱,花,true,approved
1967-1,1967,248,梭子蟹,,true,approved
1967-2,1967,54,鸡蛋,,true,approved
1967-4,1967,65,小葱,,true,approved
1967-5,1967,17,盐,,true,approved
1967-6,1967,201,糖,,true,approved
1968-2,1968,1115,玉米粉,,true,approved
1968-5,1968,97,白糖,,true,approved
1968-6,1968,17,盐,,true,approved
1969-1,1969,216,冬笋,,true,approved
1969-2,1969,505,粗盐,,true,approved
1970-11,1970,39,红枣,,true,approved
1970-2,1970,6,姜,,true,approved
1970-4,1970,97,白糖,,true,approved
1970-7,1970,447,糯米,,true,approved
1970-9,1970,97,白糖,,true,approved
1971-10,1971,17,盐,,true,approved
1971-2,1971,120,低筋面粉,,true,approved
1971-3,1971,133,细砂糖,,true,approved
1971-4,1971,355,可可粉,,true,approved
1971-7,1971,54,鸡蛋,,true,approved
1972-1,1972,2185,鲜虾吐司,,true,approved
1973-1,1973,397,紫薯,,true,approved
1973-2,1973,671,草莓,,true,approved
1973-3,1973,121,糖粉,,true,approved
1974-2,1974,6,姜,片,true,approved
1974-7,1974,17,盐,,true,approved
1975-2,1975,12,洋葱,,true,approved
1975-3,1975,84,胡萝卜,,true,approved
1975-4,1975,50,蒜,,true,approved
1975-6,1975,17,盐,,true,approved
1975-7,1975,270,黑胡椒粉,,true,approved
1975-8,1975,811,马苏里拉奶酪,,true,approved
1975-9,1975,252,芝士粉,,true,approved
1976-1,1976,495,红豆沙,,true,approved
1976-4,1976,120,低筋面粉,,true,approved
1976-6,1976,121,糖粉,,true,approved
1977-2,1977,50,蒜,片,true,approved
1977-5,1977,17,盐,,true,approved
1977-6,1977,97,白糖,,true,approved
1977-7,1977,125,鸡精,,true,approved
1978-3,1978,2188,白桃果肉,,true,approved
1978-4,1978,97,白糖,,true,approved
1978-8,1978,287,柠檬,片,true,approved
1979-2,1979,40,红糖,,true,approved
1979-3,1979,123,泡打粉,,true,approved
1979-4,1979,188,酵母,,true,approved
1980-2,1980,12,洋葱,,true,approved
1980-3,1980,6,姜,,true,approved
1980-6,1980,239,大葱,,true,approved
1980-8,1980,50,蒜,,true,approved
1981-1,1981,625,土鸡,,true,approved
1981-2,1981,216,冬笋,,true,approved
1981-3,1981,84,胡萝卜,,true,approved
1981-4,1981,506,鲜香菇,,true,approved
1981-5,1981,6,姜,片,true,approved
1981-8,1981,17,盐,,true,approved
1983-1,1983,54,鸡蛋,,true,approved
1983-3,1983,54,鸡蛋,,true,approved
1984-3,1984,121,糖粉,,true,approved
1984-4,1984,54,鸡蛋,液,true,approved
1984-5,1984,355,可可粉,,true,approved
1984-6,1984,424,抹茶粉,,true,approved
1985-10,1985,2193,杏仁果碎,碎,true,approved
1986-1,1986,231,对虾,,true,approved
1986-10,1986,17,盐,,true,approved
1986-2,1986,358,蛤蜊,,true,approved
1986-3,1986,348,大米,,true,approved
1986-8,1986,193,白胡椒粉,,true,approved
1987-1,1987,1736,整鸡,,true,approved
1987-12,1987,193,白胡椒粉,,true,approved
1987-2,1987,12,洋葱,丝,true,approved
1987-4,1987,50,蒜,,true,approved
1987-5,1987,33,葱,段,true,approved
1987-6,1987,17,盐,,true,approved
1987-7,1987,96,鸡粉,,true,approved
1987-8,1987,257,五香粉,,true,approved
1988-1,1988,1134,大黄鱼,,true,approved
1988-4,1988,42,蛋清,,true,approved
1988-7,1988,6,姜,,true,approved
1988-8,1988,193,白胡椒粉,,true,approved
1989-10,1989,33,葱,花,true,approved
1989-3,1989,6,姜,片,true,approved
1989-5,1989,142,八角,,true,approved
1989-6,1989,3,冰糖,,true,approved
1990-1,1990,12,洋葱,,true,approved
1990-2,1990,58,面粉,,true,approved
1990-3,1990,55,面包糠,,true,approved
1990-4,1990,54,鸡蛋,液,true,approved
1990-5,1990,1242,奶酪,,true,approved
1991-11,1991,65,小葱,,true,approved
1991-7,1991,142,八角,,true,approved
1991-8,1991,141,桂皮,,true,approved
1991-9,1991,17,盐,,true,approved
1993-12,1993,97,白糖,,true,approved
1993-13,1993,17,盐,,true,approved
1993-2,1993,283,花椒,,true,approved
1993-3,1993,141,桂皮,,true,approved
1993-4,1993,142,八角,,true,approved
1993-5,1993,764,草果,,true,approved
1993-8,1993,773,鸡,,true,approved
1993-9,1993,6,姜,片,true,approved
1994-1,1994,1047,百合,干,true,approved
1994-2,1994,1063,燕麦片,片,true,approved
1994-3,1994,97,白糖,,true,approved
1995-1,1995,1242,奶酪,,true,approved
1995-3,1995,269,玉米淀粉,,true,approved
1995-4,1995,120,低筋面粉,,true,approved
1995-6,1995,317,蛋黄,,true,approved
1995-7,1995,133,细砂糖,,true,approved
1995-8,1995,678,蛋白,,true,approved
1996-1,1996,855,鸡腿,,true,approved
1996-13,1996,147,白芝麻,熟,true,approved
1996-2,1996,6,姜,片,true,approved
1996-3,1996,33,葱,段,true,approved
1996-7,1996,283,花椒,,true,approved
1996-8,1996,26,辣椒粉,,true,approved
1996-9,1996,17,盐,,true,approved
1997-2,1997,188,酵母,,true,approved
1997-3,1997,97,白糖,,true,approved
1997-5,1997,277,花生,末,true,approved
1998-1,1998,249,高筋面粉,,true,approved
1998-3,1998,54,鸡蛋,,true,approved
1998-4,1998,133,细砂糖,,true,approved
1998-5,1998,188,酵母,,true,approved
1998-6,1998,17,盐,,true,approved
1999-3,1999,121,糖粉,,true,approved
1999-4,1999,120,低筋面粉,,true,approved
1999-5,1999,355,可可粉,,true,approved
2000-1,2000,58,面粉,,true,approved
2000-4,2000,201,糖,,true,approved
2000-5,2000,188,酵母,,true,approved
