ingredient_id,ingredient_name,form,candidate_reference_id,candidate_name,candidate_form,source_dataset,match_method,reason,review_status
1,梨肉,unspecified,china-cdc-630,梨(均值),unspecified,china_cdc,reference_alias,alias_candidate_requires_review,pending
1,梨肉,unspecified,china-cdc-636,梨(京白梨),unspecified,china_cdc,reference_alias,alias_candidate_requires_review,pending
1,梨肉,unspecified,china-cdc-637,梨(库尔勒梨),unspecified,china_cdc,reference_alias,alias_candidate_requires_review,pending
1,梨肉,unspecified,china-cdc-638,梨(莱阳梨),unspecified,china_cdc,reference_alias,alias_candidate_requires_review,pending
1,梨肉,unspecified,china-cdc-642,梨(苹果梨),unspecified,china_cdc,reference_alias,alias_candidate_requires_review,pending
1,梨肉,unspecified,china-cdc-648,梨(香梨),unspecified,china_cdc,reference_alias,alias_candidate_requires_review,pending
1,梨肉,unspecified,china-cdc-649,梨(雪花梨),unspecified,china_cdc,reference_alias,alias_candidate_requires_review,pending
1,梨肉,unspecified,china-cdc-651,梨(鸭梨),unspecified,china_cdc,reference_alias,alias_candidate_requires_review,pending
1,梨肉,unspecified,china-cdc-652,梨(鳄梨),unspecified,china_cdc,reference_alias,alias_candidate_requires_review,pending
1,梨肉,unspecified,china-cdc-653,梨(糖水罐头),unspecified,china_cdc,reference_alias,alias_candidate_requires_review,pending
2,红枣肉,unspecified,,,,,,no_exact_name_match,pending
3,冰糖,unspecified,,,,,,no_exact_name_match,pending
4,罗汉果,unspecified,,,,,,no_exact_name_match,pending
5,川贝粉,unspecified,,,,,,no_exact_name_match,pending
6,姜,unspecified,china-cdc-528,姜[黄姜](鲜),unspecified,china_cdc,reference_alias,alias_candidate_requires_review,pending
6,姜,unspecified,china-cdc-529,姜(干),dried,china_cdc,reference_alias,alias_candidate_requires_review,pending
6,姜,unspecified,china-cdc-530,姜(子姜，鲜)[嫩姜],unspecified,china_cdc,reference_alias,alias_candidate_requires_review,pending
8,蝴蝶面,unspecified,,,,,,no_exact_name_match,pending
9,西葫芦,unspecified,china-cdc-431,西葫芦,unspecified,china_cdc,exact,exact_candidate,pending
10,茄子,unspecified,china-cdc-402,茄子(均值),unspecified,china_cdc,reference_alias,alias_candidate_requires_review,pending
10,茄子,unspecified,china-cdc-403,茄子(圆),unspecified,china_cdc,reference_alias,alias_candidate_requires_review,pending
10,茄子,unspecified,china-cdc-404,茄子(紫皮，长),unspecified,china_cdc,reference_alias,alias_candidate_requires_review,pending
11,番茄,unspecified,china-cdc-405,番茄[西红柿],unspecified,china_cdc,reference_alias,alias_candidate_requires_review,pending
12,洋葱,unspecified,china-cdc-444,洋葱[葱头](鲜),unspecified,china_cdc,reference_alias,alias_candidate_requires_review,pending
14,迷迭香,unspecified,,,,,,no_exact_name_match,pending
811,马苏里拉奶酪,unspecified,,,,,,no_exact_name_match,pending
17,盐,unspecified,,,,,,no_exact_name_match,pending
18,番茄酱,unspecified,china-cdc-1539,番茄酱,unspecified,china_cdc,exact,exact_candidate,pending
19,黑胡椒,unspecified,,,,,,no_exact_name_match,pending
20,橄榄油,unspecified,,,,,,no_exact_name_match,pending
21,牛蹄筋,cooked,china-cdc-831,牛蹄筋,unspecified,china_cdc,exact,form_state_requires_review,pending
23,圆椒,unspecified,,,,,,no_exact_name_match,pending
24,红彩椒,unspecified,,,,,,no_exact_name_match,pending
25,烧烤粉,unspecified,,,,,,no_exact_name_match,pending
26,辣椒粉,unspecified,,,,,,no_exact_name_match,pending
27,孜然粉,unspecified,,,,,,no_exact_name_match,pending
28,食用油,unspecified,,,,,,no_exact_name_match,pending
29,鲈鱼,unspecified,china-cdc-1050,鲈鱼[鲈花],unspecified,china_cdc,reference_alias,alias_candidate_requires_review,pending
30,辣椒,unspecified,china-cdc-407,辣椒(红，尖，干),unspecified,china_cdc,reference_alias,alias_candidate_requires_review,pending
30,辣椒,unspecified,china-cdc-408,辣椒(红，小),unspecified,china_cdc,reference_alias,alias_candidate_requires_review,pending
30,辣椒,unspecified,china-cdc-409,辣椒(青，尖),unspecified,china_cdc,reference_alias,alias_candidate_requires_review,pending
33,葱,unspecified,china-cdc-443,"葱(小葱,鲜)",unspecified,china_cdc,reference_alias,alias_candidate_requires_review,pending
36,蒸鱼豉油,unspecified,,,,,,no_exact_name_match,pending
37,胡椒粉,unspecified,china-cdc-1563,胡椒粉,unspecified,china_cdc,exact,exact_candidate,pending
39,红枣,unspecified,,,,,,no_exact_name_match,pending
40,红糖,unspecified,,,,,,no_exact_name_match,pending
41,水,unspecified,,,,,,no_exact_name_match,pending
42,蛋清,unspecified,,,,,,no_exact_name_match,pending
97,白糖,unspecified,,,,,,no_exact_name_match,pending
44,杏仁,unspecified,china-cdc-752,杏仁,unspecified,china_cdc,exact,exact_candidate,pending
46,黄油,unspecified,china-cdc-970,黄油,unspecified,china_cdc,exact,exact_candidate,pending
47,低筋粉,unspecified,,,,,,no_exact_name_match,pending
48,淀粉,unspecified,,,,,,no_exact_name_match,pending
49,生菜,unspecified,china-cdc-482,生菜(牛俐)[油麦菜],unspecified,china_cdc,reference_alias,alias_candidate_requires_review,pending
49,生菜,unspecified,china-cdc-483,生菜(叶用莴苣),unspecified,china_cdc,reference_alias,alias_candidate_requires_review,pending
50,蒜,unspecified,,,,,,no_exact_name_match,pending
52,蚝油,unspecified,,,,,,no_exact_name_match,pending
53,猪里脊肉,unspecified,,,,,,no_exact_name_match,pending
54,鸡蛋,unspecified,china-cdc-979,鸡蛋(白皮),unspecified,china_cdc,reference_alias,alias_candidate_requires_review,pending
54,鸡蛋,unspecified,china-cdc-980,鸡蛋(红皮),unspecified,china_cdc,reference_alias,alias_candidate_requires_review,pending
54,鸡蛋,unspecified,china-cdc-981,鸡蛋(土鸡),unspecified,china_cdc,reference_alias,alias_candidate_requires_review,pending
55,面包糠,unspecified,,,,,,no_exact_name_match,pending
57,日式酱油,unspecified,,,,,,no_exact_name_match,pending
58,面粉,unspecified,,,,,,no_exact_name_match,pending
59,韭菜,unspecified,china-cdc-445,韭菜,unspecified,china_cdc,exact,exact_candidate,pending
60,木耳,unspecified,china-cdc-579,木耳(干)[黑木耳，云耳],dried,china_cdc,reference_alias,alias_candidate_requires_review,pending
60,木耳,unspecified,china-cdc-580,木耳(水发)[黑木耳，云耳],hydrated,china_cdc,reference_alias,alias_candidate_requires_review,pending
61,粉条,unspecified,china-cdc-325,粉条,unspecified,china_cdc,exact,exact_candidate,pending
62,花椒粉,unspecified,,,,,,no_exact_name_match,pending
64,咸肉,unspecified,china-cdc-808,咸肉,unspecified,china_cdc,exact,exact_candidate,pending
65,小葱,unspecified,,,,,,no_exact_name_match,pending
66,芝麻油,unspecified,china-cdc-1508,芝麻油[香油],unspecified,china_cdc,reference_alias,alias_candidate_requires_review,pending
66,芝麻油,unspecified,china-cdc-1515,芝麻油[香油],unspecified,china_cdc,reference_alias,alias_candidate_requires_review,pending
67,红心火龙果,unspecified,,,,,,no_exact_name_match,pending
68,纯牛奶,unspecified,,,,,,no_exact_name_match,pending
69,牡蛎,unspecified,china-cdc-1111,牡蛎[海蛎子],unspecified,china_cdc,reference_alias,alias_candidate_requires_review,pending
71,香菜,unspecified,china-cdc-485,香菜[芫荽](鲜),unspecified,china_cdc,reference_alias,alias_candidate_requires_review,pending
72,醋,unspecified,china-cdc-1520,醋(均值),unspecified,china_cdc,reference_alias,alias_candidate_requires_review,pending
73,鲜牛排,unspecified,,,,,,no_exact_name_match,pending
74,土豆,unspecified,china-cdc-313,马铃薯[土豆，洋芋],unspecified,china_cdc,reference_alias,alias_candidate_requires_review,pending
75,小黄瓜,unspecified,,,,,,no_exact_name_match,pending
76,菠萝,unspecified,china-cdc-716,菠萝[凤梨，地菠萝],unspecified,china_cdc,reference_alias,alias_candidate_requires_review,pending
77,菠萝醋,unspecified,,,,,,no_exact_name_match,pending
78,咖喱粉,unspecified,china-cdc-1580,咖喱粉,unspecified,china_cdc,exact,exact_candidate,pending
79,米饭,cooked,china-cdc-287,米饭(蒸)(均值),cooked,china_cdc,reference_alias,alias_candidate_requires_review,pending
81,猪肉,cooked,china-cdc-779,猪肉(肥瘦)(均值),unspecified,china_cdc,reference_alias,alias_candidate_requires_review,pending
81,猪肉,cooked,china-cdc-780,猪肉(肥),unspecified,china_cdc,reference_alias,alias_candidate_requires_review,pending
81,猪肉,cooked,china-cdc-781,猪肉(后臀尖),unspecified,china_cdc,reference_alias,alias_candidate_requires_review,pending
81,猪肉,cooked,china-cdc-782,猪肉(后肘),unspecified,china_cdc,reference_alias,alias_candidate_requires_review,pending
81,猪肉,cooked,china-cdc-783,猪肉(肋条肉),unspecified,china_cdc,reference_alias,alias_candidate_requires_review,pending
81,猪肉,cooked,china-cdc-784,猪肉(里脊),unspecified,china_cdc,reference_alias,alias_candidate_requires_review,pending
81,猪肉,cooked,china-cdc-785,猪肉(奶脯)[软五花，猪夹心],unspecified,china_cdc,reference_alias,alias_candidate_requires_review,pending
81,猪肉,cooked,china-cdc-786,猪肉(奶面)[硬五花],unspecified,china_cdc,reference_alias,alias_candidate_requires_review,pending
81,猪肉,cooked,china-cdc-787,猪肉(前肘),unspecified,china_cdc,reference_alias,alias_candidate_requires_review,pending
81,猪肉,cooked,china-cdc-788,猪肉(瘦),unspecified,china_cdc,reference_alias,alias_candidate_requires_review,pending
81,猪肉,cooked,china-cdc-789,猪肉(腿),unspecified,china_cdc,reference_alias,alias_candidate_requires_review,pending
83,辣白菜,unspecified,,,,,,no_exact_name_match,pending
84,胡萝卜,unspecified,china-cdc-380,胡萝卜(红)[金笋，丁香萝卜],unspecified,china_cdc,reference_alias,alias_candidate_requires_review,pending
84,胡萝卜,unspecified,china-cdc-381,胡萝卜(黄),unspecified,china_cdc,reference_alias,alias_candidate_requires_review,pending
85,香菇,unspecified,china-cdc-584,香菇[香蕈，冬菇](鲜),unspecified,china_cdc,reference_alias,alias_candidate_requires_review,pending
85,香菇,unspecified,china-cdc-585,香菇(干)[香蕈，冬菇],dried,china_cdc,reference_alias,alias_candidate_requires_review,pending
86,香干,unspecified,,,,,,no_exact_name_match,pending
87,韩式辣酱,unspecified,,,,,,no_exact_name_match,pending
88,米醋,unspecified,,,,,,no_exact_name_match,pending
89,生抽,unspecified,china-cdc-1611,生抽,unspecified,china_cdc,exact,exact_candidate,pending
90,黄瓜,unspecified,china-cdc-422,黄瓜[胡瓜](鲜),unspecified,china_cdc,reference_alias,alias_candidate_requires_review,pending
91,排骨,unspecified,,,,,,no_exact_name_match,pending
92,豆豉,unspecified,,,,,,no_exact_name_match,pending
48,淀粉,dried,,,,,,no_exact_name_match,pending
96,鸡粉,unspecified,,,,,,no_exact_name_match,pending
98,料酒,unspecified,china-cdc-1570,料酒,unspecified,china_cdc,exact,exact_candidate,pending
99,虾仁,unspecified,china-cdc-1100,虾米[海米，虾仁],unspecified,china_cdc,reference_alias,alias_candidate_requires_review,pending
100,水淀粉,unspecified,,,,,,no_exact_name_match,pending
101,花蛤,unspecified,,,,,,no_exact_name_match,pending
103,蒜蓉辣椒酱,unspecified,,,,,,no_exact_name_match,pending
104,红豆,unspecified,,,,,,no_exact_name_match,pending
105,薏米,unspecified,china-cdc-311,薏米[薏仁米，苡米],unspecified,china_cdc,reference_alias,alias_candidate_requires_review,pending
120,低筋面粉,unspecified,,,,,,no_exact_name_match,pending
121,糖粉,unspecified,,,,,,no_exact_name_match,pending
122,牛奶,unspecified,china-cdc-930,牛奶(草莓味，卡夫牌),unspecified,china_cdc,reference_alias,alias_candidate_requires_review,pending
122,牛奶,unspecified,china-cdc-931,牛奶(巧克力味，卡夫牌),unspecified,china_cdc,reference_alias,alias_candidate_requires_review,pending
122,牛奶,unspecified,china-cdc-932,牛奶(巧克力味，三元牌),unspecified,china_cdc,reference_alias,alias_candidate_requires_review,pending
123,泡打粉,unspecified,,,,,,no_exact_name_match,pending
124,小鲍鱼,unspecified,,,,,,no_exact_name_match,pending
125,鸡精,unspecified,china-cdc-1567,鸡精,unspecified,china_cdc,exact,exact_candidate,pending
126,惠灵顿牛排,unspecified,,,,,,no_exact_name_match,pending
128,鸡蛋黄液,unspecified,,,,,,no_exact_name_match,pending
129,红茶包,unspecified,,,,,,no_exact_name_match,pending
130,焦糖酱,unspecified,,,,,,no_exact_name_match,pending
131,吉利丁粉,unspecified,,,,,,no_exact_name_match,pending
132,淡奶油,unspecified,,,,,,no_exact_name_match,pending
133,细砂糖,unspecified,,,,,,no_exact_name_match,pending
134,小白菜,unspecified,china-cdc-452,小白菜,unspecified,china_cdc,exact,exact_candidate,pending
135,肉末,unspecified,,,,,,no_exact_name_match,pending
136,烧麦皮,unspecified,,,,,,no_exact_name_match,pending
137,梅干菜,unspecified,,,,,,no_exact_name_match,pending
138,猪五花肉,unspecified,,,,,,no_exact_name_match,pending
139,老抽,unspecified,china-cdc-1581,老抽,unspecified,china_cdc,exact,exact_candidate,pending
140,海鲜酱,unspecified,china-cdc-1530,海鲜酱(阿香婆),unspecified,china_cdc,reference_alias,alias_candidate_requires_review,pending
141,桂皮,unspecified,,,,,,no_exact_name_match,pending
142,八角,unspecified,,,,,,no_exact_name_match,pending
144,西米,unspecified,,,,,,no_exact_name_match,pending
145,西芹,unspecified,,,,,,no_exact_name_match,pending
146,蒜瓣,unspecified,,,,,,no_exact_name_match,pending
147,白芝麻,unspecified,,,,,,no_exact_name_match,pending
149,鸡中翅,unspecified,,,,,,no_exact_name_match,pending
151,番茄沙司,unspecified,china-cdc-1544,番茄沙司,unspecified,china_cdc,exact,exact_candidate,pending
152,鳕鱼,unspecified,china-cdc-1062,鳕鱼[鳕狭，明太鱼],unspecified,china_cdc,reference_alias,alias_candidate_requires_review,pending
152,鳕鱼,unspecified,china-cdc-1087,鳕鱼(烤),cooked,china_cdc,reference_alias,alias_candidate_requires_review,pending
152,鳕鱼,unspecified,china-cdc-1088,鳕鱼(炸),cooked,china_cdc,reference_alias,alias_candidate_requires_review,pending
153,老酸奶,unspecified,,,,,,no_exact_name_match,pending
154,柠檬汁,unspecified,,,,,,no_exact_name_match,pending
155,色拉油,unspecified,china-cdc-1505,色拉油,unspecified,china_cdc,exact,exact_candidate,pending
155,色拉油,unspecified,china-cdc-1517,色拉油,unspecified,china_cdc,exact,exact_candidate,pending
156,五花肉,unspecified,,,,,,no_exact_name_match,pending
157,猪后腿肉,unspecified,,,,,,no_exact_name_match,pending
158,青线椒,unspecified,,,,,,no_exact_name_match,pending
159,红线椒,unspecified,,,,,,no_exact_name_match,pending
160,阿胶粉,unspecified,,,,,,no_exact_name_match,pending
161,和田大枣肉,unspecified,,,,,,no_exact_name_match,pending
306,核桃,unspecified,china-cdc-742,核桃(鲜),unspecified,china_cdc,reference_alias,alias_candidate_requires_review,pending
306,核桃,unspecified,china-cdc-743,核桃(干)[胡桃],dried,china_cdc,reference_alias,alias_candidate_requires_review,pending
163,黑芝麻,unspecified,,,,,,no_exact_name_match,pending
164,枸杞,unspecified,china-cdc-567,枸杞菜[枸杞，地骨](鲜),unspecified,china_cdc,reference_alias,alias_candidate_requires_review,pending
165,冰糖粉,unspecified,,,,,,no_exact_name_match,pending
166,黄酒,unspecified,china-cdc-1421,黄酒,unspecified,china_cdc,exact,exact_candidate,pending
168,大蒜粉,unspecified,,,,,,no_exact_name_match,pending
169,玉米油,unspecified,china-cdc-1507,玉米油,unspecified,china_cdc,exact,exact_candidate,pending
170,糯米粉,unspecified,,,,,,no_exact_name_match,pending
171,坚果,unspecified,,,,,,no_exact_name_match,pending
173,陈醋,unspecified,china-cdc-1522,陈醋,unspecified,china_cdc,exact,exact_candidate,pending
174,杏仁粉,unspecified,,,,,,no_exact_name_match,pending
175,水果,unspecified,,,,,,no_exact_name_match,pending
176,蜂蜜,unspecified,china-cdc-1487,蜂蜜,unspecified,china_cdc,exact,exact_candidate,pending
177,西兰花,unspecified,china-cdc-465,西兰花[绿菜花],unspecified,china_cdc,reference_alias,alias_candidate_requires_review,pending
179,猪大排,unspecified,china-cdc-791,猪大排,unspecified,china_cdc,exact,exact_candidate,pending
180,梅子,unspecified,,,,,,no_exact_name_match,pending
181,豆瓣酱,unspecified,china-cdc-1523,豆瓣酱,unspecified,china_cdc,exact,exact_candidate,pending
183,官燕盏,unspecified,,,,,,no_exact_name_match,pending
184,矿泉水,unspecified,,,,,,no_exact_name_match,pending
185,黄冰糖,unspecified,,,,,,no_exact_name_match,pending
187,水发香菇,unspecified,,,,,,no_exact_name_match,pending
188,酵母,unspecified,china-cdc-1568,酵母(鲜),unspecified,china_cdc,reference_alias,alias_candidate_requires_review,pending
188,酵母,unspecified,china-cdc-1569,酵母(干),dried,china_cdc,reference_alias,alias_candidate_requires_review,pending
191,芥蓝,unspecified,china-cdc-468,芥蓝[甘蓝菜，盖蓝菜],unspecified,china_cdc,reference_alias,alias_candidate_requires_review,pending
192,巴沙鱼,unspecified,,,,,,no_exact_name_match,pending
193,白胡椒粉,unspecified,,,,,,no_exact_name_match,pending
194,小米椒,unspecified,,,,,,no_exact_name_match,pending
195,扇贝,unspecified,china-cdc-1114,扇贝(鲜),unspecified,china_cdc,reference_alias,alias_candidate_requires_review,pending
195,扇贝,unspecified,china-cdc-1115,扇贝(干)[干贝],dried,china_cdc,reference_alias,alias_candidate_requires_review,pending
196,日本豆腐,unspecified,,,,,,no_exact_name_match,pending
197,鸽子,unspecified,,,,,,no_exact_name_match,pending
85,香菇,hydrated,china-cdc-584,香菇[香蕈，冬菇](鲜),unspecified,china_cdc,reference_alias,alias_candidate_requires_review,pending
85,香菇,hydrated,china-cdc-585,香菇(干)[香蕈，冬菇],dried,china_cdc,reference_alias,alias_candidate_requires_review,pending
200,天麻片,unspecified,,,,,,no_exact_name_match,pending
201,糖,unspecified,china-cdc-1448,糖（白砂糖）,unspecified,china_cdc,reference_alias,alias_candidate_requires_review,pending
201,糖,unspecified,china-cdc-1449,糖（绵白糖）,unspecified,china_cdc,reference_alias,alias_candidate_requires_review,pending
201,糖,unspecified,china-cdc-1450,糖（冰糖）,unspecified,china_cdc,reference_alias,alias_candidate_requires_review,pending
201,糖,unspecified,china-cdc-1451,糖（红糖）,unspecified,china_cdc,reference_alias,alias_candidate_requires_review,pending
202,白菜,unspecified,,,,,,no_exact_name_match,pending
203,酵母粉,unspecified,,,,,,no_exact_name_match,pending
204,甜面酱,unspecified,china-cdc-1527,甜面酱,unspecified,china_cdc,exact,exact_candidate,pending
205,水发木耳,unspecified,,,,,,no_exact_name_match,pending
206,牛里脊肉,unspecified,,,,,,no_exact_name_match,pending
207,鸡蛋清,unspecified,,,,,,no_exact_name_match,pending
208,猪油,cooked,china-cdc-1494,猪油(炼),unspecified,china_cdc,reference_alias,alias_candidate_requires_review,pending
210,葱白,unspecified,,,,,,no_exact_name_match,pending
212,红辣椒,unspecified,,,,,,no_exact_name_match,pending
214,绿辣椒丝,unspecified,,,,,,no_exact_name_match,pending
216,冬笋,cooked,china-cdc-502,冬笋(鲜),unspecified,china_cdc,reference_alias,alias_candidate_requires_review,pending
218,豆皮,unspecified,,,,,,no_exact_name_match,pending
219,尖椒,unspecified,,,,,,no_exact_name_match,pending
220,饺子皮,unspecified,,,,,,no_exact_name_match,pending
221,娃娃菜,unspecified,china-cdc-461,娃娃菜,unspecified,china_cdc,exact,exact_candidate,pending
222,黑木耳,unspecified,china-cdc-579,木耳(干)[黑木耳，云耳],dried,china_cdc,reference_alias,alias_candidate_requires_review,pending
222,黑木耳,unspecified,china-cdc-580,木耳(水发)[黑木耳，云耳],hydrated,china_cdc,reference_alias,alias_candidate_requires_review,pending
223,豆腐干,unspecified,china-cdc-346,豆腐干(均值),unspecified,china_cdc,reference_alias,alias_candidate_requires_review,pending
224,粉丝,unspecified,china-cdc-324,粉丝,unspecified,china_cdc,exact,exact_candidate,pending
226,鲫鱼,unspecified,china-cdc-1021,鲫鱼[喜头鱼，海附鱼],unspecified,china_cdc,reference_alias,alias_candidate_requires_review,pending
227,南瓜,unspecified,china-cdc-426,南瓜[倭瓜，番瓜](鲜),unspecified,china_cdc,reference_alias,alias_candidate_requires_review,pending
227,南瓜,unspecified,china-cdc-435,南瓜(栗面),unspecified,china_cdc,reference_alias,alias_candidate_requires_review,pending
228,烤肉酱,unspecified,,,,,,no_exact_name_match,pending
229,鸡爪,unspecified,china-cdc-883,鸡爪,unspecified,china_cdc,exact,exact_candidate,pending
30,辣椒,dried,china-cdc-407,辣椒(红，尖，干),unspecified,china_cdc,reference_alias,alias_candidate_requires_review,pending
30,辣椒,dried,china-cdc-408,辣椒(红，小),unspecified,china_cdc,reference_alias,alias_candidate_requires_review,pending
30,辣椒,dried,china-cdc-409,辣椒(青，尖),unspecified,china_cdc,reference_alias,alias_candidate_requires_review,pending
231,对虾,unspecified,,,,,,no_exact_name_match,pending
232,丝瓜,unspecified,china-cdc-429,丝瓜,unspecified,china_cdc,exact,exact_candidate,pending
233,贝,dried,,,,,,no_exact_name_match,pending
235,红椒,unspecified,,,,,,no_exact_name_match,pending
237,蒸鱼鼓油,unspecified,,,,,,no_exact_name_match,pending
238,花甲,unspecified,,,,,,no_exact_name_match,pending
111,纯净水,unspecified,,,,,,no_exact_name_match,pending
113,小龙虾,unspecified,,,,,,no_exact_name_match,pending
239,大葱,unspecified,china-cdc-441,大葱,unspecified,china_cdc,exact,exact_candidate,pending
242,咖喱块,unspecified,,,,,,no_exact_name_match,pending
243,中筋面粉,unspecified,,,,,,no_exact_name_match,pending
244,火腿肠,unspecified,china-cdc-815,火腿肠,unspecified,china_cdc,exact,exact_candidate,pending
245,豆腐,unspecified,china-cdc-333,豆腐(均值),unspecified,china_cdc,reference_alias,alias_candidate_requires_review,pending
245,豆腐,unspecified,china-cdc-334,豆腐(北),unspecified,china_cdc,reference_alias,alias_candidate_requires_review,pending
245,豆腐,unspecified,china-cdc-335,豆腐(南)[南豆腐],unspecified,china_cdc,reference_alias,alias_candidate_requires_review,pending
245,豆腐,unspecified,china-cdc-336,豆腐(内酯),unspecified,china_cdc,reference_alias,alias_candidate_requires_review,pending
246,胡桃仁,unspecified,,,,,,no_exact_name_match,pending
247,芝麻,unspecified,,,,,,no_exact_name_match,pending
248,梭子蟹,unspecified,,,,,,no_exact_name_match,pending
249,高筋面粉,unspecified,,,,,,no_exact_name_match,pending
250,炼乳,unspecified,china-cdc-972,炼乳(甜，罐头),unspecified,china_cdc,reference_alias,alias_candidate_requires_review,pending
252,芝士粉,unspecified,,,,,,no_exact_name_match,pending
254,马蹄,unspecified,china-cdc-520,荸荠[马蹄，地栗](鲜),unspecified,china_cdc,reference_alias,alias_candidate_requires_review,pending
255,瘦肉,unspecified,,,,,,no_exact_name_match,pending
257,五香粉,unspecified,china-cdc-1564,五香粉,unspecified,china_cdc,exact,exact_candidate,pending
258,油麦菜,unspecified,china-cdc-482,生菜(牛俐)[油麦菜],unspecified,china_cdc,reference_alias,alias_candidate_requires_review,pending
208,猪油,unspecified,china-cdc-1494,猪油(炼),unspecified,china_cdc,reference_alias,alias_candidate_requires_review,pending
259,小芋头,unspecified,,,,,,no_exact_name_match,pending
260,剁辣椒,unspecified,china-cdc-1554,剁辣椒,unspecified,china_cdc,exact,exact_candidate,pending
261,鸡胸肉,unspecified,,,,,,no_exact_name_match,pending
262,香草碎,unspecified,,,,,,no_exact_name_match,pending
264,鸡翅根,unspecified,,,,,,no_exact_name_match,pending
265,新奥尔良粉,unspecified,,,,,,no_exact_name_match,pending
266,鹌鹑蛋,unspecified,,,,,,no_exact_name_match,pending
267,培根,unspecified,,,,,,no_exact_name_match,pending
269,玉米淀粉,unspecified,china-cdc-320,玉米淀粉,unspecified,china_cdc,exact,exact_candidate,pending
270,黑胡椒粉,unspecified,,,,,,no_exact_name_match,pending
271,百里香,unspecified,china-cdc-537,百里香(鲜),unspecified,china_cdc,reference_alias,alias_candidate_requires_review,pending
272,腌制酸黄瓜,unspecified,,,,,,no_exact_name_match,pending
273,八珍粉,unspecified,,,,,,no_exact_name_match,pending
274,粘米粉,unspecified,,,,,,no_exact_name_match,pending
276,粳米,unspecified,china-cdc-281,粳米(标一),unspecified,china_cdc,reference_alias,alias_candidate_requires_review,pending
277,花生,unspecified,china-cdc-761,花生(鲜)[落花生，长生果],unspecified,china_cdc,reference_alias,alias_candidate_requires_review,pending
277,花生,unspecified,china-cdc-762,花生(炒),unspecified,china_cdc,reference_alias,alias_candidate_requires_review,pending
277,花生,unspecified,china-cdc-776,花生(烤，勤俭牌),cooked,china_cdc,reference_alias,alias_candidate_requires_review,pending
277,花生,unspecified,china-cdc-777,花生(烤，密日兴牌),cooked,china_cdc,reference_alias,alias_candidate_requires_review,pending
163,黑芝麻,cooked,,,,,,no_exact_name_match,pending
280,芥菜,unspecified,china-cdc-466,芥菜[雪里红，雪菜](鲜),unspecified,china_cdc,reference_alias,alias_candidate_requires_review,pending
280,芥菜,unspecified,china-cdc-467,芥菜(大叶，鲜)[盖菜],unspecified,china_cdc,reference_alias,alias_candidate_requires_review,pending
281,火腿,unspecified,china-cdc-821,火腿,unspecified,china_cdc,exact,exact_candidate,pending
282,鸭翅,unspecified,china-cdc-893,鸭翅,unspecified,china_cdc,exact,exact_candidate,pending
283,花椒,unspecified,china-cdc-1583,花椒,unspecified,china_cdc,exact,exact_candidate,pending
284,香叶,unspecified,,,,,,no_exact_name_match,pending
212,红辣椒,dried,,,,,,no_exact_name_match,pending
287,柠檬,unspecified,china-cdc-712,柠檬,unspecified,china_cdc,exact,exact_candidate,pending
288,照烧汁,unspecified,,,,,,no_exact_name_match,pending
290,小米,unspecified,china-cdc-301,小米,unspecified,china_cdc,exact,exact_candidate,pending
291,河鳗,unspecified,china-cdc-1024,鳗鲡[鳗鱼，河鳗],unspecified,china_cdc,reference_alias,alias_candidate_requires_review,pending
292,牛肋条,unspecified,,,,,,no_exact_name_match,pending
293,白萝卜,unspecified,china-cdc-371,白萝卜[莱菔](鲜),unspecified,china_cdc,reference_alias,alias_candidate_requires_review,pending
294,白芷,unspecified,,,,,,no_exact_name_match,pending
295,山奈,unspecified,,,,,,no_exact_name_match,pending
297,竹笋,unspecified,china-cdc-499,竹笋(鲜),unspecified,china_cdc,reference_alias,alias_candidate_requires_review,pending
298,大虾干,unspecified,,,,,,no_exact_name_match,pending
300,黄花鱼,unspecified,,,,,,no_exact_name_match,pending
301,橘皮,unspecified,,,,,,no_exact_name_match,pending
302,茯苓,unspecified,,,,,,no_exact_name_match,pending
303,菊苣,unspecified,china-cdc-509,菊苣,unspecified,china_cdc,exact,exact_candidate,pending
304,葛根,unspecified,,,,,,no_exact_name_match,pending
305,黑巧克力,unspecified,,,,,,no_exact_name_match,pending
306,核桃,cooked,china-cdc-742,核桃(鲜),unspecified,china_cdc,reference_alias,alias_candidate_requires_review,pending
306,核桃,cooked,china-cdc-743,核桃(干)[胡桃],dried,china_cdc,reference_alias,alias_candidate_requires_review,pending
170,糯米粉,cooked,,,,,,no_exact_name_match,pending
309,大芒果,unspecified,,,,,,no_exact_name_match,pending
311,桃胶,unspecified,,,,,,no_exact_name_match,pending
312,雪燕,unspecified,,,,,,no_exact_name_match,pending
313,皂角米,unspecified,,,,,,no_exact_name_match,pending
314,橙子,unspecified,,,,,,no_exact_name_match,pending
315,苹果,unspecified,china-cdc-613,苹果(均值),unspecified,china_cdc,reference_alias,alias_candidate_requires_review,pending
315,苹果,unspecified,china-cdc-614,苹果（国光苹果）,unspecified,china_cdc,reference_alias,alias_candidate_requires_review,pending
315,苹果,unspecified,china-cdc-615,苹果（红富士苹果),unspecified,china_cdc,reference_alias,alias_candidate_requires_review,pending
315,苹果,unspecified,china-cdc-620,苹果（黄香蕉苹果),unspecified,china_cdc,reference_alias,alias_candidate_requires_review,pending
315,苹果,unspecified,china-cdc-621,苹果（黄元帅苹果),unspecified,china_cdc,reference_alias,alias_candidate_requires_review,pending
315,苹果,unspecified,china-cdc-629,苹果(罐头),unspecified,china_cdc,reference_alias,alias_candidate_requires_review,pending
316,香梨,unspecified,,,,,,no_exact_name_match,pending
317,蛋黄,unspecified,china-cdc-984,蛋黄（鸡蛋黄）,unspecified,china_cdc,reference_alias,alias_candidate_requires_review,pending
317,蛋黄,unspecified,china-cdc-999,蛋黄（鹅蛋黄）,unspecified,china_cdc,reference_alias,alias_candidate_requires_review,pending
318,鱿鱼,unspecified,china-cdc-1130,鱿鱼(干)[台湾枪乌贼],dried,china_cdc,reference_alias,alias_candidate_requires_review,pending
318,鱿鱼,unspecified,china-cdc-1131,鱿鱼(水浸),unspecified,china_cdc,reference_alias,alias_candidate_requires_review,pending
216,冬笋,unspecified,china-cdc-502,冬笋(鲜),unspecified,china_cdc,reference_alias,alias_candidate_requires_review,pending
115,青椒,unspecified,,,,,,no_exact_name_match,pending
324,火鸡腿,unspecified,china-cdc-908,火鸡腿,unspecified,china_cdc,exact,exact_candidate,pending
325,果木烟熏调料,unspecified,,,,,,no_exact_name_match,pending
326,奥尔良腌料,unspecified,,,,,,no_exact_name_match,pending
327,内酯豆腐,unspecified,,,,,,no_exact_name_match,pending
329,人参,unspecified,,,,,,no_exact_name_match,pending
330,米酒,unspecified,,,,,,no_exact_name_match,pending
331,黑枣,unspecified,china-cdc-677,黑枣(无核)[乌枣],unspecified,china_cdc,reference_alias,alias_candidate_requires_review,pending
332,草虾,unspecified,china-cdc-1096,塘水虾[草虾],unspecified,china_cdc,reference_alias,alias_candidate_requires_review,pending
333,猪筒骨,unspecified,,,,,,no_exact_name_match,pending
334,海带,dried,china-cdc-605,海带[江白菜](鲜),unspecified,china_cdc,reference_alias,alias_candidate_requires_review,pending
334,海带,dried,china-cdc-606,海带(干)[江白菜，昆布],dried,china_cdc,reference_alias,alias_candidate_requires_review,pending
334,海带,dried,china-cdc-607,海带(浸)[江白菜，昆布],unspecified,china_cdc,reference_alias,alias_candidate_requires_review,pending
337,筒骨,unspecified,,,,,,no_exact_name_match,pending
338,秋刀鱼,unspecified,,,,,,no_exact_name_match,pending
112,小米辣,unspecified,,,,,,no_exact_name_match,pending
340,黄豆芽,unspecified,china-cdc-399,黄豆芽,unspecified,china_cdc,exact,exact_candidate,pending
341,鸭肉,unspecified,china-cdc-891,鸭(均值),unspecified,china_cdc,reference_alias,alias_candidate_requires_review,pending
342,杨梅,dried,china-cdc-727,杨梅[树梅，山杨梅],unspecified,china_cdc,reference_alias,alias_candidate_requires_review,pending
344,绿豆,unspecified,china-cdc-350,绿豆(干),dried,china_cdc,reference_alias,alias_candidate_requires_review,pending
345,芸豆,unspecified,china-cdc-358,芸豆(干，白),dried,china_cdc,reference_alias,alias_candidate_requires_review,pending
345,芸豆,unspecified,china-cdc-359,芸豆(干，红),dried,china_cdc,reference_alias,alias_candidate_requires_review,pending
345,芸豆,unspecified,china-cdc-360,芸豆(干，虎皮),dried,china_cdc,reference_alias,alias_candidate_requires_review,pending
345,芸豆,unspecified,china-cdc-361,芸豆(干，杂，带皮),dried,china_cdc,reference_alias,alias_candidate_requires_review,pending
345,芸豆,unspecified,china-cdc-396,芸豆(鲜),unspecified,china_cdc,reference_alias,alias_candidate_requires_review,pending
346,莲子,dried,china-cdc-768,莲子(干),dried,china_cdc,reference_alias,alias_candidate_requires_review,pending
348,大米,unspecified,,,,,,no_exact_name_match,pending
349,高粱米,unspecified,china-cdc-306,高粱米,unspecified,china_cdc,exact,exact_candidate,pending
350,黑糯米,unspecified,,,,,,no_exact_name_match,pending
351,蛋挞皮,unspecified,,,,,,no_exact_name_match,pending
352,巧克力,unspecified,china-cdc-1454,巧克力,unspecified,china_cdc,exact,exact_candidate,pending
355,可可粉,unspecified,china-cdc-1387,可可粉,unspecified,china_cdc,exact,exact_candidate,pending
356,油,unspecified,china-cdc-1495,油（菜籽油)[青油],unspecified,china_cdc,reference_alias,alias_candidate_requires_review,pending
356,油,unspecified,china-cdc-1496,油（茶油),unspecified,china_cdc,reference_alias,alias_candidate_requires_review,pending
356,油,unspecified,china-cdc-1498,油（红花油),unspecified,china_cdc,reference_alias,alias_candidate_requires_review,pending
356,油,unspecified,china-cdc-1499,油（胡麻油),unspecified,china_cdc,reference_alias,alias_candidate_requires_review,pending
356,油,unspecified,china-cdc-1502,油（辣椒油),unspecified,china_cdc,reference_alias,alias_candidate_requires_review,pending
356,油,unspecified,china-cdc-1503,油（麦芽油),unspecified,china_cdc,reference_alias,alias_candidate_requires_review,pending
356,油,unspecified,china-cdc-1504,油（棉籽油),unspecified,china_cdc,reference_alias,alias_candidate_requires_review,pending
356,油,unspecified,china-cdc-1506,油（椰子油),unspecified,china_cdc,reference_alias,alias_candidate_requires_review,pending
356,油,unspecified,china-cdc-1509,油（棕榈油),unspecified,china_cdc,reference_alias,alias_candidate_requires_review,pending
356,油,unspecified,china-cdc-1510,油（橄榄油),unspecified,china_cdc,reference_alias,alias_candidate_requires_review,pending
357,酱油,unspecified,china-cdc-1518,酱油(均值),unspecified,china_cdc,reference_alias,alias_candidate_requires_review,pending
358,蛤蜊,unspecified,china-cdc-1120,蛤蜊(均值),unspecified,china_cdc,reference_alias,alias_candidate_requires_review,pending
359,萝卜干,unspecified,china-cdc-1550,萝卜干,unspecified,china_cdc,exact,exact_candidate,pending
360,金像高筋粉,unspecified,,,,,,no_exact_name_match,pending
361,亨氏番茄酱,unspecified,,,,,,no_exact_name_match,pending
362,披萨草,unspecified,,,,,,no_exact_name_match,pending
363,鲜虾,unspecified,,,,,,no_exact_name_match,pending
364,青豆,unspecified,china-cdc-328,青豆[青大豆](干),dried,china_cdc,reference_alias,alias_candidate_requires_review,pending
364,青豆,unspecified,china-cdc-391,毛豆[青豆，菜用大豆](鲜),unspecified,china_cdc,reference_alias,alias_candidate_requires_review,pending
365,玉米,unspecified,china-cdc-292,玉米(鲜),unspecified,china_cdc,reference_alias,alias_candidate_requires_review,pending
365,玉米,unspecified,china-cdc-293,玉米(白，干),unspecified,china_cdc,reference_alias,alias_candidate_requires_review,pending
365,玉米,unspecified,china-cdc-294,玉米(黄，干),unspecified,china_cdc,reference_alias,alias_candidate_requires_review,pending
367,挂面,unspecified,china-cdc-261,挂面(均值),unspecified,china_cdc,reference_alias,alias_candidate_requires_review,pending
367,挂面,unspecified,china-cdc-262,挂面(标准粉),unspecified,china_cdc,reference_alias,alias_candidate_requires_review,pending
367,挂面,unspecified,china-cdc-263,挂面(富强粉),unspecified,china_cdc,reference_alias,alias_candidate_requires_review,pending
368,枇杷,unspecified,china-cdc-730,枇杷,unspecified,china_cdc,exact,exact_candidate,pending
369,带鱼,unspecified,china-cdc-1030,带鱼[白带鱼，刀鱼],unspecified,china_cdc,reference_alias,alias_candidate_requires_review,pending
370,猪小排,unspecified,china-cdc-794,猪小排,unspecified,china_cdc,exact,exact_candidate,pending
371,面条,dried,china-cdc-264,面条(均值),unspecified,china_cdc,reference_alias,alias_candidate_requires_review,pending
371,面条,dried,china-cdc-265,面条(标准粉，切面),unspecified,china_cdc,reference_alias,alias_candidate_requires_review,pending
371,面条,dried,china-cdc-266,面条(富强粉，切面),unspecified,china_cdc,reference_alias,alias_candidate_requires_review,pending
371,面条,dried,china-cdc-267,面条(干切面),unspecified,china_cdc,reference_alias,alias_candidate_requires_review,pending
373,老南瓜,unspecified,,,,,,no_exact_name_match,pending
374,桂花酱,unspecified,,,,,,no_exact_name_match,pending
375,黄皮南瓜,unspecified,,,,,,no_exact_name_match,pending
376,桂花,unspecified,,,,,,no_exact_name_match,pending
377,菠菜,unspecified,china-cdc-473,菠菜[赤根菜](鲜),unspecified,china_cdc,reference_alias,alias_candidate_requires_review,pending
379,肉桂粉,unspecified,,,,,,no_exact_name_match,pending
380,姜粉,unspecified,,,,,,no_exact_name_match,pending
381,鲜虾仁,unspecified,,,,,,no_exact_name_match,pending
382,芦笋,unspecified,china-cdc-510,芦笋[石刁柏，龙须菜],unspecified,china_cdc,reference_alias,alias_candidate_requires_review,pending
383,羊肉,unspecified,china-cdc-844,羊肉(肥瘦)(均值),unspecified,china_cdc,reference_alias,alias_candidate_requires_review,pending
383,羊肉,unspecified,china-cdc-845,羊肉(后腿),unspecified,china_cdc,reference_alias,alias_candidate_requires_review,pending
383,羊肉,unspecified,china-cdc-846,羊肉(颈),unspecified,china_cdc,reference_alias,alias_candidate_requires_review,pending
383,羊肉,unspecified,china-cdc-847,羊肉(里脊),unspecified,china_cdc,reference_alias,alias_candidate_requires_review,pending
383,羊肉,unspecified,china-cdc-848,羊肉(前腿),unspecified,china_cdc,reference_alias,alias_candidate_requires_review,pending
383,羊肉,unspecified,china-cdc-849,羊肉(青羊),unspecified,china_cdc,reference_alias,alias_candidate_requires_review,pending
383,羊肉,unspecified,china-cdc-850,羊肉(瘦),unspecified,china_cdc,reference_alias,alias_candidate_requires_review,pending
383,羊肉,unspecified,china-cdc-851,羊肉(胸脯),unspecified,china_cdc,reference_alias,alias_candidate_requires_review,pending
384,当归,unspecified,,,,,,no_exact_name_match,pending
385,黄芪,unspecified,,,,,,no_exact_name_match,pending
386,小干葱碎,unspecified,,,,,,no_exact_name_match,pending
387,白蘑菇,unspecified,,,,,,no_exact_name_match,pending
389,意大利米,unspecified,,,,,,no_exact_name_match,pending
390,白葡萄酒,unspecified,china-cdc-1411,白葡萄酒,unspecified,china_cdc,exact,exact_candidate,pending
391,热鸡汤,unspecified,,,,,,no_exact_name_match,pending
392,菠菜叶,unspecified,,,,,,no_exact_name_match,pending
393,意大利芹,unspecified,,,,,,no_exact_name_match,pending
395,帕玛森芝士,unspecified,,,,,,no_exact_name_match,pending
397,紫薯,unspecified,,,,,,no_exact_name_match,pending
399,酒酿,unspecified,,,,,,no_exact_name_match,pending
400,紫薯粉,unspecified,,,,,,no_exact_name_match,pending
401,芋头,cooked,china-cdc-526,芋头[芋艿，毛芋],unspecified,china_cdc,reference_alias,alias_candidate_requires_review,pending
397,紫薯,cooked,,,,,,no_exact_name_match,pending
404,椰蓉,unspecified,,,,,,no_exact_name_match,pending
405,奇异果,unspecified,,,,,,no_exact_name_match,pending
406,青柠檬汁,unspecified,,,,,,no_exact_name_match,pending
407,黄柠檬汁,unspecified,,,,,,no_exact_name_match,pending
408,冰块,unspecified,,,,,,no_exact_name_match,pending
409,苏打水,unspecified,,,,,,no_exact_name_match,pending
410,肋排,unspecified,,,,,,no_exact_name_match,pending
411,豆豉酱,unspecified,,,,,,no_exact_name_match,pending
412,排骨酱,unspecified,,,,,,no_exact_name_match,pending
413,牛小排,unspecified,,,,,,no_exact_name_match,pending
414,黄豆酱,unspecified,,,,,,no_exact_name_match,pending
415,荷兰豆,unspecified,china-cdc-389,荷兰豆,unspecified,china_cdc,exact,exact_candidate,pending
416,木瓜,unspecified,china-cdc-724,木瓜[番木瓜],unspecified,china_cdc,reference_alias,alias_candidate_requires_review,pending
417,黑米,unspecified,,,,,,no_exact_name_match,pending
418,葡萄干,unspecified,china-cdc-689,葡萄干,unspecified,china_cdc,exact,exact_candidate,pending
419,白玉菇,unspecified,,,,,,no_exact_name_match,pending
420,榴莲肉,unspecified,china-cdc-735,榴莲,unspecified,china_cdc,reference_alias,alias_candidate_requires_review,pending
421,澄面,unspecified,,,,,,no_exact_name_match,pending
422,细粉丝,unspecified,,,,,,no_exact_name_match,pending
423,小青龙,unspecified,,,,,,no_exact_name_match,pending
424,抹茶粉,unspecified,,,,,,no_exact_name_match,pending
425,吉士粉,unspecified,,,,,,no_exact_name_match,pending
426,红腐乳,unspecified,,,,,,no_exact_name_match,pending
427,南乳汁,unspecified,,,,,,no_exact_name_match,pending
428,原味粗颗粒大米粉,unspecified,,,,,,no_exact_name_match,pending
1242,奶酪,unspecified,china-cdc-962,奶酪[干酪],unspecified,china_cdc,reference_alias,alias_candidate_requires_review,pending
1242,奶酪,unspecified,china-cdc-965,奶酪(光明牌),unspecified,china_cdc,reference_alias,alias_candidate_requires_review,pending
1242,奶酪,unspecified,china-cdc-966,奶酪(骑士牌),unspecified,china_cdc,reference_alias,alias_candidate_requires_review,pending
430,面包屑,unspecified,,,,,,no_exact_name_match,pending
431,鸭子,unspecified,,,,,,no_exact_name_match,pending
432,白醋,unspecified,china-cdc-1521,白醋,unspecified,china_cdc,exact,exact_candidate,pending
433,大苹果,unspecified,,,,,,no_exact_name_match,pending
2112,面包,unspecified,china-cdc-1316,面包(均值),unspecified,china_cdc,reference_alias,alias_candidate_requires_review,pending
435,普通面粉,unspecified,,,,,,no_exact_name_match,pending
437,小番茄,unspecified,,,,,,no_exact_name_match,pending
438,牛油果,unspecified,,,,,,no_exact_name_match,pending
439,乳清乳酪,unspecified,,,,,,no_exact_name_match,pending
81,猪肉,unspecified,china-cdc-779,猪肉(肥瘦)(均值),unspecified,china_cdc,reference_alias,alias_candidate_requires_review,pending
81,猪肉,unspecified,china-cdc-780,猪肉(肥),unspecified,china_cdc,reference_alias,alias_candidate_requires_review,pending
81,猪肉,unspecified,china-cdc-781,猪肉(后臀尖),unspecified,china_cdc,reference_alias,alias_candidate_requires_review,pending
81,猪肉,unspecified,china-cdc-782,猪肉(后肘),unspecified,china_cdc,reference_alias,alias_candidate_requires_review,pending
81,猪肉,unspecified,china-cdc-783,猪肉(肋条肉),unspecified,china_cdc,reference_alias,alias_candidate_requires_review,pending
81,猪肉,unspecified,china-cdc-784,猪肉(里脊),unspecified,china_cdc,reference_alias,alias_candidate_requires_review,pending
81,猪肉,unspecified,china-cdc-785,猪肉(奶脯)[软五花，猪夹心],unspecified,china_cdc,reference_alias,alias_candidate_requires_review,pending
81,猪肉,unspecified,china-cdc-786,猪肉(奶面)[硬五花],unspecified,china_cdc,reference_alias,alias_candidate_requires_review,pending
81,猪肉,unspecified,china-cdc-787,猪肉(前肘),unspecified,china_cdc,reference_alias,alias_candidate_requires_review,pending
81,猪肉,unspecified,china-cdc-788,猪肉(瘦),unspecified,china_cdc,reference_alias,alias_candidate_requires_review,pending
81,猪肉,unspecified,china-cdc-789,猪肉(腿),unspecified,china_cdc,reference_alias,alias_candidate_requires_review,pending
440,春笋,unspecified,china-cdc-501,春笋(鲜),unspecified,china_cdc,reference_alias,alias_candidate_requires_review,pending
441,泥鳅,unspecified,,,,,,no_exact_name_match,pending
442,朝天椒,unspecified,,,,,,no_exact_name_match,pending
443,酸模,unspecified,,,,,,no_exact_name_match,pending
444,紫米,unspecified,,,,,,no_exact_name_match,pending
445,芹菜,unspecified,china-cdc-479,芹菜(白茎)[旱芹，药芹],unspecified,china_cdc,reference_alias,alias_candidate_requires_review,pending
446,鲍鱼汁,unspecified,,,,,,no_exact_name_match,pending
447,糯米,unspecified,china-cdc-285,糯米[江米](均值),unspecified,china_cdc,reference_alias,alias_candidate_requires_review,pending
448,香米,unspecified,,,,,,no_exact_name_match,pending
449,即食海苔,unspecified,,,,,,no_exact_name_match,pending
450,肉松,unspecified,,,,,,no_exact_name_match,pending
451,蛋黄酱,unspecified,,,,,,no_exact_name_match,pending
452,寿司萝卜,unspecified,,,,,,no_exact_name_match,pending
454,寿司醋,unspecified,,,,,,no_exact_name_match,pending
455,牛仔骨,unspecified,,,,,,no_exact_name_match,pending
457,蜜红豆,unspecified,,,,,,no_exact_name_match,pending
458,椰浆,unspecified,,,,,,no_exact_name_match,pending
459,蟹肉棒,unspecified,,,,,,no_exact_name_match,pending
460,罗非鱼,unspecified,china-cdc-1013,罗非鱼,unspecified,china_cdc,exact,exact_candidate,pending
461,花生油,unspecified,china-cdc-1500,花生油,unspecified,china_cdc,exact,exact_candidate,pending
462,乳鸽,unspecified,china-cdc-914,乳鸽,unspecified,china_cdc,exact,exact_candidate,pending
85,香菇,dried,china-cdc-584,香菇[香蕈，冬菇](鲜),unspecified,china_cdc,reference_alias,alias_candidate_requires_review,pending
85,香菇,dried,china-cdc-585,香菇(干)[香蕈，冬菇],dried,china_cdc,reference_alias,alias_candidate_requires_review,pending
60,木耳,dried,china-cdc-579,木耳(干)[黑木耳，云耳],dried,china_cdc,reference_alias,alias_candidate_requires_review,pending
60,木耳,dried,china-cdc-580,木耳(水发)[黑木耳，云耳],hydrated,china_cdc,reference_alias,alias_candidate_requires_review,pending
465,山药,unspecified,china-cdc-525,山药[薯蓣，大薯](鲜),unspecified,china_cdc,reference_alias,alias_candidate_requires_review,pending
467,铁棍山药,unspecified,,,,,,no_exact_name_match,pending
468,蓝莓酱,unspecified,,,,,,no_exact_name_match,pending
469,豆腐皮,unspecified,china-cdc-342,豆腐皮,unspecified,china_cdc,exact,exact_candidate,pending
470,水发黄花菜,unspecified,,,,,,no_exact_name_match,pending
471,鳜鱼,unspecified,china-cdc-1026,鳜鱼[桂鱼，花鲫鱼],unspecified,china_cdc,reference_alias,alias_candidate_requires_review,pending
472,松子仁,unspecified,china-cdc-751,松子仁,unspecified,china_cdc,exact,exact_candidate,pending
473,椰汁,unspecified,,,,,,no_exact_name_match,pending
474,香蕉,unspecified,china-cdc-726,香蕉[甘蕉],unspecified,china_cdc,reference_alias,alias_candidate_requires_review,pending
475,老干妈,unspecified,,,,,,no_exact_name_match,pending
476,豆豉辣椒油,unspecified,,,,,,no_exact_name_match,pending
477,虾,unspecified,china-cdc-1090,虾（东方对虾）[中国对虾],unspecified,china_cdc,reference_alias,alias_candidate_requires_review,pending
477,虾,unspecified,china-cdc-1091,虾（海虾）,unspecified,china_cdc,reference_alias,alias_candidate_requires_review,pending
477,虾,unspecified,china-cdc-1092,虾（河虾）,unspecified,china_cdc,reference_alias,alias_candidate_requires_review,pending
477,虾,unspecified,china-cdc-1093,虾（基围虾）,unspecified,china_cdc,reference_alias,alias_candidate_requires_review,pending
477,虾,unspecified,china-cdc-1095,虾（龙虾）,unspecified,china_cdc,reference_alias,alias_candidate_requires_review,pending
478,海盐,unspecified,,,,,,no_exact_name_match,pending
479,豆沙馅,unspecified,,,,,,no_exact_name_match,pending
480,椰丝,unspecified,,,,,,no_exact_name_match,pending
481,黄彩椒,unspecified,,,,,,no_exact_name_match,pending
482,香芹香芹,unspecified,,,,,,no_exact_name_match,pending
107,金针菇,unspecified,china-cdc-575,金针菇[智力菇](鲜),unspecified,china_cdc,reference_alias,alias_candidate_requires_review,pending
484,龙利鱼,unspecified,,,,,,no_exact_name_match,pending
485,生蚝,unspecified,china-cdc-1112,生蚝,unspecified,china_cdc,exact,exact_candidate,pending
486,凉开水,unspecified,,,,,,no_exact_name_match,pending
487,味极鲜,unspecified,,,,,,no_exact_name_match,pending
488,乌龙茶包,unspecified,,,,,,no_exact_name_match,pending
490,芒果果肉,unspecified,,,,,,no_exact_name_match,pending
491,小青柠,unspecified,,,,,,no_exact_name_match,pending
492,鸡翅中,unspecified,,,,,,no_exact_name_match,pending
493,红薯,unspecified,china-cdc-316,甘薯(红心)[山芋，红薯],unspecified,china_cdc,reference_alias,alias_candidate_requires_review,pending
494,脱皮绿豆,unspecified,,,,,,no_exact_name_match,pending
495,红豆沙,unspecified,china-cdc-354,红豆沙,unspecified,china_cdc,exact,exact_candidate,pending
496,芒果,unspecified,china-cdc-723,芒果[抹猛果，望果],unspecified,china_cdc,reference_alias,alias_candidate_requires_review,pending
497,十三香,unspecified,,,,,,no_exact_name_match,pending
498,菜籽油,unspecified,,,,,,no_exact_name_match,pending
499,虾皮,unspecified,china-cdc-1098,虾皮,unspecified,china_cdc,exact,exact_candidate,pending
500,猪肘子,unspecified,,,,,,no_exact_name_match,pending
501,广式香肠,unspecified,,,,,,no_exact_name_match,pending
502,莴笋,unspecified,china-cdc-491,莴笋[莴苣](鲜),unspecified,china_cdc,reference_alias,alias_candidate_requires_review,pending
503,三黄鸡,unspecified,,,,,,no_exact_name_match,pending
504,盐焗鸡粉,unspecified,,,,,,no_exact_name_match,pending
505,粗盐,unspecified,,,,,,no_exact_name_match,pending
506,鲜香菇,unspecified,,,,,,no_exact_name_match,pending
507,大葱白,unspecified,,,,,,no_exact_name_match,pending
508,莲藕,unspecified,china-cdc-516,藕[莲藕],unspecified,china_cdc,reference_alias,alias_candidate_requires_review,pending
509,玉米面,unspecified,china-cdc-295,玉米面(白),unspecified,china_cdc,reference_alias,alias_candidate_requires_review,pending
509,玉米面,unspecified,china-cdc-296,玉米面(黄),unspecified,china_cdc,reference_alias,alias_candidate_requires_review,pending
510,青鱼,unspecified,china-cdc-1014,青鱼[青皮鱼，青鳞鱼，青混],unspecified,china_cdc,reference_alias,alias_candidate_requires_review,pending
511,肉皮,unspecified,,,,,,no_exact_name_match,pending
512,青菜头,unspecified,,,,,,no_exact_name_match,pending
514,蒸肉米粉,unspecified,,,,,,no_exact_name_match,pending
515,猪肋排,unspecified,,,,,,no_exact_name_match,pending
516,耗油,unspecified,,,,,,no_exact_name_match,pending
517,时令水果,unspecified,,,,,,no_exact_name_match,pending
519,带皮五花肉,unspecified,,,,,,no_exact_name_match,pending
521,烧烤蘸料,unspecified,,,,,,no_exact_name_match,pending
522,盐酥鸡,unspecified,,,,,,no_exact_name_match,pending
523,芝士牛肉卷,unspecified,,,,,,no_exact_name_match,pending
530,蔓越莓干,unspecified,,,,,,no_exact_name_match,pending
531,朗姆酒,unspecified,,,,,,no_exact_name_match,pending
524,板栗,unspecified,china-cdc-746,栗子(鲜)[板栗],unspecified,china_cdc,reference_alias,alias_candidate_requires_review,pending
524,板栗,unspecified,china-cdc-748,栗子(熟)[板栗],cooked,china_cdc,reference_alias,alias_candidate_requires_review,pending
528,桂花糖浆,unspecified,,,,,,no_exact_name_match,pending
376,桂花,dried,,,,,,no_exact_name_match,pending
532,鸡米花,unspecified,,,,,,no_exact_name_match,pending
534,espresso,unspecified,,,,,,no_exact_name_match,pending
535,青菜,unspecified,,,,,,no_exact_name_match,pending
536,甜玉米,unspecified,,,,,,no_exact_name_match,pending
538,动物性淡奶油,unspecified,,,,,,no_exact_name_match,pending
539,榴莲,unspecified,china-cdc-735,榴莲,unspecified,china_cdc,exact,exact_candidate,pending
39,红枣,dried,,,,,,no_exact_name_match,pending
541,粳米粉,unspecified,,,,,,no_exact_name_match,pending
542,松子,unspecified,china-cdc-749,松子(生),unspecified,china_cdc,reference_alias,alias_candidate_requires_review,pending
542,松子,unspecified,china-cdc-750,松子(炒),unspecified,china_cdc,reference_alias,alias_candidate_requires_review,pending
543,精肋排,unspecified,,,,,,no_exact_name_match,pending
544,陈皮,unspecified,,,,,,no_exact_name_match,pending
546,三文鱼,unspecified,,,,,,no_exact_name_match,pending
548,青圆椒,unspecified,,,,,,no_exact_name_match,pending
549,红尖椒,unspecified,,,,,,no_exact_name_match,pending
550,广式腊肠,unspecified,,,,,,no_exact_name_match,pending
551,油菜心,unspecified,,,,,,no_exact_name_match,pending
552,煲仔饭调味汁,unspecified,,,,,,no_exact_name_match,pending
553,郫县豆瓣,unspecified,,,,,,no_exact_name_match,pending
554,椰粉,unspecified,,,,,,no_exact_name_match,pending
555,绿豆芽,unspecified,china-cdc-400,绿豆芽,unspecified,china_cdc,exact,exact_candidate,pending
556,菜椒,unspecified,,,,,,no_exact_name_match,pending
557,水发银耳,unspecified,,,,,,no_exact_name_match,pending
266,鹌鹑蛋,cooked,,,,,,no_exact_name_match,pending
559,丁香,unspecified,,,,,,no_exact_name_match,pending
560,豆蔻,unspecified,,,,,,no_exact_name_match,pending
561,红曲粉,unspecified,,,,,,no_exact_name_match,pending
563,鸦片鱼头,unspecified,,,,,,no_exact_name_match,pending
564,韩式泡菜,unspecified,,,,,,no_exact_name_match,pending
565,泡菜汁,unspecified,,,,,,no_exact_name_match,pending
566,香辣酱,unspecified,,,,,,no_exact_name_match,pending
567,皮蛋,unspecified,china-cdc-994,蛋（松花蛋，鸭蛋)[皮蛋],unspecified,china_cdc,reference_alias,alias_candidate_requires_review,pending
568,榨菜,unspecified,china-cdc-1551,榨菜,unspecified,china_cdc,exact,exact_candidate,pending
569,酸奶,unspecified,china-cdc-959,酸奶(脱脂),unspecified,china_cdc,reference_alias,alias_candidate_requires_review,pending
569,酸奶,unspecified,china-cdc-960,酸奶(调味),unspecified,china_cdc,reference_alias,alias_candidate_requires_review,pending
569,酸奶,unspecified,china-cdc-961,酸奶(果粒),unspecified,china_cdc,reference_alias,alias_candidate_requires_review,pending
571,黑鱼净肉,unspecified,,,,,,no_exact_name_match,pending
572,鱼头,unspecified,,,,,,no_exact_name_match,pending
573,鱼骨,unspecified,,,,,,no_exact_name_match,pending
574,酸菜,unspecified,china-cdc-451,酸白菜[酸菜],unspecified,china_cdc,reference_alias,alias_candidate_requires_review,pending
575,小红辣椒,unspecified,,,,,,no_exact_name_match,pending
576,绿线椒,unspecified,,,,,,no_exact_name_match,pending
577,青剁椒,unspecified,,,,,,no_exact_name_match,pending
578,蓝莓果酱,unspecified,,,,,,no_exact_name_match,pending
579,草莓果酱,unspecified,,,,,,no_exact_name_match,pending
580,菠萝果酱,unspecified,,,,,,no_exact_name_match,pending
581,牛蛙,unspecified,,,,,,no_exact_name_match,pending
582,红泡椒,unspecified,,,,,,no_exact_name_match,pending
583,辣椒油,unspecified,,,,,,no_exact_name_match,pending
585,银耳,dried,china-cdc-587,银耳(干)[白木耳],dried,china_cdc,reference_alias,alias_candidate_requires_review,pending
588,红甜椒,unspecified,,,,,,no_exact_name_match,pending
589,绿彩椒,unspecified,,,,,,no_exact_name_match,pending
592,咸蛋黄,unspecified,,,,,,no_exact_name_match,pending
593,海参,unspecified,china-cdc-1123,海参,unspecified,china_cdc,exact,exact_candidate,pending
594,香葱,unspecified,china-cdc-442,细香葱[香葱，四季葱],unspecified,china_cdc,reference_alias,alias_candidate_requires_review,pending
595,鲜味酱油,unspecified,,,,,,no_exact_name_match,pending
596,全麦面包粉,unspecified,,,,,,no_exact_name_match,pending
597,燕子酵母,unspecified,,,,,,no_exact_name_match,pending
598,鸡腿肉,unspecified,china-cdc-882,鸡腿,unspecified,china_cdc,reference_alias,alias_candidate_requires_review,pending
599,台湾米酒,unspecified,,,,,,no_exact_name_match,pending
600,金兰油膏,unspecified,,,,,,no_exact_name_match,pending
601,红烧汁,unspecified,,,,,,no_exact_name_match,pending
602,九层塔,unspecified,,,,,,no_exact_name_match,pending
603,菜心,unspecified,china-cdc-453,白菜薹[菜薹，菜心],unspecified,china_cdc,reference_alias,alias_candidate_requires_review,pending
604,橄榄菜,unspecified,,,,,,no_exact_name_match,pending
605,高汤,unspecified,,,,,,no_exact_name_match,pending
607,香醋,unspecified,,,,,,no_exact_name_match,pending
608,杏鲍菇,unspecified,china-cdc-602,杏鲍菇,unspecified,china_cdc,exact,exact_candidate,pending
609,花生仁,cooked,china-cdc-763,花生仁(生),unspecified,china_cdc,reference_alias,alias_candidate_requires_review,pending
609,花生仁,cooked,china-cdc-764,花生仁(炒),unspecified,china_cdc,reference_alias,alias_candidate_requires_review,pending
609,花生仁,cooked,china-cdc-778,花生仁(油炸),cooked,china_cdc,reference_alias,alias_candidate_requires_review,pending
611,水发干贝,unspecified,,,,,,no_exact_name_match,pending
612,芝麻鱼,unspecified,,,,,,no_exact_name_match,pending
613,中筋粉,unspecified,,,,,,no_exact_name_match,pending
614,净冬瓜,unspecified,,,,,,no_exact_name_match,pending
615,麦芽糖,unspecified,,,,,,no_exact_name_match,pending
147,白芝麻,cooked,,,,,,no_exact_name_match,pending
617,糖冬瓜,unspecified,,,,,,no_exact_name_match,pending
618,蛋黄液,unspecified,,,,,,no_exact_name_match,pending
109,毛豆,unspecified,china-cdc-391,毛豆[青豆，菜用大豆](鲜),unspecified,china_cdc,reference_alias,alias_candidate_requires_review,pending
619,猪肉馅,unspecified,,,,,,no_exact_name_match,pending
620,海藻,dried,,,,,,no_exact_name_match,pending
622,味增,unspecified,,,,,,no_exact_name_match,pending
623,鱼露,unspecified,,,,,,no_exact_name_match,pending
625,土鸡,unspecified,,,,,,no_exact_name_match,pending
626,大枣,unspecified,,,,,,no_exact_name_match,pending
627,青蟹,unspecified,,,,,,no_exact_name_match,pending
629,猪舌,unspecified,china-cdc-799,猪舌[口条],unspecified,china_cdc,reference_alias,alias_candidate_requires_review,pending
630,鸭腿肉,unspecified,,,,,,no_exact_name_match,pending
632,雪梨,unspecified,china-cdc-650,雪梨,unspecified,china_cdc,exact,exact_candidate,pending
633,山楂,unspecified,,,,,,no_exact_name_match,pending
634,龙眼肉,unspecified,,,,,,no_exact_name_match,pending
635,鲍鱼,unspecified,china-cdc-1106,鲍鱼[杂色鲍],unspecified,china_cdc,reference_alias,alias_candidate_requires_review,pending
635,鲍鱼,unspecified,china-cdc-1107,鲍鱼(干),dried,china_cdc,reference_alias,alias_candidate_requires_review,pending
637,大白菜,unspecified,china-cdc-450,大白菜(均值),unspecified,china_cdc,reference_alias,alias_candidate_requires_review,pending
638,基围虾,unspecified,,,,,,no_exact_name_match,pending
639,蜜豆,unspecified,,,,,,no_exact_name_match,pending
640,芒果肉,unspecified,china-cdc-723,芒果[抹猛果，望果],unspecified,china_cdc,reference_alias,alias_candidate_requires_review,pending
641,全麦吐司,unspecified,,,,,,no_exact_name_match,pending
643,黄芥末酱,unspecified,,,,,,no_exact_name_match,pending
644,薄荷叶,unspecified,,,,,,no_exact_name_match,pending
645,蜜枣,unspecified,china-cdc-679,蜜枣,unspecified,china_cdc,exact,exact_candidate,pending
646,冬瓜糖,unspecified,,,,,,no_exact_name_match,pending
647,红绿丝,unspecified,,,,,,no_exact_name_match,pending
648,糖渍金桔,unspecified,,,,,,no_exact_name_match,pending
650,苦瓜,unspecified,china-cdc-425,苦瓜[凉瓜，癞瓜](鲜),unspecified,china_cdc,reference_alias,alias_candidate_requires_review,pending
592,咸蛋黄,cooked,,,,,,no_exact_name_match,pending
652,咖喱膏,unspecified,,,,,,no_exact_name_match,pending
653,牛排,unspecified,,,,,,no_exact_name_match,pending
654,研磨黑胡椒盐,unspecified,,,,,,no_exact_name_match,pending
655,波士顿龙虾,unspecified,,,,,,no_exact_name_match,pending
656,葡萄酒,unspecified,china-cdc-1410,葡萄酒(均值),unspecified,china_cdc,reference_alias,alias_candidate_requires_review,pending
656,葡萄酒,unspecified,china-cdc-1413,葡萄酒(干白，11％，长城牌),unspecified,china_cdc,reference_alias,alias_candidate_requires_review,pending
656,葡萄酒,unspecified,china-cdc-1414,葡萄酒(干白，12％，张裕牌),unspecified,china_cdc,reference_alias,alias_candidate_requires_review,pending
656,葡萄酒,unspecified,china-cdc-1415,葡萄酒(半干白，11.5％，王朝牌),unspecified,china_cdc,reference_alias,alias_candidate_requires_review,pending
656,葡萄酒,unspecified,china-cdc-1416,葡萄酒(干红，11.5％，长城牌),unspecified,china_cdc,reference_alias,alias_candidate_requires_review,pending
656,葡萄酒,unspecified,china-cdc-1417,葡萄酒(干红，11.5％，王朝牌),unspecified,china_cdc,reference_alias,alias_candidate_requires_review,pending
656,葡萄酒,unspecified,china-cdc-1418,葡萄酒(干红，12％，张裕牌),unspecified,china_cdc,reference_alias,alias_candidate_requires_review,pending
657,酥皮,unspecified,,,,,,no_exact_name_match,pending
658,口蘑,unspecified,china-cdc-576,口蘑(白蘑),unspecified,china_cdc,reference_alias,alias_candidate_requires_review,pending
659,越南春卷皮,unspecified,,,,,,no_exact_name_match,pending
660,意大利风干火腿,unspecified,,,,,,no_exact_name_match,pending
661,猪蹄,unspecified,china-cdc-793,猪蹄,unspecified,china_cdc,exact,exact_candidate,pending
662,黄豆,unspecified,china-cdc-326,黄豆[大豆],unspecified,china_cdc,reference_alias,alias_candidate_requires_review,pending
663,高度白酒,unspecified,,,,,,no_exact_name_match,pending
664,玫瑰露酒,unspecified,,,,,,no_exact_name_match,pending
666,紫菜,dried,china-cdc-611,紫菜(干),dried,china_cdc,reference_alias,alias_candidate_requires_review,pending
668,红薯粉,unspecified,,,,,,no_exact_name_match,pending
669,奶粉,unspecified,china-cdc-957,奶粉(全脂羊乳粉),unspecified,china_cdc,reference_alias,alias_candidate_requires_review,pending
670,蓝莓,unspecified,,,,,,no_exact_name_match,pending
671,草莓,unspecified,china-cdc-701,草莓[洋莓，凤阳草莓],unspecified,china_cdc,reference_alias,alias_candidate_requires_review,pending
672,腊肉,unspecified,china-cdc-805,腊肉(培根),unspecified,china_cdc,reference_alias,alias_candidate_requires_review,pending
672,腊肉,unspecified,china-cdc-806,腊肉(生),unspecified,china_cdc,reference_alias,alias_candidate_requires_review,pending
673,红小豆,unspecified,china-cdc-351,赤小豆[小豆，红小豆](干),dried,china_cdc,reference_alias,alias_candidate_requires_review,pending
674,红米,unspecified,,,,,,no_exact_name_match,pending
675,红皮花生米,unspecified,,,,,,no_exact_name_match,pending
676,开心果仁,unspecified,,,,,,no_exact_name_match,pending
677,高筋粉,unspecified,,,,,,no_exact_name_match,pending
678,蛋白,unspecified,,,,,,no_exact_name_match,pending
188,酵母,dried,china-cdc-1568,酵母(鲜),unspecified,china_cdc,reference_alias,alias_candidate_requires_review,pending
188,酵母,dried,china-cdc-1569,酵母(干),dried,china_cdc,reference_alias,alias_candidate_requires_review,pending
680,蟹粉,unspecified,,,,,,no_exact_name_match,pending
681,夹心肉,unspecified,,,,,,no_exact_name_match,pending
682,三花淡奶,unspecified,,,,,,no_exact_name_match,pending
683,茭白,unspecified,china-cdc-519,茭白[茭笋，茭粑](鲜),unspecified,china_cdc,reference_alias,alias_candidate_requires_review,pending
684,猪脚,unspecified,,,,,,no_exact_name_match,pending
685,柱候酱,unspecified,,,,,,no_exact_name_match,pending
686,千张结,unspecified,,,,,,no_exact_name_match,pending
687,花生酱,unspecified,china-cdc-1524,花生酱,unspecified,china_cdc,exact,exact_candidate,pending
687,花生酱,unspecified,china-cdc-1532,花生酱,unspecified,china_cdc,exact,exact_candidate,pending
690,花椒油,unspecified,,,,,,no_exact_name_match,pending
691,鸡油,unspecified,,,,,,no_exact_name_match,pending
692,热油,unspecified,,,,,,no_exact_name_match,pending
693,蝶豆花,dried,,,,,,no_exact_name_match,pending
695,全麦面粉,unspecified,,,,,,no_exact_name_match,pending
696,无花果干,unspecified,,,,,,no_exact_name_match,pending
698,白胡椒,unspecified,,,,,,no_exact_name_match,pending
699,鹰粟粉,unspecified,,,,,,no_exact_name_match,pending
700,沸水,unspecified,,,,,,no_exact_name_match,pending
701,大藏芥末,unspecified,,,,,,no_exact_name_match,pending
702,草鱼,unspecified,china-cdc-1003,草鱼[白鲩，草包鱼],unspecified,china_cdc,reference_alias,alias_candidate_requires_review,pending
707,千张,unspecified,china-cdc-345,千张[百页],unspecified,china_cdc,reference_alias,alias_candidate_requires_review,pending
710,郫县豆瓣酱,unspecified,,,,,,no_exact_name_match,pending
711,红油火锅底料,unspecified,,,,,,no_exact_name_match,pending
119,啤酒,unspecified,china-cdc-1406,啤酒(均值),unspecified,china_cdc,reference_alias,alias_candidate_requires_review,pending
119,啤酒,unspecified,china-cdc-1407,啤酒(4.3％，青岛牌),unspecified,china_cdc,reference_alias,alias_candidate_requires_review,pending
119,啤酒,unspecified,china-cdc-1408,啤酒(4％，燕京牌),unspecified,china_cdc,reference_alias,alias_candidate_requires_review,pending
119,啤酒,unspecified,china-cdc-1409,啤酒(5.1％，生力牌),unspecified,china_cdc,reference_alias,alias_candidate_requires_review,pending
712,小南瓜,unspecified,,,,,,no_exact_name_match,pending
713,豌豆,unspecified,china-cdc-368,豌豆(干),dried,china_cdc,reference_alias,alias_candidate_requires_review,pending
713,豌豆,unspecified,china-cdc-393,"豌豆(带荚,鲜)[回回豆]",unspecified,china_cdc,reference_alias,alias_candidate_requires_review,pending
715,乌鸡,unspecified,,,,,,no_exact_name_match,pending
716,桂圆,dried,china-cdc-720,桂圆,unspecified,china_cdc,exact,form_state_requires_review,pending
719,腊猪肉,unspecified,,,,,,no_exact_name_match,pending
720,腊鸡肉/腊鸭肉,unspecified,,,,,,no_exact_name_match,pending
721,腊鲤鱼,unspecified,,,,,,no_exact_name_match,pending
722,速冻芝麻汤圆,unspecified,,,,,,no_exact_name_match,pending
723,面团,unspecified,,,,,,no_exact_name_match,pending
724,芝麻酱,unspecified,china-cdc-1528,芝麻酱,unspecified,china_cdc,exact,exact_candidate,pending
724,芝麻酱,unspecified,china-cdc-1534,芝麻酱,unspecified,china_cdc,exact,exact_candidate,pending
346,莲子,unspecified,china-cdc-768,莲子(干),dried,china_cdc,reference_alias,alias_candidate_requires_review,pending
726,桂圆肉,dried,china-cdc-720,桂圆,unspecified,china_cdc,reference_alias,alias_candidate_requires_review,pending
726,桂圆肉,dried,china-cdc-721,桂圆(干),dried,china_cdc,reference_alias,alias_candidate_requires_review,pending
728,白糯米,unspecified,,,,,,no_exact_name_match,pending
729,有机生抽,unspecified,,,,,,no_exact_name_match,pending
730,虫草花,unspecified,,,,,,no_exact_name_match,pending
731,党参,unspecified,,,,,,no_exact_name_match,pending
732,大黄米面,unspecified,,,,,,no_exact_name_match,pending
733,红豆馅,unspecified,china-cdc-355,红豆馅,unspecified,china_cdc,exact,exact_candidate,pending
734,虾肉,unspecified,china-cdc-1090,虾（东方对虾）[中国对虾],unspecified,china_cdc,reference_alias,alias_candidate_requires_review,pending
734,虾肉,unspecified,china-cdc-1091,虾（海虾）,unspecified,china_cdc,reference_alias,alias_candidate_requires_review,pending
734,虾肉,unspecified,china-cdc-1092,虾（河虾）,unspecified,china_cdc,reference_alias,alias_candidate_requires_review,pending
734,虾肉,unspecified,china-cdc-1093,虾（基围虾）,unspecified,china_cdc,reference_alias,alias_candidate_requires_review,pending
734,虾肉,unspecified,china-cdc-1095,虾（龙虾）,unspecified,china_cdc,reference_alias,alias_candidate_requires_review,pending
736,枣,unspecified,china-cdc-674,枣(鲜),unspecified,china_cdc,reference_alias,alias_candidate_requires_review,pending
736,枣,unspecified,china-cdc-675,枣(干),dried,china_cdc,reference_alias,alias_candidate_requires_review,pending
736,枣,unspecified,china-cdc-676,枣（金丝小枣）,unspecified,china_cdc,reference_alias,alias_candidate_requires_review,pending
737,豆浆,unspecified,china-cdc-338,豆浆,unspecified,china_cdc,exact,exact_candidate,pending
716,桂圆,unspecified,china-cdc-720,桂圆,unspecified,china_cdc,exact,exact_candidate,pending
739,小米椒圈,unspecified,,,,,,no_exact_name_match,pending
740,羽衣甘蓝,unspecified,china-cdc-471,羽衣甘蓝,unspecified,china_cdc,exact,exact_candidate,pending
741,原味酸奶,unspecified,,,,,,no_exact_name_match,pending
742,腰果,unspecified,china-cdc-756,腰果,unspecified,china_cdc,exact,exact_candidate,pending
743,牛腩,unspecified,,,,,,no_exact_name_match,pending
744,腐竹,unspecified,china-cdc-344,腐竹,unspecified,china_cdc,exact,exact_candidate,pending
745,花雕酒,unspecified,china-cdc-1425,花雕酒(16.5％),unspecified,china_cdc,reference_alias,alias_candidate_requires_review,pending
746,猪肉糜,unspecified,,,,,,no_exact_name_match,pending
747,彩椒,unspecified,china-cdc-415,彩椒,unspecified,china_cdc,exact,exact_candidate,pending
749,肉皮冻,unspecified,,,,,,no_exact_name_match,pending
750,春卷皮,unspecified,,,,,,no_exact_name_match,pending
751,猪里脊,unspecified,,,,,,no_exact_name_match,pending
752,鲜笋,unspecified,,,,,,no_exact_name_match,pending
753,红油豆瓣酱,unspecified,,,,,,no_exact_name_match,pending
754,鲜柠檬,unspecified,,,,,,no_exact_name_match,pending
755,无铝泡打粉,unspecified,,,,,,no_exact_name_match,pending
756,绿苣头,unspecified,,,,,,no_exact_name_match,pending
757,艾青汁,unspecified,,,,,,no_exact_name_match,pending
758,牛肉米,unspecified,,,,,,no_exact_name_match,pending
759,红酒,unspecified,,,,,,no_exact_name_match,pending
760,综合香草,unspecified,,,,,,no_exact_name_match,pending
761,速冻馒头,unspecified,,,,,,no_exact_name_match,pending
762,鲜百合,unspecified,,,,,,no_exact_name_match,pending
763,紫苏辣子鸡,unspecified,,,,,,no_exact_name_match,pending
764,草果,unspecified,,,,,,no_exact_name_match,pending
765,砂仁,unspecified,,,,,,no_exact_name_match,pending
767,鳊鱼,unspecified,china-cdc-1023,鳊鱼[鲂鱼，武昌鱼],unspecified,china_cdc,reference_alias,alias_candidate_requires_review,pending
768,花菜,unspecified,,,,,,no_exact_name_match,pending
769,脱脂牛奶,unspecified,,,,,,no_exact_name_match,pending
770,什锦水果,unspecified,,,,,,no_exact_name_match,pending
771,鲜奶油,unspecified,,,,,,no_exact_name_match,pending
773,鸡,unspecified,china-cdc-876,鸡(均值),unspecified,china_cdc,reference_alias,alias_candidate_requires_review,pending
773,鸡,unspecified,china-cdc-877,鸡(土鸡，家养),unspecified,china_cdc,reference_alias,alias_candidate_requires_review,pending
773,鸡,unspecified,china-cdc-879,鸡(乌骨鸡),unspecified,china_cdc,reference_alias,alias_candidate_requires_review,pending
774,榴莲内芯,unspecified,,,,,,no_exact_name_match,pending
775,圣女果,unspecified,,,,,,no_exact_name_match,pending
776,红辣椒粉,unspecified,,,,,,no_exact_name_match,pending
777,茴香籽,unspecified,,,,,,no_exact_name_match,pending
778,茶油,unspecified,,,,,,no_exact_name_match,pending
779,奶黄馅,unspecified,,,,,,no_exact_name_match,pending
780,母鸡,unspecified,,,,,,no_exact_name_match,pending
781,里脊肉,unspecified,,,,,,no_exact_name_match,pending
782,花胶,unspecified,,,,,,no_exact_name_match,pending
783,奶油奶酪,unspecified,,,,,,no_exact_name_match,pending
784,肉糜,unspecified,,,,,,no_exact_name_match,pending
785,蟹黄,unspecified,,,,,,no_exact_name_match,pending
786,低粉,unspecified,,,,,,no_exact_name_match,pending
787,吉利丁,unspecified,,,,,,no_exact_name_match,pending
789,香草精,unspecified,,,,,,no_exact_name_match,pending
790,糖霜,unspecified,,,,,,no_exact_name_match,pending
791,五花肉糜,unspecified,,,,,,no_exact_name_match,pending
792,水发冬菇,unspecified,,,,,,no_exact_name_match,pending
662,黄豆,dried,china-cdc-326,黄豆[大豆],unspecified,china_cdc,reference_alias,alias_candidate_requires_review,pending
794,冬瓜,unspecified,china-cdc-419,冬瓜,unspecified,china_cdc,exact,exact_candidate,pending
795,孜然,unspecified,,,,,,no_exact_name_match,pending
796,耐高温巧克力豆,unspecified,,,,,,no_exact_name_match,pending
797,小苏打,unspecified,,,,,,no_exact_name_match,pending
798,牛肉,unspecified,china-cdc-823,牛肉(肥瘦)(均值),unspecified,china_cdc,reference_alias,alias_candidate_requires_review,pending
798,牛肉,unspecified,china-cdc-824,牛肉(腑肋),unspecified,china_cdc,reference_alias,alias_candidate_requires_review,pending
798,牛肉,unspecified,china-cdc-825,牛肉(后腿),unspecified,china_cdc,reference_alias,alias_candidate_requires_review,pending
798,牛肉,unspecified,china-cdc-826,牛肉(后腱),unspecified,china_cdc,reference_alias,alias_candidate_requires_review,pending
798,牛肉,unspecified,china-cdc-827,牛肉(里脊),unspecified,china_cdc,reference_alias,alias_candidate_requires_review,pending
798,牛肉,unspecified,china-cdc-828,牛肉(前腿),unspecified,china_cdc,reference_alias,alias_candidate_requires_review,pending
798,牛肉,unspecified,china-cdc-829,牛肉(前腱),unspecified,china_cdc,reference_alias,alias_candidate_requires_review,pending
798,牛肉,unspecified,china-cdc-830,牛肉(瘦),unspecified,china_cdc,reference_alias,alias_candidate_requires_review,pending
799,蟹味菇,unspecified,,,,,,no_exact_name_match,pending
800,蘑菇,unspecified,china-cdc-577,蘑菇(鲜蘑),unspecified,china_cdc,reference_alias,alias_candidate_requires_review,pending
800,蘑菇,unspecified,china-cdc-578,蘑菇(干),dried,china_cdc,reference_alias,alias_candidate_requires_review,pending
802,松针,unspecified,,,,,,no_exact_name_match,pending
804,绍酒,unspecified,,,,,,no_exact_name_match,pending
805,缤纷果蔬粉,unspecified,,,,,,no_exact_name_match,pending
806,水发虾皮,unspecified,,,,,,no_exact_name_match,pending
313,皂角米,dried,,,,,,no_exact_name_match,pending
311,桃胶,dried,,,,,,no_exact_name_match,pending
312,雪燕,dried,,,,,,no_exact_name_match,pending
810,披萨酱,unspecified,,,,,,no_exact_name_match,pending
813,猪骨,unspecified,,,,,,no_exact_name_match,pending
814,鸡翅,unspecified,china-cdc-881,鸡翅,unspecified,china_cdc,exact,exact_candidate,pending
815,木薯淀粉,unspecified,,,,,,no_exact_name_match,pending
816,青橄榄,unspecified,,,,,,no_exact_name_match,pending
817,石斛,unspecified,,,,,,no_exact_name_match,pending
818,麦冬,unspecified,,,,,,no_exact_name_match,pending
819,无花果,unspecified,china-cdc-699,无花果,unspecified,china_cdc,exact,exact_candidate,pending
823,嫩鸡,unspecified,,,,,,no_exact_name_match,pending
401,芋头,unspecified,china-cdc-526,芋头[芋艿，毛芋],unspecified,china_cdc,reference_alias,alias_candidate_requires_review,pending
824,四季豆,unspecified,china-cdc-392,四季豆[菜豆],unspecified,china_cdc,reference_alias,alias_candidate_requires_review,pending
825,蒸米粉,unspecified,,,,,,no_exact_name_match,pending
827,圆茄子,unspecified,,,,,,no_exact_name_match,pending
828,海鲜酱油,unspecified,,,,,,no_exact_name_match,pending
829,粥,unspecified,,,,,,no_exact_name_match,pending
830,红茶,unspecified,,,,,,no_exact_name_match,pending
831,白凉粉,unspecified,,,,,,no_exact_name_match,pending
835,藜麦,unspecified,,,,,,no_exact_name_match,pending
836,南乳,unspecified,,,,,,no_exact_name_match,pending
837,燕麦,unspecified,,,,,,no_exact_name_match,pending
838,果干,unspecified,,,,,,no_exact_name_match,pending
840,无盐奶油,unspecified,,,,,,no_exact_name_match,pending
841,全蛋,unspecified,,,,,,no_exact_name_match,pending
842,各种新鲜水果,unspecified,,,,,,no_exact_name_match,pending
843,红方腐乳,unspecified,,,,,,no_exact_name_match,pending
849,武昌鱼,unspecified,china-cdc-1023,鳊鱼[鲂鱼，武昌鱼],unspecified,china_cdc,reference_alias,alias_candidate_requires_review,pending
850,水发黑木耳,unspecified,,,,,,no_exact_name_match,pending
853,红辣椒酱,unspecified,,,,,,no_exact_name_match,pending
854,胡椒盐,unspecified,,,,,,no_exact_name_match,pending
855,鸡腿,unspecified,china-cdc-882,鸡腿,unspecified,china_cdc,exact,exact_candidate,pending
856,瑶柱,unspecified,,,,,,no_exact_name_match,pending
857,沙姜,unspecified,,,,,,no_exact_name_match,pending
334,海带,unspecified,china-cdc-605,海带[江白菜](鲜),unspecified,china_cdc,reference_alias,alias_candidate_requires_review,pending
334,海带,unspecified,china-cdc-606,海带(干)[江白菜，昆布],dried,china_cdc,reference_alias,alias_candidate_requires_review,pending
334,海带,unspecified,china-cdc-607,海带(浸)[江白菜，昆布],unspecified,china_cdc,reference_alias,alias_candidate_requires_review,pending
860,低脂酸奶,unspecified,,,,,,no_exact_name_match,pending
861,薯片碎,unspecified,,,,,,no_exact_name_match,pending
869,蒸肉粉,unspecified,,,,,,no_exact_name_match,pending
871,蛏子,unspecified,china-cdc-1108,蛏子,unspecified,china_cdc,exact,exact_candidate,pending
873,水发大米,unspecified,,,,,,no_exact_name_match,pending
875,白米饭,unspecified,,,,,,no_exact_name_match,pending
876,大闸蟹,unspecified,,,,,,no_exact_name_match,pending
878,仙草粉,unspecified,,,,,,no_exact_name_match,pending
879,红腰豆,unspecified,,,,,,no_exact_name_match,pending
880,赤小豆,unspecified,china-cdc-351,赤小豆[小豆，红小豆](干),dried,china_cdc,reference_alias,alias_candidate_requires_review,pending
882,燕窝,dried,,,,,,no_exact_name_match,pending
884,鲜仔姜,unspecified,,,,,,no_exact_name_match,pending
886,油菜,unspecified,china-cdc-457,油菜,unspecified,china_cdc,exact,exact_candidate,pending
887,猪肥肉,unspecified,,,,,,no_exact_name_match,pending
888,白酒,unspecified,,,,,,no_exact_name_match,pending
889,酥花生碎,unspecified,,,,,,no_exact_name_match,pending
890,麻薯预拌粉,unspecified,,,,,,no_exact_name_match,pending
891,净生蚝,unspecified,,,,,,no_exact_name_match,pending
892,鲑鱼,unspecified,china-cdc-1052,鲑鱼[大麻哈鱼],unspecified,china_cdc,reference_alias,alias_candidate_requires_review,pending
893,香肠,unspecified,china-cdc-818,香肠,unspecified,china_cdc,exact,exact_candidate,pending
894,荠菜,unspecified,china-cdc-490,荠菜[蓟菜，菱角菜](鲜),unspecified,china_cdc,reference_alias,alias_candidate_requires_review,pending
896,意式香草,unspecified,,,,,,no_exact_name_match,pending
897,肉汤,unspecified,,,,,,no_exact_name_match,pending
898,对虾尾,unspecified,,,,,,no_exact_name_match,pending
900,金鲳鱼,unspecified,,,,,,no_exact_name_match,pending
901,馒头,unspecified,china-cdc-272,馒头(均值),unspecified,china_cdc,reference_alias,alias_candidate_requires_review,pending
901,馒头,unspecified,china-cdc-273,馒头(标准粉),unspecified,china_cdc,reference_alias,alias_candidate_requires_review,pending
901,馒头,unspecified,china-cdc-274,馒头(富强粉),unspecified,china_cdc,reference_alias,alias_candidate_requires_review,pending
902,葱绿,unspecified,,,,,,no_exact_name_match,pending
903,辣豆瓣酱,unspecified,,,,,,no_exact_name_match,pending
904,白豆腐干,unspecified,,,,,,no_exact_name_match,pending
905,梗米粉,unspecified,,,,,,no_exact_name_match,pending
906,艾草汁,unspecified,,,,,,no_exact_name_match,pending
907,雪菜,unspecified,china-cdc-466,芥菜[雪里红，雪菜](鲜),unspecified,china_cdc,reference_alias,alias_candidate_requires_review,pending
908,笋,unspecified,,,,,,no_exact_name_match,pending
912,整兔净重,unspecified,,,,,,no_exact_name_match,pending
913,香辣粉,unspecified,,,,,,no_exact_name_match,pending
283,花椒,dried,china-cdc-1583,花椒,unspecified,china_cdc,exact,form_state_requires_review,pending
915,生芝麻,unspecified,,,,,,no_exact_name_match,pending
916,廋肉,unspecified,,,,,,no_exact_name_match,pending
917,血糯米,unspecified,china-cdc-286,紫红糯米[血糯米],unspecified,china_cdc,reference_alias,alias_candidate_requires_review,pending
918,T65面粉,unspecified,,,,,,no_exact_name_match,pending
919,全麦粉,unspecified,,,,,,no_exact_name_match,pending
921,混合坚果,unspecified,,,,,,no_exact_name_match,pending
922,混合果干,unspecified,,,,,,no_exact_name_match,pending
923,粉蒸粉,unspecified,,,,,,no_exact_name_match,pending
924,凉粉,unspecified,china-cdc-1206,凉粉,unspecified,china_cdc,exact,exact_candidate,pending
925,鲜牛奶,unspecified,,,,,,no_exact_name_match,pending
926,肥牛卷,unspecified,,,,,,no_exact_name_match,pending
927,白粥,unspecified,,,,,,no_exact_name_match,pending
928,南豆腐,unspecified,china-cdc-335,豆腐(南)[南豆腐],unspecified,china_cdc,reference_alias,alias_candidate_requires_review,pending
929,红剁椒,unspecified,,,,,,no_exact_name_match,pending
930,鮸鱼净鱼肉,unspecified,,,,,,no_exact_name_match,pending
931,猪肥膘,unspecified,,,,,,no_exact_name_match,pending
932,粗洋芋淀粉,unspecified,,,,,,no_exact_name_match,pending
934,沙茶酱,unspecified,,,,,,no_exact_name_match,pending
935,高汤块,unspecified,,,,,,no_exact_name_match,pending
936,海米,unspecified,china-cdc-1100,虾米[海米，虾仁],unspecified,china_cdc,reference_alias,alias_candidate_requires_review,pending
939,幼砂糖,unspecified,,,,,,no_exact_name_match,pending
940,臭粉,unspecified,,,,,,no_exact_name_match,pending
941,食粉,unspecified,,,,,,no_exact_name_match,pending
943,鸡蛋黄,unspecified,china-cdc-985,鸡蛋黄(乌骨鸡),unspecified,china_cdc,reference_alias,alias_candidate_requires_review,pending
944,鲜木耳,unspecified,,,,,,no_exact_name_match,pending
945,素蚝油,unspecified,,,,,,no_exact_name_match,pending
946,淀粉水,unspecified,,,,,,no_exact_name_match,pending
948,牛腱肉,unspecified,,,,,,no_exact_name_match,pending
949,卤料包,unspecified,,,,,,no_exact_name_match,pending
950,黑樱桃,unspecified,,,,,,no_exact_name_match,pending
951,红樱桃,unspecified,,,,,,no_exact_name_match,pending
952,樱桃酒,unspecified,,,,,,no_exact_name_match,pending
953,巧克力粉,unspecified,,,,,,no_exact_name_match,pending
955,虾黄,unspecified,,,,,,no_exact_name_match,pending
956,小龙虾球,unspecified,,,,,,no_exact_name_match,pending
957,猪油渣,unspecified,,,,,,no_exact_name_match,pending
958,鲜鱿鱼,unspecified,,,,,,no_exact_name_match,pending
959,松板肉,unspecified,,,,,,no_exact_name_match,pending
960,咖啡豆,unspecified,china-cdc-1584,咖啡豆,unspecified,china_cdc,exact,exact_candidate,pending
961,榛果糖浆,unspecified,,,,,,no_exact_name_match,pending
224,粉丝,dried,china-cdc-324,粉丝,unspecified,china_cdc,exact,form_state_requires_review,pending
972,藕,unspecified,china-cdc-516,藕[莲藕],unspecified,china_cdc,reference_alias,alias_candidate_requires_review,pending
973,海带结,unspecified,,,,,,no_exact_name_match,pending
974,火锅底料,unspecified,,,,,,no_exact_name_match,pending
975,高粉,unspecified,,,,,,no_exact_name_match,pending
978,小土豆,unspecified,,,,,,no_exact_name_match,pending
980,青红线椒,unspecified,,,,,,no_exact_name_match,pending
981,红糖粉,unspecified,,,,,,no_exact_name_match,pending
982,惠尔通色素,unspecified,,,,,,no_exact_name_match,pending
983,鲜海带结,unspecified,,,,,,no_exact_name_match,pending
984,青彩椒,unspecified,,,,,,no_exact_name_match,pending
985,蕃茄酱,unspecified,,,,,,no_exact_name_match,pending
986,海南文昌鸡,unspecified,,,,,,no_exact_name_match,pending
987,鲜沙姜,unspecified,,,,,,no_exact_name_match,pending
988,家乐牌鸡汁,unspecified,,,,,,no_exact_name_match,pending
989,沙姜粉,unspecified,,,,,,no_exact_name_match,pending
990,鸡饭老抽,unspecified,,,,,,no_exact_name_match,pending
991,小茴香,unspecified,china-cdc-489,茴香[小茴香](鲜),unspecified,china_cdc,reference_alias,alias_candidate_requires_review,pending
992,猪前腿肉,unspecified,,,,,,no_exact_name_match,pending
994,味精,unspecified,china-cdc-1566,味精,unspecified,china_cdc,exact,exact_candidate,pending
996,烧烤汁,unspecified,,,,,,no_exact_name_match,pending
997,豆角,unspecified,china-cdc-387,豆角,unspecified,china_cdc,exact,exact_candidate,pending
371,面条,unspecified,china-cdc-264,面条(均值),unspecified,china_cdc,reference_alias,alias_candidate_requires_review,pending
371,面条,unspecified,china-cdc-265,面条(标准粉，切面),unspecified,china_cdc,reference_alias,alias_candidate_requires_review,pending
371,面条,unspecified,china-cdc-266,面条(富强粉，切面),unspecified,china_cdc,reference_alias,alias_candidate_requires_review,pending
371,面条,unspecified,china-cdc-267,面条(干切面),unspecified,china_cdc,reference_alias,alias_candidate_requires_review,pending
998,大葱葱白,unspecified,,,,,,no_exact_name_match,pending
1000,酸豇豆,unspecified,,,,,,no_exact_name_match,pending
1001,香芹,unspecified,,,,,,no_exact_name_match,pending
1003,黄灯笼辣椒酱,unspecified,,,,,,no_exact_name_match,pending
1004,鸡汁,unspecified,,,,,,no_exact_name_match,pending
1005,梨,unspecified,china-cdc-630,梨(均值),unspecified,china_cdc,reference_alias,alias_candidate_requires_review,pending
1005,梨,unspecified,china-cdc-636,梨(京白梨),unspecified,china_cdc,reference_alias,alias_candidate_requires_review,pending
1005,梨,unspecified,china-cdc-637,梨(库尔勒梨),unspecified,china_cdc,reference_alias,alias_candidate_requires_review,pending
1005,梨,unspecified,china-cdc-638,梨(莱阳梨),unspecified,china_cdc,reference_alias,alias_candidate_requires_review,pending
1005,梨,unspecified,china-cdc-642,梨(苹果梨),unspecified,china_cdc,reference_alias,alias_candidate_requires_review,pending
1005,梨,unspecified,china-cdc-648,梨(香梨),unspecified,china_cdc,reference_alias,alias_candidate_requires_review,pending
1005,梨,unspecified,china-cdc-649,梨(雪花梨),unspecified,china_cdc,reference_alias,alias_candidate_requires_review,pending
1005,梨,unspecified,china-cdc-651,梨(鸭梨),unspecified,china_cdc,reference_alias,alias_candidate_requires_review,pending
1005,梨,unspecified,china-cdc-652,梨(鳄梨),unspecified,china_cdc,reference_alias,alias_candidate_requires_review,pending
1005,梨,unspecified,china-cdc-653,梨(糖水罐头),unspecified,china_cdc,reference_alias,alias_candidate_requires_review,pending
1007,带壳生花生,unspecified,,,,,,no_exact_name_match,pending
1008,小葱结,unspecified,,,,,,no_exact_name_match,pending
1009,九制话梅,unspecified,,,,,,no_exact_name_match,pending
1011,蒜水,unspecified,,,,,,no_exact_name_match,pending
1012,油泼辣椒,unspecified,,,,,,no_exact_name_match,pending
1013,鲜牛肉,unspecified,,,,,,no_exact_name_match,pending
1014,大鸡腿,unspecified,,,,,,no_exact_name_match,pending
1017,水晶柿子,unspecified,,,,,,no_exact_name_match,pending
1018,白豆沙,unspecified,,,,,,no_exact_name_match,pending
1019,鱿鱼须,unspecified,,,,,,no_exact_name_match,pending
1021,糖渍桂花,unspecified,,,,,,no_exact_name_match,pending
1025,制牛肝菌,dried,,,,,,no_exact_name_match,pending
1028,鸡全腿,unspecified,,,,,,no_exact_name_match,pending
1029,黄花菜,dried,china-cdc-508,金针菜[黄花菜],unspecified,china_cdc,reference_alias,alias_candidate_requires_review,pending
1031,艾草粉,unspecified,,,,,,no_exact_name_match,pending
1032,咸菜,unspecified,,,,,,no_exact_name_match,pending
1033,龙井茶叶,unspecified,,,,,,no_exact_name_match,pending
1034,大虾,unspecified,,,,,,no_exact_name_match,pending
1035,水煮蛋,unspecified,,,,,,no_exact_name_match,pending
1038,水发干豆角,unspecified,,,,,,no_exact_name_match,pending
1039,淡豆浆,unspecified,,,,,,no_exact_name_match,pending
1040,薄片状牛仔骨,unspecified,,,,,,no_exact_name_match,pending
1041,黑椒汁,unspecified,,,,,,no_exact_name_match,pending
1042,煲仔酱,unspecified,,,,,,no_exact_name_match,pending
1043,金奖白兰地,unspecified,china-cdc-1438,金奖白兰地(38％),unspecified,china_cdc,reference_alias,alias_candidate_requires_review,pending
1044,番茄辣酱,unspecified,,,,,,no_exact_name_match,pending
1045,黑胡椒颗粒,unspecified,,,,,,no_exact_name_match,pending
1046,秋葵,unspecified,china-cdc-412,秋葵[黄秋葵，羊角豆],unspecified,china_cdc,reference_alias,alias_candidate_requires_review,pending
1046,秋葵,unspecified,china-cdc-416,秋葵[黄秋葵、羊角豆],unspecified,china_cdc,reference_alias,alias_candidate_requires_review,pending
1047,百合,dried,china-cdc-506,百合(鲜),unspecified,china_cdc,reference_alias,alias_candidate_requires_review,pending
1047,百合,dried,china-cdc-507,百合(干),dried,china_cdc,reference_alias,alias_candidate_requires_review,pending
867,茶树菇,dried,china-cdc-591,茶树菇(干)[柱状田头菇、油茶菇],dried,china_cdc,reference_alias,alias_candidate_requires_review,pending
1050,鱿鱼圈,unspecified,,,,,,no_exact_name_match,pending
1051,沙爹酱,unspecified,,,,,,no_exact_name_match,pending
1052,油泼辣子,unspecified,,,,,,no_exact_name_match,pending
1053,六头鲍,unspecified,,,,,,no_exact_name_match,pending
967,辣椒酱,unspecified,china-cdc-1526,辣椒酱[辣椒糊],unspecified,china_cdc,reference_alias,alias_candidate_requires_review,pending
1055,生抽酱油,unspecified,,,,,,no_exact_name_match,pending
1056,巧克力液,unspecified,,,,,,no_exact_name_match,pending
1058,低筋小麦粉,unspecified,,,,,,no_exact_name_match,pending
1059,刀豆,unspecified,china-cdc-386,刀豆(鲜),unspecified,china_cdc,reference_alias,alias_candidate_requires_review,pending
1060,青笋,unspecified,,,,,,no_exact_name_match,pending
60,木耳,hydrated,china-cdc-579,木耳(干)[黑木耳，云耳],dried,china_cdc,reference_alias,alias_candidate_requires_review,pending
60,木耳,hydrated,china-cdc-580,木耳(水发)[黑木耳，云耳],hydrated,china_cdc,reference_alias,alias_candidate_requires_review,pending
693,蝶豆花,unspecified,,,,,,no_exact_name_match,pending
1062,荔枝肉,unspecified,china-cdc-1578,荔枝(干),dried,china_cdc,reference_alias,alias_candidate_requires_review,pending
1062,荔枝肉,unspecified,china-cdc-722,荔枝,unspecified,china_cdc,reference_alias,alias_candidate_requires_review,pending
1063,燕麦片,unspecified,china-cdc-1274,燕麦片,unspecified,china_cdc,exact,exact_candidate,pending
1063,燕麦片,unspecified,china-cdc-1286,燕麦片,unspecified,china_cdc,exact,exact_candidate,pending
1065,嫩鱿鱼,unspecified,,,,,,no_exact_name_match,pending
1066,肉陷,unspecified,,,,,,no_exact_name_match,pending
1068,白果仁,unspecified,,,,,,no_exact_name_match,pending
1069,腊肠,unspecified,china-cdc-816,腊肠,unspecified,china_cdc,exact,exact_candidate,pending
79,米饭,unspecified,china-cdc-287,米饭(蒸)(均值),cooked,china_cdc,reference_alias,alias_candidate_requires_review,pending
1071,嫩豆腐,unspecified,,,,,,no_exact_name_match,pending
1072,意大利细面,unspecified,,,,,,no_exact_name_match,pending
1073,帕玛森芝士粉,unspecified,,,,,,no_exact_name_match,pending
1076,意式烟熏肉,unspecified,,,,,,no_exact_name_match,pending
1077,白洋葱,unspecified,,,,,,no_exact_name_match,pending
1079,鸡汤,unspecified,,,,,,no_exact_name_match,pending
1080,烧烤酱,unspecified,,,,,,no_exact_name_match,pending
1081,栗子,unspecified,china-cdc-746,栗子(鲜)[板栗],unspecified,china_cdc,reference_alias,alias_candidate_requires_review,pending
1081,栗子,unspecified,china-cdc-747,栗子(干),dried,china_cdc,reference_alias,alias_candidate_requires_review,pending
1081,栗子,unspecified,china-cdc-748,栗子(熟)[板栗],cooked,china_cdc,reference_alias,alias_candidate_requires_review,pending
1083,莲蓉,unspecified,,,,,,no_exact_name_match,pending
1084,话梅,unspecified,,,,,,no_exact_name_match,pending
1085,甘蔗,unspecified,,,,,,no_exact_name_match,pending
1086,茅根,unspecified,,,,,,no_exact_name_match,pending
1087,南烛叶,unspecified,,,,,,no_exact_name_match,pending
1088,午餐肉,unspecified,china-cdc-807,午餐肉,unspecified,china_cdc,exact,exact_candidate,pending
1089,卡仕达酱,unspecified,,,,,,no_exact_name_match,pending
1090,黄椒,unspecified,,,,,,no_exact_name_match,pending
1091,黄梨,unspecified,,,,,,no_exact_name_match,pending
1092,蜀椒,unspecified,,,,,,no_exact_name_match,pending
1093,马铃薯淀粉,unspecified,,,,,,no_exact_name_match,pending
1094,绵白糖,unspecified,,,,,,no_exact_name_match,pending
1095,青红丝,unspecified,,,,,,no_exact_name_match,pending
1096,桔饼,unspecified,china-cdc-710,桔饼,unspecified,china_cdc,exact,exact_candidate,pending
1097,糖桂花酱,unspecified,,,,,,no_exact_name_match,pending
1100,酸萝卜条,unspecified,,,,,,no_exact_name_match,pending
164,枸杞,cooked,china-cdc-567,枸杞菜[枸杞，地骨](鲜),unspecified,china_cdc,reference_alias,alias_candidate_requires_review,pending
1102,豉油,unspecified,,,,,,no_exact_name_match,pending
1103,明虾,unspecified,,,,,,no_exact_name_match,pending
1104,可乐,unspecified,,,,,,no_exact_name_match,pending
1105,鱼丸,unspecified,china-cdc-1067,鱼丸,unspecified,china_cdc,exact,exact_candidate,pending
1106,肉肠,unspecified,,,,,,no_exact_name_match,pending
1107,瘦猪肉,unspecified,,,,,,no_exact_name_match,pending
1108,黄骨鱼,unspecified,,,,,,no_exact_name_match,pending
164,枸杞,dried,china-cdc-567,枸杞菜[枸杞，地骨](鲜),unspecified,china_cdc,reference_alias,alias_candidate_requires_review,pending
1111,藜蒿,unspecified,,,,,,no_exact_name_match,pending
1112,桃汁,unspecified,,,,,,no_exact_name_match,pending
1114,发酵粉,unspecified,,,,,,no_exact_name_match,pending
1115,玉米粉,unspecified,,,,,,no_exact_name_match,pending
1116,手抓饼,unspecified,,,,,,no_exact_name_match,pending
1117,菠菜粉,unspecified,,,,,,no_exact_name_match,pending
1119,童子鸡,unspecified,,,,,,no_exact_name_match,pending
867,茶树菇,unspecified,china-cdc-591,茶树菇(干)[柱状田头菇、油茶菇],dried,china_cdc,reference_alias,alias_candidate_requires_review,pending
1120,春鸡,unspecified,,,,,,no_exact_name_match,pending
1121,温牛奶,unspecified,,,,,,no_exact_name_match,pending
1122,老姜,unspecified,,,,,,no_exact_name_match,pending
1118,菠菜汁,unspecified,,,,,,no_exact_name_match,pending
1123,意大利混合香草,unspecified,,,,,,no_exact_name_match,pending
1124,小洋葱,unspecified,,,,,,no_exact_name_match,pending
1125,鸭,unspecified,china-cdc-891,鸭(均值),unspecified,china_cdc,reference_alias,alias_candidate_requires_review,pending
1127,五香蒸肉米粉,unspecified,,,,,,no_exact_name_match,pending
1129,花生米,unspecified,,,,,,no_exact_name_match,pending
1130,水磨糯米粉,unspecified,,,,,,no_exact_name_match,pending
1131,松仁,unspecified,,,,,,no_exact_name_match,pending
1132,鲜奶,unspecified,,,,,,no_exact_name_match,pending
1133,鸡翅尖,unspecified,,,,,,no_exact_name_match,pending
1134,大黄鱼,unspecified,,,,,,no_exact_name_match,pending
1135,老豆腐,unspecified,china-cdc-337,豆腐脑[老豆腐],unspecified,china_cdc,reference_alias,alias_candidate_requires_review,pending
1138,沙拉酱,unspecified,china-cdc-1536,沙拉酱,unspecified,china_cdc,exact,exact_candidate,pending
1139,基围虾肉,unspecified,,,,,,no_exact_name_match,pending
1141,莴笋叶,unspecified,china-cdc-492,莴笋叶[莴苣叶],unspecified,china_cdc,reference_alias,alias_candidate_requires_review,pending
1142,米,unspecified,,,,,,no_exact_name_match,pending
1144,小河虾,unspecified,,,,,,no_exact_name_match,pending
1145,牛小排肉,unspecified,,,,,,no_exact_name_match,pending
1146,小油菜,unspecified,,,,,,no_exact_name_match,pending
1147,肠粉专用粉,unspecified,,,,,,no_exact_name_match,pending
1148,猪里脊肉馅,unspecified,,,,,,no_exact_name_match,pending
911,剁椒酱,unspecified,,,,,,no_exact_name_match,pending
844,羊排,unspecified,,,,,,no_exact_name_match,pending
1149,白巧克力,unspecified,,,,,,no_exact_name_match,pending
1150,香椿,unspecified,china-cdc-561,香椿[香椿芽](鲜),unspecified,china_cdc,reference_alias,alias_candidate_requires_review,pending
1151,牛里脊,unspecified,,,,,,no_exact_name_match,pending
1153,韭黄,unspecified,china-cdc-446,韭黄[韭芽],unspecified,china_cdc,reference_alias,alias_candidate_requires_review,pending
1154,脱脂奶粉,unspecified,,,,,,no_exact_name_match,pending
1155,耐高糖酵母,unspecified,,,,,,no_exact_name_match,pending
1160,猪排,unspecified,,,,,,no_exact_name_match,pending
1161,高筋面包粉,unspecified,,,,,,no_exact_name_match,pending
1162,黄桃干,unspecified,,,,,,no_exact_name_match,pending
1163,蓝莓干,unspecified,,,,,,no_exact_name_match,pending
1164,生花生仁,unspecified,,,,,,no_exact_name_match,pending
585,银耳,unspecified,china-cdc-587,银耳(干)[白木耳],dried,china_cdc,reference_alias,alias_candidate_requires_review,pending
1166,鲍鱼仔,unspecified,,,,,,no_exact_name_match,pending
1167,红葱头,unspecified,,,,,,no_exact_name_match,pending
1174,鸡肉,unspecified,china-cdc-876,鸡(均值),unspecified,china_cdc,reference_alias,alias_candidate_requires_review,pending
1174,鸡肉,unspecified,china-cdc-877,鸡(土鸡，家养),unspecified,china_cdc,reference_alias,alias_candidate_requires_review,pending
1174,鸡肉,unspecified,china-cdc-879,鸡(乌骨鸡),unspecified,china_cdc,reference_alias,alias_candidate_requires_review,pending
730,虫草花,dried,,,,,,no_exact_name_match,pending
1176,芋艿,unspecified,china-cdc-526,芋头[芋艿，毛芋],unspecified,china_cdc,reference_alias,alias_candidate_requires_review,pending
1177,河虾,unspecified,,,,,,no_exact_name_match,pending
1178,栗粉,unspecified,,,,,,no_exact_name_match,pending
1179,阿根廷鱿鱼须,unspecified,,,,,,no_exact_name_match,pending
1180,豆豉油辣椒,unspecified,,,,,,no_exact_name_match,pending
1181,小龙虾调料,unspecified,,,,,,no_exact_name_match,pending
1183,植物油,unspecified,,,,,,no_exact_name_match,pending
1185,虾酱,unspecified,china-cdc-1101,虾酱,unspecified,china_cdc,exact,exact_candidate,pending
1186,上海青,unspecified,,,,,,no_exact_name_match,pending
1187,小黄鱼,unspecified,,,,,,no_exact_name_match,pending
609,花生仁,unspecified,china-cdc-763,花生仁(生),unspecified,china_cdc,reference_alias,alias_candidate_requires_review,pending
609,花生仁,unspecified,china-cdc-764,花生仁(炒),unspecified,china_cdc,reference_alias,alias_candidate_requires_review,pending
609,花生仁,unspecified,china-cdc-778,花生仁(油炸),cooked,china_cdc,reference_alias,alias_candidate_requires_review,pending
1189,烧烤料,unspecified,,,,,,no_exact_name_match,pending
1190,带皮生花生,unspecified,,,,,,no_exact_name_match,pending
1191,挞皮,unspecified,,,,,,no_exact_name_match,pending
1192,水蜜桃,unspecified,,,,,,no_exact_name_match,pending
1193,食用玫瑰花瓣,unspecified,,,,,,no_exact_name_match,pending
1195,露露杏仁露,unspecified,,,,,,no_exact_name_match,pending
1196,紫甘蓝汁,unspecified,,,,,,no_exact_name_match,pending
1197,胡萝卜汁,unspecified,,,,,,no_exact_name_match,pending
1198,荔枝,unspecified,china-cdc-722,荔枝,unspecified,china_cdc,exact,exact_candidate,pending
1199,米粉,unspecified,china-cdc-1183,米粉(雀巢),unspecified,china_cdc,reference_alias,alias_candidate_requires_review,pending
1199,米粉,unspecified,china-cdc-1184,米粉(高蛋白，雀巢),unspecified,china_cdc,reference_alias,alias_candidate_requires_review,pending
1199,米粉,unspecified,china-cdc-1185,米粉(高蛋白，亨氏),unspecified,china_cdc,reference_alias,alias_candidate_requires_review,pending
1199,米粉,unspecified,china-cdc-1186,米粉(苹果，雀巢),unspecified,china_cdc,reference_alias,alias_candidate_requires_review,pending
1199,米粉,unspecified,china-cdc-1187,米粉(蔬菜，亨氏),unspecified,china_cdc,reference_alias,alias_candidate_requires_review,pending
1199,米粉,unspecified,china-cdc-1188,米粉(蔬菜，雀巢),unspecified,china_cdc,reference_alias,alias_candidate_requires_review,pending
1199,米粉,unspecified,china-cdc-1189,米粉(胡萝卜，亨氏),unspecified,china_cdc,reference_alias,alias_candidate_requires_review,pending
1199,米粉,unspecified,china-cdc-1190,米粉(胡萝卜，雀巢),unspecified,china_cdc,reference_alias,alias_candidate_requires_review,pending
1199,米粉,unspecified,china-cdc-1191,米粉(番茄，亨氏),unspecified,china_cdc,reference_alias,alias_candidate_requires_review,pending
1199,米粉,unspecified,china-cdc-1192,米粉(猪肝蔬菜，亨氏),unspecified,china_cdc,reference_alias,alias_candidate_requires_review,pending
1199,米粉,unspecified,china-cdc-1193,米粉(鱼肉蔬菜，亨氏),unspecified,china_cdc,reference_alias,alias_candidate_requires_review,pending
1200,鸭血,unspecified,china-cdc-899,鸭血(白鸭),unspecified,china_cdc,reference_alias,alias_candidate_requires_review,pending
965,鸭胗,unspecified,,,,,,no_exact_name_match,pending
1201,鸭肠,unspecified,china-cdc-895,鸭肠,unspecified,china_cdc,exact,exact_candidate,pending
1202,浓汤宝,unspecified,,,,,,no_exact_name_match,pending
1203,小油豆腐,unspecified,,,,,,no_exact_name_match,pending
1204,鸭肝,unspecified,china-cdc-896,鸭肝,unspecified,china_cdc,exact,exact_candidate,pending
1205,小羊排,unspecified,,,,,,no_exact_name_match,pending
1206,欧芹,unspecified,,,,,,no_exact_name_match,pending
1207,鲜罗勒叶,unspecified,,,,,,no_exact_name_match,pending
1209,条状年糕,unspecified,,,,,,no_exact_name_match,pending
1210,韩式辣椒酱,unspecified,,,,,,no_exact_name_match,pending
1211,兰花干,unspecified,,,,,,no_exact_name_match,pending
1213,羊腩肉,unspecified,,,,,,no_exact_name_match,pending
1215,素鸡,unspecified,china-cdc-347,素鸡,unspecified,china_cdc,exact,exact_candidate,pending
1216,蒸鱼豆豉油,unspecified,,,,,,no_exact_name_match,pending
1217,白油,unspecified,,,,,,no_exact_name_match,pending
1219,泰式甜辣酱,unspecified,,,,,,no_exact_name_match,pending
1156,肉桂,unspecified,,,,,,no_exact_name_match,pending
966,猪肚,unspecified,china-cdc-795,猪肚,unspecified,china_cdc,exact,exact_candidate,pending
1221,鲜肥牛卷,unspecified,,,,,,no_exact_name_match,pending
666,紫菜,unspecified,china-cdc-611,紫菜(干),dried,china_cdc,reference_alias,alias_candidate_requires_review,pending
1222,椰肉,unspecified,,,,,,no_exact_name_match,pending
1223,骨肉相连半成品,unspecified,,,,,,no_exact_name_match,pending
1224,澄粉,unspecified,,,,,,no_exact_name_match,pending
1226,水发薯粉,unspecified,,,,,,no_exact_name_match,pending
1227,海苔,unspecified,china-cdc-1351,海苔,unspecified,china_cdc,exact,exact_candidate,pending
1229,食用碱,unspecified,,,,,,no_exact_name_match,pending
1230,酱萝卜,unspecified,,,,,,no_exact_name_match,pending
1231,花蛤肉,unspecified,,,,,,no_exact_name_match,pending
1232,净山药,unspecified,,,,,,no_exact_name_match,pending
1233,锡兰红茶,unspecified,,,,,,no_exact_name_match,pending
1234,淡奶,unspecified,,,,,,no_exact_name_match,pending
1235,鲜味汁,unspecified,,,,,,no_exact_name_match,pending
1236,澳洲带子,unspecified,,,,,,no_exact_name_match,pending
1238,老干妈豆豉,unspecified,,,,,,no_exact_name_match,pending
1241,吐司,unspecified,,,,,,no_exact_name_match,pending
1247,烧烤酱汁,unspecified,,,,,,no_exact_name_match,pending
1250,马蹄粉,unspecified,,,,,,no_exact_name_match,pending
1251,大米粉,unspecified,,,,,,no_exact_name_match,pending
1252,隔夜米饭,unspecified,,,,,,no_exact_name_match,pending
1253,白果,unspecified,china-cdc-740,白果(干)[银杏],dried,china_cdc,reference_alias,alias_candidate_requires_review,pending
1255,黄奶油,unspecified,,,,,,no_exact_name_match,pending
1256,生糯米,unspecified,,,,,,no_exact_name_match,pending
1257,仔鸡,unspecified,,,,,,no_exact_name_match,pending
1259,螃蟹,unspecified,,,,,,no_exact_name_match,pending
1260,鯽鱼,unspecified,,,,,,no_exact_name_match,pending
1261,绿茶,unspecified,,,,,,no_exact_name_match,pending
1262,食用干玫瑰,unspecified,,,,,,no_exact_name_match,pending
1263,蜜桃,unspecified,china-cdc-663,蜜桃,unspecified,china_cdc,exact,exact_candidate,pending
1266,长意面,cooked,,,,,,no_exact_name_match,pending
1268,牛肉馅,unspecified,,,,,,no_exact_name_match,pending
1270,罗勒碎,unspecified,,,,,,no_exact_name_match,pending
1272,帕马森奶酪粉,unspecified,,,,,,no_exact_name_match,pending
1273,红酱,unspecified,,,,,,no_exact_name_match,pending
1274,蛏肉,unspecified,,,,,,no_exact_name_match,pending
1275,厚百叶,unspecified,,,,,,no_exact_name_match,pending
1276,鲜青花椒,unspecified,,,,,,no_exact_name_match,pending
1277,烧椒酱,unspecified,,,,,,no_exact_name_match,pending
1278,长茄子,unspecified,,,,,,no_exact_name_match,pending
1279,淡菜干,unspecified,,,,,,no_exact_name_match,pending
1280,藕带,unspecified,,,,,,no_exact_name_match,pending
1281,菜山药,unspecified,,,,,,no_exact_name_match,pending
1283,鸭爪,unspecified,,,,,,no_exact_name_match,pending
1286,阳澄湖大闸蟹,unspecified,,,,,,no_exact_name_match,pending
1287,花雕,unspecified,,,,,,no_exact_name_match,pending
1288,包生菜,unspecified,,,,,,no_exact_name_match,pending
1289,洛神花,unspecified,,,,,,no_exact_name_match,pending
1290,荔枝果肉,unspecified,,,,,,no_exact_name_match,pending
1291,红咖喱,unspecified,,,,,,no_exact_name_match,pending
1292,花椰菜,unspecified,china-cdc-464,菜花[花椰菜],unspecified,china_cdc,reference_alias,alias_candidate_requires_review,pending
742,腰果,cooked,china-cdc-756,腰果,unspecified,china_cdc,exact,form_state_requires_review,pending
1294,苹果醋,unspecified,,,,,,no_exact_name_match,pending
1295,银鳕鱼,unspecified,,,,,,no_exact_name_match,pending
1296,红洋葱,unspecified,,,,,,no_exact_name_match,pending
1297,青柠叶,unspecified,,,,,,no_exact_name_match,pending
1298,油浸番茄干,unspecified,,,,,,no_exact_name_match,pending
1299,黑橄榄,unspecified,,,,,,no_exact_name_match,pending
1300,樱桃番茄,unspecified,china-cdc-413,樱桃番茄[小西红柿],unspecified,china_cdc,reference_alias,alias_candidate_requires_review,pending
1301,罗勒叶,unspecified,,,,,,no_exact_name_match,pending
1302,水瓜榴,unspecified,,,,,,no_exact_name_match,pending
1303,七味粉,unspecified,,,,,,no_exact_name_match,pending
562,黄桃,unspecified,,,,,,no_exact_name_match,pending
1304,雪耳,unspecified,,,,,,no_exact_name_match,pending
1305,玫瑰花瓣,unspecified,,,,,,no_exact_name_match,pending
1306,黄豆粉,unspecified,china-cdc-329,黄豆粉,unspecified,china_cdc,exact,exact_candidate,pending
1307,紫葡萄,unspecified,,,,,,no_exact_name_match,pending
1308,绿茶水,unspecified,,,,,,no_exact_name_match,pending
1309,肉馅,unspecified,,,,,,no_exact_name_match,pending
1310,苕尖,unspecified,,,,,,no_exact_name_match,pending
1312,甜辣粉,unspecified,,,,,,no_exact_name_match,pending
1182,橘子,unspecified,,,,,,no_exact_name_match,pending
1313,鱼子酱,unspecified,china-cdc-1068,鱼子酱,unspecified,china_cdc,exact,exact_candidate,pending
1314,鲜蚕豆,unspecified,,,,,,no_exact_name_match,pending
1315,菊花,unspecified,china-cdc-1613,菊花[怀菊花],unspecified,china_cdc,reference_alias,alias_candidate_requires_review,pending
1316,整块羊肋排,unspecified,,,,,,no_exact_name_match,pending
1320,内脂豆腐,unspecified,,,,,,no_exact_name_match,pending
1321,青柠檬,unspecified,,,,,,no_exact_name_match,pending
1322,香草浓浆,unspecified,,,,,,no_exact_name_match,pending
1323,塔菜,unspecified,,,,,,no_exact_name_match,pending
1324,水发羊肚菌,unspecified,,,,,,no_exact_name_match,pending
1047,百合,unspecified,china-cdc-506,百合(鲜),unspecified,china_cdc,reference_alias,alias_candidate_requires_review,pending
1047,百合,unspecified,china-cdc-507,百合(干),dried,china_cdc,reference_alias,alias_candidate_requires_review,pending
1325,橙子盏,unspecified,,,,,,no_exact_name_match,pending
1326,叉烧肉,unspecified,china-cdc-804,叉烧肉,unspecified,china_cdc,exact,exact_candidate,pending
1319,叉烧酱,unspecified,,,,,,no_exact_name_match,pending
1327,玫瑰,dried,,,,,,no_exact_name_match,pending
1329,榛子酱,unspecified,,,,,,no_exact_name_match,pending
1330,杏仁酱,unspecified,,,,,,no_exact_name_match,pending
1331,杭椒,unspecified,,,,,,no_exact_name_match,pending
1332,黑虎虾,unspecified,,,,,,no_exact_name_match,pending
1333,黄皮果,unspecified,,,,,,no_exact_name_match,pending
1334,黄皮酱,unspecified,,,,,,no_exact_name_match,pending
1335,胡椒,unspecified,,,,,,no_exact_name_match,pending
1336,配方奶,unspecified,,,,,,no_exact_name_match,pending
1337,花生粉,unspecified,,,,,,no_exact_name_match,pending
1338,粗紫茄子,unspecified,,,,,,no_exact_name_match,pending
1339,辣黄豆酱,unspecified,,,,,,no_exact_name_match,pending
1340,美极鲜味汁,unspecified,,,,,,no_exact_name_match,pending
1342,地瓜粉,unspecified,china-cdc-318,甘薯粉[地瓜粉],unspecified,china_cdc,reference_alias,alias_candidate_requires_review,pending
862,淮山药,unspecified,,,,,,no_exact_name_match,pending
1343,白扁豆,unspecified,,,,,,no_exact_name_match,pending
1344,胖大海,unspecified,,,,,,no_exact_name_match,pending
1345,金银花,unspecified,,,,,,no_exact_name_match,pending
1346,公鸡,unspecified,,,,,,no_exact_name_match,pending
1347,水发黄豆,unspecified,,,,,,no_exact_name_match,pending
1348,小西瓜,unspecified,,,,,,no_exact_name_match,pending
1349,麻鸭,unspecified,,,,,,no_exact_name_match,pending
820,美人椒,unspecified,,,,,,no_exact_name_match,pending
1351,小红椒,unspecified,,,,,,no_exact_name_match,pending
1352,调味法式羊排,unspecified,,,,,,no_exact_name_match,pending
1353,开洋,unspecified,,,,,,no_exact_name_match,pending
1354,韭菜花梗,unspecified,,,,,,no_exact_name_match,pending
1355,味粉,unspecified,,,,,,no_exact_name_match,pending
1356,老鸭,unspecified,,,,,,no_exact_name_match,pending
1357,笋干,unspecified,,,,,,no_exact_name_match,pending
1358,金华火腿,unspecified,china-cdc-822,金华火腿,unspecified,china_cdc,exact,exact_candidate,pending
1359,饴糖,unspecified,,,,,,no_exact_name_match,pending
247,芝麻,cooked,,,,,,no_exact_name_match,pending
1361,精白面粉,unspecified,,,,,,no_exact_name_match,pending
1362,夹心肉糜,unspecified,,,,,,no_exact_name_match,pending
1363,百香果,unspecified,,,,,,no_exact_name_match,pending
1364,塔皮,unspecified,,,,,,no_exact_name_match,pending
1365,精制油,unspecified,,,,,,no_exact_name_match,pending
1366,活基围虾,unspecified,,,,,,no_exact_name_match,pending
1367,色拉酱,unspecified,,,,,,no_exact_name_match,pending
1368,多宝鱼,unspecified,,,,,,no_exact_name_match,pending
1369,甜椒,unspecified,china-cdc-410,甜椒[灯笼椒，柿子椒],unspecified,china_cdc,reference_alias,alias_candidate_requires_review,pending
1369,甜椒,unspecified,china-cdc-414,甜椒[灯笼椒、柿子椒],unspecified,china_cdc,reference_alias,alias_candidate_requires_review,pending
966,猪肚,cooked,china-cdc-795,猪肚,unspecified,china_cdc,exact,form_state_requires_review,pending
1371,味极鲜酱油,unspecified,,,,,,no_exact_name_match,pending
1372,黄酱,unspecified,china-cdc-1525,黄酱[大酱],unspecified,china_cdc,reference_alias,alias_candidate_requires_review,pending
6,姜,dried,china-cdc-528,姜[黄姜](鲜),unspecified,china_cdc,reference_alias,alias_candidate_requires_review,pending
6,姜,dried,china-cdc-529,姜(干),dried,china_cdc,reference_alias,alias_candidate_requires_review,pending
6,姜,dried,china-cdc-530,姜(子姜，鲜)[嫩姜],unspecified,china_cdc,reference_alias,alias_candidate_requires_review,pending
1374,豆沙,unspecified,china-cdc-353,豆沙,unspecified,china_cdc,exact,exact_candidate,pending
1378,奶油,unspecified,,,,,,no_exact_name_match,pending
1380,北豆腐,unspecified,,,,,,no_exact_name_match,pending
1381,蔓越莓,unspecified,,,,,,no_exact_name_match,pending
1382,板栗肉,unspecified,china-cdc-746,栗子(鲜)[板栗],unspecified,china_cdc,reference_alias,alias_candidate_requires_review,pending
1382,板栗肉,unspecified,china-cdc-748,栗子(熟)[板栗],cooked,china_cdc,reference_alias,alias_candidate_requires_review,pending
1383,猪手,unspecified,,,,,,no_exact_name_match,pending
318,鱿鱼,dried,china-cdc-1130,鱿鱼(干)[台湾枪乌贼],dried,china_cdc,reference_alias,alias_candidate_requires_review,pending
318,鱿鱼,dried,china-cdc-1131,鱿鱼(水浸),unspecified,china_cdc,reference_alias,alias_candidate_requires_review,pending
1385,带皮蒜头,unspecified,,,,,,no_exact_name_match,pending
1386,小香菇,unspecified,,,,,,no_exact_name_match,pending
1387,牛肉卷,unspecified,,,,,,no_exact_name_match,pending
1388,鲍鱼肉,unspecified,china-cdc-1106,鲍鱼[杂色鲍],unspecified,china_cdc,reference_alias,alias_candidate_requires_review,pending
1388,鲍鱼肉,unspecified,china-cdc-1107,鲍鱼(干),dried,china_cdc,reference_alias,alias_candidate_requires_review,pending
1390,紫苏,unspecified,,,,,,no_exact_name_match,pending
882,燕窝,unspecified,,,,,,no_exact_name_match,pending
1391,无菌蛋,unspecified,,,,,,no_exact_name_match,pending
1392,鸡心,unspecified,china-cdc-885,鸡心,unspecified,china_cdc,exact,exact_candidate,pending
1393,蒜苔,unspecified,china-cdc-440,蒜苔,unspecified,china_cdc,exact,exact_candidate,pending
1394,茼蒿,unspecified,china-cdc-488,茼蒿[蓬蒿菜，艾菜](鲜),unspecified,china_cdc,reference_alias,alias_candidate_requires_review,pending
1395,鳕鱼肉,unspecified,china-cdc-1062,鳕鱼[鳕狭，明太鱼],unspecified,china_cdc,reference_alias,alias_candidate_requires_review,pending
1395,鳕鱼肉,unspecified,china-cdc-1087,鳕鱼(烤),cooked,china_cdc,reference_alias,alias_candidate_requires_review,pending
1395,鳕鱼肉,unspecified,china-cdc-1088,鳕鱼(炸),cooked,china_cdc,reference_alias,alias_candidate_requires_review,pending
1396,豆豉鲮鱼罐头,unspecified,,,,,,no_exact_name_match,pending
1397,金枪鱼罐头,unspecified,,,,,,no_exact_name_match,pending
1398,鸭舌,unspecified,china-cdc-897,鸭舌[鸭条],unspecified,china_cdc,reference_alias,alias_candidate_requires_review,pending
1402,叶儿粑粉合,unspecified,,,,,,no_exact_name_match,pending
1403,叶儿粑叶,unspecified,,,,,,no_exact_name_match,pending
1404,内脂,unspecified,,,,,,no_exact_name_match,pending
1405,碱,unspecified,,,,,,no_exact_name_match,pending
1406,茯苓粉,unspecified,,,,,,no_exact_name_match,pending
1407,香草粉,unspecified,,,,,,no_exact_name_match,pending
1408,青尖椒,unspecified,,,,,,no_exact_name_match,pending
1409,黄小米,unspecified,,,,,,no_exact_name_match,pending
1410,川味香肠,unspecified,,,,,,no_exact_name_match,pending
1411,红薯淀粉,unspecified,,,,,,no_exact_name_match,pending
1412,红糖糍粑,unspecified,,,,,,no_exact_name_match,pending
1413,龙利鱼柳,unspecified,,,,,,no_exact_name_match,pending
1023,莴苣,unspecified,china-cdc-491,莴笋[莴苣](鲜),unspecified,china_cdc,reference_alias,alias_candidate_requires_review,pending
1414,南日鲍,unspecified,,,,,,no_exact_name_match,pending
1415,泡菜,unspecified,,,,,,no_exact_name_match,pending
1416,红甜椒粉,unspecified,,,,,,no_exact_name_match,pending
1417,韩国辣椒酱,unspecified,,,,,,no_exact_name_match,pending
1418,青辣椒,unspecified,,,,,,no_exact_name_match,pending
1419,牛肩肉,unspecified,,,,,,no_exact_name_match,pending
1420,红葡萄酒,unspecified,china-cdc-1412,红葡萄酒,unspecified,china_cdc,exact,exact_candidate,pending
1421,波特酒,unspecified,,,,,,no_exact_name_match,pending
1422,鲜百里香,unspecified,,,,,,no_exact_name_match,pending
1423,月桂叶,unspecified,,,,,,no_exact_name_match,pending
1425,杜松果,unspecified,,,,,,no_exact_name_match,pending
1426,奥利奥饼干,unspecified,,,,,,no_exact_name_match,pending
1427,浓稠酸奶,unspecified,,,,,,no_exact_name_match,pending
1428,食用绿色素,unspecified,,,,,,no_exact_name_match,pending
1429,开心果,unspecified,china-cdc-759,开心果(熟),cooked,china_cdc,reference_alias,alias_candidate_requires_review,pending
1430,活虾,unspecified,,,,,,no_exact_name_match,pending
1431,小鱼干,unspecified,,,,,,no_exact_name_match,pending
1432,韩式辣椒粉,unspecified,,,,,,no_exact_name_match,pending
1433,桑葚,unspecified,china-cdc-693,桑葚(均值),unspecified,china_cdc,reference_alias,alias_candidate_requires_review,pending
1433,桑葚,unspecified,china-cdc-694,桑葚(白),unspecified,china_cdc,reference_alias,alias_candidate_requires_review,pending
1433,桑葚,unspecified,china-cdc-695,桑葚(红),unspecified,china_cdc,reference_alias,alias_candidate_requires_review,pending
1434,地黄,cooked,,,,,,no_exact_name_match,pending
1436,紫草,unspecified,,,,,,no_exact_name_match,pending
1437,侧柏叶,unspecified,,,,,,no_exact_name_match,pending
1438,牡丹皮,unspecified,,,,,,no_exact_name_match,pending
1440,艾草,unspecified,,,,,,no_exact_name_match,pending
1443,榛蘑,dried,china-cdc-589,榛蘑(干)[假蜜环菌],dried,china_cdc,reference_alias,alias_candidate_requires_review,pending
1443,榛蘑,dried,china-cdc-590,榛蘑(水发),hydrated,china_cdc,reference_alias,alias_candidate_requires_review,pending
1446,空心菜,unspecified,china-cdc-493,蕹菜[空心菜，藤藤菜],unspecified,china_cdc,reference_alias,alias_candidate_requires_review,pending
1447,东星斑,unspecified,,,,,,no_exact_name_match,pending
1448,辣椒面,unspecified,,,,,,no_exact_name_match,pending
1449,黄鱼,unspecified,china-cdc-1037,黄鱼(大黄花鱼),unspecified,china_cdc,reference_alias,alias_candidate_requires_review,pending
1449,黄鱼,unspecified,china-cdc-1038,黄鱼(小黄花鱼),unspecified,china_cdc,reference_alias,alias_candidate_requires_review,pending
1450,藿香叶,unspecified,,,,,,no_exact_name_match,pending
1451,二荆条泡椒,unspecified,,,,,,no_exact_name_match,pending
1452,泡姜,unspecified,,,,,,no_exact_name_match,pending
1453,乌梅,unspecified,,,,,,no_exact_name_match,pending
1454,生山楂干,unspecified,,,,,,no_exact_name_match,pending
1455,乌枣,unspecified,china-cdc-677,黑枣(无核)[乌枣],unspecified,china_cdc,reference_alias,alias_candidate_requires_review,pending
1456,甘草,unspecified,,,,,,no_exact_name_match,pending
1457,老陈醋,unspecified,,,,,,no_exact_name_match,pending
1458,长香糯米,unspecified,,,,,,no_exact_name_match,pending
1459,猪脊骨,unspecified,,,,,,no_exact_name_match,pending
1460,老油条碎,unspecified,,,,,,no_exact_name_match,pending
1461,油皮,unspecified,,,,,,no_exact_name_match,pending
1462,桑寄生,unspecified,,,,,,no_exact_name_match,pending
1463,益母草,unspecified,,,,,,no_exact_name_match,pending
744,腐竹,dried,china-cdc-344,腐竹,unspecified,china_cdc,exact,form_state_requires_review,pending
1465,转化糖浆,unspecified,,,,,,no_exact_name_match,pending
1466,枧水,unspecified,,,,,,no_exact_name_match,pending
1467,梅花肉,unspecified,,,,,,no_exact_name_match,pending
1468,菌菇,unspecified,,,,,,no_exact_name_match,pending
1471,台湾热狗肠,unspecified,,,,,,no_exact_name_match,pending
1472,鲜活蛤蜊,unspecified,,,,,,no_exact_name_match,pending
1473,红皮花生,unspecified,,,,,,no_exact_name_match,pending
1474,海苔肉松,unspecified,,,,,,no_exact_name_match,pending
726,桂圆肉,unspecified,china-cdc-720,桂圆,unspecified,china_cdc,reference_alias,alias_candidate_requires_review,pending
726,桂圆肉,unspecified,china-cdc-721,桂圆(干),dried,china_cdc,reference_alias,alias_candidate_requires_review,pending
1475,汤骨,unspecified,,,,,,no_exact_name_match,pending
1476,淮山,unspecified,,,,,,no_exact_name_match,pending
1477,芡实,unspecified,,,,,,no_exact_name_match,pending
1478,土茯苓,unspecified,,,,,,no_exact_name_match,pending
1479,五指毛桃,unspecified,,,,,,no_exact_name_match,pending
1480,小颗苹果,unspecified,,,,,,no_exact_name_match,pending
1483,香草豆荚粉,unspecified,,,,,,no_exact_name_match,pending
1485,羊腩,unspecified,,,,,,no_exact_name_match,pending
1486,羊骨,unspecified,,,,,,no_exact_name_match,pending
1487,良姜,unspecified,,,,,,no_exact_name_match,pending
1488,腊汁肉夹馍,unspecified,,,,,,no_exact_name_match,pending
1245,鳙鱼头,unspecified,,,,,,no_exact_name_match,pending
1243,大蒜叶,unspecified,,,,,,no_exact_name_match,pending
1489,桂花糖,unspecified,,,,,,no_exact_name_match,pending
1490,意面,unspecified,,,,,,no_exact_name_match,pending
1491,鮸鱼鱼肉,unspecified,,,,,,no_exact_name_match,pending
1492,番薯淀粉,unspecified,,,,,,no_exact_name_match,pending
1493,仔姜,unspecified,,,,,,no_exact_name_match,pending
1494,红烧酱油,unspecified,,,,,,no_exact_name_match,pending
1496,红腐乳汁,unspecified,,,,,,no_exact_name_match,pending
1500,鲜榨柠檬汁,unspecified,,,,,,no_exact_name_match,pending
1502,意大利面,cooked,,,,,,no_exact_name_match,pending
1506,炼奶,unspecified,,,,,,no_exact_name_match,pending
1508,兔肉,unspecified,china-cdc-875,兔肉,unspecified,china_cdc,exact,exact_candidate,pending
1509,花椒面,unspecified,,,,,,no_exact_name_match,pending
1510,鸭腿,unspecified,,,,,,no_exact_name_match,pending
1512,鸡全翅,unspecified,,,,,,no_exact_name_match,pending
1514,烟薯,unspecified,,,,,,no_exact_name_match,pending
1515,大连鲜鲍鱼,unspecified,,,,,,no_exact_name_match,pending
1516,糟卤,unspecified,,,,,,no_exact_name_match,pending
1517,特浓无糖酸奶,unspecified,,,,,,no_exact_name_match,pending
1518,红茶茶叶,unspecified,,,,,,no_exact_name_match,pending
1523,焦糖糖浆,unspecified,,,,,,no_exact_name_match,pending
1524,巧克力酱,unspecified,,,,,,no_exact_name_match,pending
1525,小葱白,unspecified,,,,,,no_exact_name_match,pending
1526,水发粉丝,unspecified,,,,,,no_exact_name_match,pending
1528,前腿肉,unspecified,,,,,,no_exact_name_match,pending
1529,绍兴黄酒,unspecified,china-cdc-1424,绍兴黄酒(15度),unspecified,china_cdc,reference_alias,alias_candidate_requires_review,pending
1531,银鲳,unspecified,china-cdc-1056,鲳鱼[平鱼，银鲳，刺鲳],unspecified,china_cdc,reference_alias,alias_candidate_requires_review,pending
1532,香菇酱,unspecified,,,,,,no_exact_name_match,pending
1533,贝贝南瓜,unspecified,,,,,,no_exact_name_match,pending
1306,黄豆粉,cooked,china-cdc-329,黄豆粉,unspecified,china_cdc,exact,form_state_requires_review,pending
1537,风味豆豉酱,unspecified,,,,,,no_exact_name_match,pending
1538,香椿头,unspecified,,,,,,no_exact_name_match,pending
1539,鲜鸡蛋黄,unspecified,,,,,,no_exact_name_match,pending
1540,豇豆,unspecified,china-cdc-397,豇豆,unspecified,china_cdc,exact,exact_candidate,pending
1541,净鲤鱼,unspecified,,,,,,no_exact_name_match,pending
1543,红豆沙馅,unspecified,,,,,,no_exact_name_match,pending
1544,黄精,unspecified,,,,,,no_exact_name_match,pending
1545,玉竹,unspecified,,,,,,no_exact_name_match,pending
1546,T55面粉,unspecified,,,,,,no_exact_name_match,pending
1547,T45面粉,unspecified,,,,,,no_exact_name_match,pending
1548,片状黄油,unspecified,,,,,,no_exact_name_match,pending
1549,椒盐,unspecified,,,,,,no_exact_name_match,pending
1550,BBQ烧烤酱,unspecified,,,,,,no_exact_name_match,pending
1551,清汤,unspecified,,,,,,no_exact_name_match,pending
1552,紫红长茄,unspecified,,,,,,no_exact_name_match,pending
1553,凤爪,unspecified,,,,,,no_exact_name_match,pending
1554,香辣豆豉酱,unspecified,,,,,,no_exact_name_match,pending
1555,青红辣椒,unspecified,,,,,,no_exact_name_match,pending
1556,香橙皮丝,unspecified,,,,,,no_exact_name_match,pending
1557,红小枣,unspecified,,,,,,no_exact_name_match,pending
58,面粉,cooked,,,,,,no_exact_name_match,pending
1559,羊肋排,unspecified,,,,,,no_exact_name_match,pending
1560,鲜当归,unspecified,,,,,,no_exact_name_match,pending
1561,养心菜,unspecified,,,,,,no_exact_name_match,pending
1562,红豆粉,unspecified,,,,,,no_exact_name_match,pending
1563,薏仁粉,unspecified,,,,,,no_exact_name_match,pending
1564,奇亚籽,unspecified,,,,,,no_exact_name_match,pending
1565,猪棒骨,unspecified,,,,,,no_exact_name_match,pending
1566,山楂干,unspecified,,,,,,no_exact_name_match,pending
1567,牛尾,unspecified,,,,,,no_exact_name_match,pending
1568,小青菜,unspecified,,,,,,no_exact_name_match,pending
1569,蛋挞胚,unspecified,,,,,,no_exact_name_match,pending
1572,湿淀粉,unspecified,,,,,,no_exact_name_match,pending
1573,麦西恩玉米饼,unspecified,,,,,,no_exact_name_match,pending
1575,红富士苹果,unspecified,,,,,,no_exact_name_match,pending
1576,圆生菜叶,unspecified,,,,,,no_exact_name_match,pending
1578,海参斑,unspecified,,,,,,no_exact_name_match,pending
1579,小米粥,unspecified,china-cdc-303,小米粥,unspecified,china_cdc,exact,exact_candidate,pending
1580,青头鸭,unspecified,,,,,,no_exact_name_match,pending
1581,八头鲜鲍鱼,unspecified,,,,,,no_exact_name_match,pending
1583,沙参,unspecified,,,,,,no_exact_name_match,pending
1584,·白醋,unspecified,,,,,,no_exact_name_match,pending
1585,柠檬皮碎,unspecified,,,,,,no_exact_name_match,pending
1588,亚麻籽油,unspecified,,,,,,no_exact_name_match,pending
1589,杂菜,unspecified,,,,,,no_exact_name_match,pending
1590,紫洋葱,unspecified,,,,,,no_exact_name_match,pending
1592,泡椒,unspecified,,,,,,no_exact_name_match,pending
1593,黑豆豉,unspecified,,,,,,no_exact_name_match,pending
1594,大白菜叶,unspecified,,,,,,no_exact_name_match,pending
1595,鲤鱼,unspecified,china-cdc-1012,鲤鱼[鲤拐子],unspecified,china_cdc,reference_alias,alias_candidate_requires_review,pending
1596,红葱,unspecified,,,,,,no_exact_name_match,pending
1598,苏梅酱,unspecified,,,,,,no_exact_name_match,pending
1599,液态酥油,unspecified,,,,,,no_exact_name_match,pending
1600,木薯粉,unspecified,,,,,,no_exact_name_match,pending
1601,日本南瓜,unspecified,,,,,,no_exact_name_match,pending
1602,小台芒,unspecified,,,,,,no_exact_name_match,pending
1603,葱结,unspecified,,,,,,no_exact_name_match,pending
1605,钵仔糕粉,unspecified,,,,,,no_exact_name_match,pending
1606,橙汁,unspecified,,,,,,no_exact_name_match,pending
1607,鹅蛋,unspecified,china-cdc-1000,鹅蛋(煮),cooked,china_cdc,reference_alias,alias_candidate_requires_review,pending
1608,薄百叶,unspecified,,,,,,no_exact_name_match,pending
1609,糯米鸡,unspecified,,,,,,no_exact_name_match,pending
1610,青口贝,unspecified,,,,,,no_exact_name_match,pending
1611,黑鸡枞,unspecified,,,,,,no_exact_name_match,pending
822,香芋,unspecified,,,,,,no_exact_name_match,pending
1613,梅子酱,unspecified,,,,,,no_exact_name_match,pending
1614,鸡脯肉,unspecified,,,,,,no_exact_name_match,pending
1615,细辣椒粉,unspecified,,,,,,no_exact_name_match,pending
1616,豆芽,unspecified,,,,,,no_exact_name_match,pending
1617,青花椒,unspecified,,,,,,no_exact_name_match,pending
1618,荔枝酱,unspecified,,,,,,no_exact_name_match,pending
1619,牛腹肉,unspecified,,,,,,no_exact_name_match,pending
1620,香芹籽,unspecified,,,,,,no_exact_name_match,pending
1621,牛肉汤,unspecified,,,,,,no_exact_name_match,pending
1622,番茄膏,unspecified,,,,,,no_exact_name_match,pending
1623,红酒醋,unspecified,,,,,,no_exact_name_match,pending
1624,绿甜椒,unspecified,,,,,,no_exact_name_match,pending
1625,百里香叶,unspecified,,,,,,no_exact_name_match,pending
1626,榴莲果肉,unspecified,,,,,,no_exact_name_match,pending
1627,动物淡奶油,unspecified,,,,,,no_exact_name_match,pending
1628,薯条,unspecified,china-cdc-1258,薯条(肯德基),unspecified,china_cdc,reference_alias,alias_candidate_requires_review,pending
1630,包菜,unspecified,,,,,,no_exact_name_match,pending
1631,鸡汁调料,unspecified,,,,,,no_exact_name_match,pending
1632,小辣椒,unspecified,,,,,,no_exact_name_match,pending
1634,带子肉,unspecified,,,,,,no_exact_name_match,pending
1635,明太鱼籽,unspecified,,,,,,no_exact_name_match,pending
970,豆干,unspecified,,,,,,no_exact_name_match,pending
1636,蒜苗,unspecified,china-cdc-439,蒜苗,unspecified,china_cdc,exact,exact_candidate,pending
1637,蔬菜粒,unspecified,,,,,,no_exact_name_match,pending
1638,鸡蛋豆腐,unspecified,,,,,,no_exact_name_match,pending
1639,海鲜菇,unspecified,,,,,,no_exact_name_match,pending
106,龙口粉丝,unspecified,,,,,,no_exact_name_match,pending
1640,美极鲜,unspecified,,,,,,no_exact_name_match,pending
1641,鲜山药,unspecified,,,,,,no_exact_name_match,pending
1642,老陈皮,unspecified,,,,,,no_exact_name_match,pending
224,粉丝,hydrated,china-cdc-324,粉丝,unspecified,china_cdc,exact,form_state_requires_review,pending
1644,桂圆干,unspecified,,,,,,no_exact_name_match,pending
1645,红皮土豆,unspecified,,,,,,no_exact_name_match,pending
1646,肉豆蔻,unspecified,,,,,,no_exact_name_match,pending
1647,猪油油渣子,unspecified,,,,,,no_exact_name_match,pending
1648,小麦粉,unspecified,china-cdc-259,小麦粉(标准粉),unspecified,china_cdc,reference_alias,alias_candidate_requires_review,pending
1648,小麦粉,unspecified,china-cdc-260,小麦粉(富强粉，特一粉),unspecified,china_cdc,reference_alias,alias_candidate_requires_review,pending
1649,茉莉绿茶茶包,unspecified,,,,,,no_exact_name_match,pending
1650,红柚果肉,unspecified,,,,,,no_exact_name_match,pending
1652,猪腱子肉,unspecified,,,,,,no_exact_name_match,pending
1653,川贝,unspecified,,,,,,no_exact_name_match,pending
1654,手工嫩豆腐,unspecified,,,,,,no_exact_name_match,pending
1655,薏仁,unspecified,,,,,,no_exact_name_match,pending
1656,鱼干,unspecified,,,,,,no_exact_name_match,pending
1657,青麦汁,unspecified,,,,,,no_exact_name_match,pending
1658,慈菇,unspecified,china-cdc-513,慈菇[乌芋，白地果](鲜),unspecified,china_cdc,reference_alias,alias_candidate_requires_review,pending
1659,青蒜,unspecified,china-cdc-437,青蒜,unspecified,china_cdc,exact,exact_candidate,pending
1660,佛手瓜,unspecified,china-cdc-420,佛手瓜[棒瓜，菜肴梨],unspecified,china_cdc,reference_alias,alias_candidate_requires_review,pending
1661,仙草冻粉,unspecified,,,,,,no_exact_name_match,pending
1662,柠檬皮屑,unspecified,,,,,,no_exact_name_match,pending
1663,即食燕麦片,unspecified,,,,,,no_exact_name_match,pending
1664,提子干,unspecified,,,,,,no_exact_name_match,pending
1665,可食用红丝绒液,unspecified,,,,,,no_exact_name_match,pending
1666,羊腿肉,unspecified,,,,,,no_exact_name_match,pending
1668,枫糖浆,unspecified,,,,,,no_exact_name_match,pending
1669,叻沙酱,unspecified,,,,,,no_exact_name_match,pending
1670,油豆泡,unspecified,,,,,,no_exact_name_match,pending
1671,鱼饼,unspecified,,,,,,no_exact_name_match,pending
1672,豆面,cooked,,,,,,no_exact_name_match,pending
1674,水煮鸡蛋,unspecified,,,,,,no_exact_name_match,pending
1675,藕粉,unspecified,china-cdc-322,藕粉,unspecified,china_cdc,exact,exact_candidate,pending
1676,椰子粉,unspecified,,,,,,no_exact_name_match,pending
1677,平菇,unspecified,china-cdc-581,平菇[糙皮侧耳，青蘑],unspecified,china_cdc,reference_alias,alias_candidate_requires_review,pending
1678,牛肉丸,unspecified,,,,,,no_exact_name_match,pending
1679,魔芋丝,unspecified,,,,,,no_exact_name_match,pending
1680,韩国泡菜,unspecified,,,,,,no_exact_name_match,pending
1681,面饼,unspecified,,,,,,no_exact_name_match,pending
1682,冰粽水晶粉,unspecified,,,,,,no_exact_name_match,pending
1684,小羊腿,unspecified,,,,,,no_exact_name_match,pending
1685,干葱,unspecified,,,,,,no_exact_name_match,pending
1686,杜松子,unspecified,,,,,,no_exact_name_match,pending
1687,甜豆,unspecified,,,,,,no_exact_name_match,pending
1689,沙虫,unspecified,,,,,,no_exact_name_match,pending
1690,肥肠,unspecified,,,,,,no_exact_name_match,pending
634,龙眼肉,dried,,,,,,no_exact_name_match,pending
1249,速冻红糖馒头,unspecified,,,,,,no_exact_name_match,pending
1694,鲜酱油,unspecified,,,,,,no_exact_name_match,pending
1695,综合水果干,unspecified,,,,,,no_exact_name_match,pending
1696,综合坚果,unspecified,,,,,,no_exact_name_match,pending
1697,片状酥油,unspecified,,,,,,no_exact_name_match,pending
1698,帕玛森干酪碎,unspecified,,,,,,no_exact_name_match,pending
542,松子,cooked,china-cdc-749,松子(生),unspecified,china_cdc,reference_alias,alias_candidate_requires_review,pending
542,松子,cooked,china-cdc-750,松子(炒),unspecified,china_cdc,reference_alias,alias_candidate_requires_review,pending
1700,南瓜粉,unspecified,china-cdc-427,南瓜粉,unspecified,china_cdc,exact,exact_candidate,pending
1701,蒜香粉,unspecified,,,,,,no_exact_name_match,pending
1702,墨鱼,unspecified,china-cdc-1127,墨鱼[曼氏无针乌贼],unspecified,china_cdc,reference_alias,alias_candidate_requires_review,pending
1702,墨鱼,unspecified,china-cdc-1128,墨鱼(干)[曼氏无针乌贼],dried,china_cdc,reference_alias,alias_candidate_requires_review,pending
1704,苔条粉,unspecified,,,,,,no_exact_name_match,pending
1705,黑松露油,unspecified,,,,,,no_exact_name_match,pending
1706,蝶豆花粉,unspecified,,,,,,no_exact_name_match,pending
1707,白鳝,unspecified,,,,,,no_exact_name_match,pending
1708,葱蒜,unspecified,,,,,,no_exact_name_match,pending
1709,猪仔排,unspecified,,,,,,no_exact_name_match,pending
1710,红糖馒头,unspecified,,,,,,no_exact_name_match,pending
1713,无酒精汽酒,unspecified,,,,,,no_exact_name_match,pending
1717,猪脆骨,unspecified,,,,,,no_exact_name_match,pending
1718,烧肉酱,unspecified,,,,,,no_exact_name_match,pending
1719,苋菜,unspecified,china-cdc-486,苋菜(绿，鲜),unspecified,china_cdc,reference_alias,alias_candidate_requires_review,pending
1719,苋菜,unspecified,china-cdc-487,"苋菜(紫,鲜)[红苋]",unspecified,china_cdc,reference_alias,alias_candidate_requires_review,pending
1720,黑蒜,unspecified,,,,,,no_exact_name_match,pending
1721,西冷牛排,unspecified,,,,,,no_exact_name_match,pending
1724,竹碳粉,unspecified,,,,,,no_exact_name_match,pending
1725,线椒,unspecified,,,,,,no_exact_name_match,pending
1726,转化糖,unspecified,,,,,,no_exact_name_match,pending
1727,100%纯可可,unspecified,,,,,,no_exact_name_match,pending
1728,猪瘦肉,unspecified,,,,,,no_exact_name_match,pending
1729,巧克力豆,unspecified,,,,,,no_exact_name_match,pending
1730,四神粉,unspecified,,,,,,no_exact_name_match,pending
1731,白兰地,unspecified,,,,,,no_exact_name_match,pending
1732,吐司面包,unspecified,,,,,,no_exact_name_match,pending
1733,小芒果,unspecified,,,,,,no_exact_name_match,pending
1734,鲜山楂,unspecified,,,,,,no_exact_name_match,pending
1735,生地,unspecified,,,,,,no_exact_name_match,pending
1736,整鸡,unspecified,,,,,,no_exact_name_match,pending
1737,红椒粉,unspecified,,,,,,no_exact_name_match,pending
1738,鸡高汤,unspecified,,,,,,no_exact_name_match,pending
1739,玉米笋,unspecified,china-cdc-298,玉米笋(罐头),unspecified,china_cdc,reference_alias,alias_candidate_requires_review,pending
1740,蒜子,unspecified,,,,,,no_exact_name_match,pending
1741,老酒,unspecified,,,,,,no_exact_name_match,pending
1742,猪颈肉,unspecified,,,,,,no_exact_name_match,pending
1743,西梅,unspecified,china-cdc-673,西梅,unspecified,china_cdc,exact,exact_candidate,pending
1744,生鸡爪,unspecified,,,,,,no_exact_name_match,pending
1745,叉烧汁,unspecified,,,,,,no_exact_name_match,pending
1746,腐乳汁,unspecified,,,,,,no_exact_name_match,pending
1747,腐乳,unspecified,china-cdc-1545,腐乳(白)[酱豆腐],unspecified,china_cdc,reference_alias,alias_candidate_requires_review,pending
1747,腐乳,unspecified,china-cdc-1546,腐乳(臭)[臭豆腐],unspecified,china_cdc,reference_alias,alias_candidate_requires_review,pending
1747,腐乳,unspecified,china-cdc-1547,腐乳(红)[酱豆腐],unspecified,china_cdc,reference_alias,alias_candidate_requires_review,pending
1747,腐乳,unspecified,china-cdc-1548,腐乳(香辣味),unspecified,china_cdc,reference_alias,alias_candidate_requires_review,pending
1747,腐乳,unspecified,china-cdc-1549,腐乳[酱豆腐](白，王致和牌),unspecified,china_cdc,reference_alias,alias_candidate_requires_review,pending
1748,虾饺,unspecified,,,,,,no_exact_name_match,pending
1749,无糖纯豆浆,unspecified,,,,,,no_exact_name_match,pending
1750,消化饼干,unspecified,,,,,,no_exact_name_match,pending
1751,水发玉兰片,unspecified,,,,,,no_exact_name_match,pending
1752,精盐,unspecified,china-cdc-1565,精盐,unspecified,china_cdc,exact,exact_candidate,pending
1753,肥牛厚片,unspecified,,,,,,no_exact_name_match,pending
1754,炒米粉,unspecified,,,,,,no_exact_name_match,pending
1755,生姜米,unspecified,,,,,,no_exact_name_match,pending
1756,汉堡胚,unspecified,,,,,,no_exact_name_match,pending
1757,牛肉饼,unspecified,,,,,,no_exact_name_match,pending
1758,马斯卡彭奶酪,unspecified,,,,,,no_exact_name_match,pending
1760,草莓酱,unspecified,china-cdc-1538,草莓酱,unspecified,china_cdc,exact,exact_candidate,pending
1760,草莓酱,unspecified,china-cdc-1543,草莓酱,unspecified,china_cdc,exact,exact_candidate,pending
1761,菠萝酱,unspecified,,,,,,no_exact_name_match,pending
1762,辣油/红油,unspecified,,,,,,no_exact_name_match,pending
1763,红小米椒,unspecified,,,,,,no_exact_name_match,pending
1765,鸡软骨,unspecified,,,,,,no_exact_name_match,pending
1766,鳝鱼背,unspecified,,,,,,no_exact_name_match,pending
1767,洋魁花,unspecified,,,,,,no_exact_name_match,pending
1768,青豆瓣,unspecified,,,,,,no_exact_name_match,pending
1772,绿青椒,unspecified,,,,,,no_exact_name_match,pending
1773,黑巧克力液,unspecified,,,,,,no_exact_name_match,pending
1774,咸鱼,unspecified,,,,,,no_exact_name_match,pending
1776,细长茄子,unspecified,,,,,,no_exact_name_match,pending
1777,甜南瓜,unspecified,,,,,,no_exact_name_match,pending
1778,糖桂花,unspecified,,,,,,no_exact_name_match,pending
1779,双色剁椒酱,unspecified,,,,,,no_exact_name_match,pending
290,小米,cooked,china-cdc-301,小米,unspecified,china_cdc,exact,form_state_requires_review,pending
1781,蔬菜碎,cooked,,,,,,no_exact_name_match,pending
1784,火腿馅料,unspecified,,,,,,no_exact_name_match,pending
1785,马兰头,unspecified,china-cdc-555,马兰头[马兰，鸡儿肠，路边菊](鲜),unspecified,china_cdc,reference_alias,alias_candidate_requires_review,pending
1786,马鲛鱼肉,unspecified,china-cdc-1048,鲅鱼[马鲛鱼，燕鲅鱼，巴鱼],unspecified,china_cdc,reference_alias,alias_candidate_requires_review,pending
1787,云腿馅,unspecified,,,,,,no_exact_name_match,pending
243,中筋面粉,cooked,,,,,,no_exact_name_match,pending
1789,生咸蛋黄,unspecified,,,,,,no_exact_name_match,pending
1790,食用红色素,unspecified,,,,,,no_exact_name_match,pending
1791,年糕,unspecified,china-cdc-1211,年糕,unspecified,china_cdc,exact,exact_candidate,pending
1481,红油,unspecified,,,,,,no_exact_name_match,pending
1792,全脂牛奶,unspecified,,,,,,no_exact_name_match,pending
1793,香草糖浆,unspecified,,,,,,no_exact_name_match,pending
1794,伯爵红茶,unspecified,,,,,,no_exact_name_match,pending
1798,鸡胸,unspecified,,,,,,no_exact_name_match,pending
1799,青瓜,unspecified,,,,,,no_exact_name_match,pending
1800,小墨鱼,unspecified,,,,,,no_exact_name_match,pending
1801,鲜瘦猪肉,unspecified,,,,,,no_exact_name_match,pending
1802,动物奶油,unspecified,,,,,,no_exact_name_match,pending
1803,鸡脆骨,unspecified,,,,,,no_exact_name_match,pending
1804,雪花牛肉,unspecified,,,,,,no_exact_name_match,pending
1805,大红尖椒,unspecified,,,,,,no_exact_name_match,pending
1806,肥瘦肉,unspecified,,,,,,no_exact_name_match,pending
1807,鲜贝露,unspecified,,,,,,no_exact_name_match,pending
1809,橘叶,unspecified,,,,,,no_exact_name_match,pending
1812,长红椒,unspecified,,,,,,no_exact_name_match,pending
1813,有盐黄油,unspecified,,,,,,no_exact_name_match,pending
1815,豆腐衣,unspecified,,,,,,no_exact_name_match,pending
1816,辣酱,unspecified,,,,,,no_exact_name_match,pending
1817,印度飞饼皮,unspecified,,,,,,no_exact_name_match,pending
1818,虾米,unspecified,china-cdc-1100,虾米[海米，虾仁],unspecified,china_cdc,reference_alias,alias_candidate_requires_review,pending
1820,清鸡汤,unspecified,,,,,,no_exact_name_match,pending
1821,保宁醋,unspecified,,,,,,no_exact_name_match,pending
1822,李锦记旧庄蚝油,unspecified,,,,,,no_exact_name_match,pending
1823,双桥味精,unspecified,,,,,,no_exact_name_match,pending
1824,美极鲜酱油,unspecified,,,,,,no_exact_name_match,pending
1825,李锦记老抽,unspecified,,,,,,no_exact_name_match,pending
1826,黑虎虾仁,unspecified,,,,,,no_exact_name_match,pending
1827,油豆腐,unspecified,china-cdc-343,油豆腐,unspecified,china_cdc,exact,exact_candidate,pending
1828,虾米豆豉酱,unspecified,,,,,,no_exact_name_match,pending
222,黑木耳,dried,china-cdc-579,木耳(干)[黑木耳，云耳],dried,china_cdc,reference_alias,alias_candidate_requires_review,pending
222,黑木耳,dried,china-cdc-580,木耳(水发)[黑木耳，云耳],hydrated,china_cdc,reference_alias,alias_candidate_requires_review,pending
1830,闽东大黄鱼,unspecified,,,,,,no_exact_name_match,pending
1831,黑醋粒,unspecified,,,,,,no_exact_name_match,pending
1832,木鱼花,unspecified,,,,,,no_exact_name_match,pending
1833,裙带菜,dried,china-cdc-612,裙带菜(干)[海芥菜、海木耳],dried,china_cdc,reference_alias,alias_candidate_requires_review,pending
277,花生,cooked,china-cdc-761,花生(鲜)[落花生，长生果],unspecified,china_cdc,reference_alias,alias_candidate_requires_review,pending
277,花生,cooked,china-cdc-762,花生(炒),unspecified,china_cdc,reference_alias,alias_candidate_requires_review,pending
277,花生,cooked,china-cdc-776,花生(烤，勤俭牌),cooked,china_cdc,reference_alias,alias_candidate_requires_review,pending
277,花生,cooked,china-cdc-777,花生(烤，密日兴牌),cooked,china_cdc,reference_alias,alias_candidate_requires_review,pending
1836,生花生,unspecified,,,,,,no_exact_name_match,pending
1837,猪肝,unspecified,china-cdc-797,猪肝,unspecified,china_cdc,exact,exact_candidate,pending
1838,净鸽子,unspecified,,,,,,no_exact_name_match,pending
235,红椒,dried,,,,,,no_exact_name_match,pending
1840,草寇,unspecified,,,,,,no_exact_name_match,pending
1841,肉蔻,unspecified,,,,,,no_exact_name_match,pending
1842,凤梨馅,unspecified,,,,,,no_exact_name_match,pending
1843,火龙果,unspecified,china-cdc-734,火龙果[仙蜜果、红龙果],unspecified,china_cdc,reference_alias,alias_candidate_requires_review,pending
1844,绿奇异果,unspecified,,,,,,no_exact_name_match,pending
1845,海虾,unspecified,,,,,,no_exact_name_match,pending
1846,冷藏鲜牛奶,unspecified,,,,,,no_exact_name_match,pending
1847,圆糯米,unspecified,,,,,,no_exact_name_match,pending
1848,油条,unspecified,china-cdc-277,油条,unspecified,china_cdc,exact,exact_candidate,pending
1849,栀子粉,unspecified,,,,,,no_exact_name_match,pending
1850,盐焗鸡竹笋纸,unspecified,,,,,,no_exact_name_match,pending
593,海参,hydrated,china-cdc-1123,海参,unspecified,china_cdc,exact,form_state_requires_review,pending
1852,油发鱼肚,unspecified,,,,,,no_exact_name_match,pending
1853,蚕豆瓣,unspecified,,,,,,no_exact_name_match,pending
1854,六月鲜豆瓣酱,unspecified,,,,,,no_exact_name_match,pending
1157,无盐黄油,unspecified,,,,,,no_exact_name_match,pending
1856,青菜菜心,unspecified,,,,,,no_exact_name_match,pending
1857,新奥尔良烤粉,unspecified,,,,,,no_exact_name_match,pending
1858,烧烤蜜汁,unspecified,,,,,,no_exact_name_match,pending
1859,豌豆淀粉,unspecified,,,,,,no_exact_name_match,pending
1860,苏打粉,unspecified,,,,,,no_exact_name_match,pending
156,五花肉,cooked,,,,,,no_exact_name_match,pending
1862,水煮笋,unspecified,,,,,,no_exact_name_match,pending
1863,咸蛋,unspecified,,,,,,no_exact_name_match,pending
1864,鹰栗粉,unspecified,,,,,,no_exact_name_match,pending
1865,大豆油,unspecified,,,,,,no_exact_name_match,pending
1866,净鲫鱼,unspecified,,,,,,no_exact_name_match,pending
1867,清酒,unspecified,,,,,,no_exact_name_match,pending
1868,猪廋肉,unspecified,,,,,,no_exact_name_match,pending
1869,海天蚝油,unspecified,,,,,,no_exact_name_match,pending
1874,萝卜,unspecified,,,,,,no_exact_name_match,pending
1875,猪大肠,unspecified,china-cdc-790,猪大肠,unspecified,china_cdc,exact,exact_candidate,pending
1876,兑好的糖水,unspecified,,,,,,no_exact_name_match,pending
1878,虎虾,unspecified,,,,,,no_exact_name_match,pending
1879,菜干,unspecified,,,,,,no_exact_name_match,pending
1880,三角挞壳,unspecified,,,,,,no_exact_name_match,pending
1881,净三黄鸡,unspecified,,,,,,no_exact_name_match,pending
1882,糙米,unspecified,,,,,,no_exact_name_match,pending
1883,鲜活小龙虾,unspecified,,,,,,no_exact_name_match,pending
1885,麻糬预拌粉,unspecified,,,,,,no_exact_name_match,pending
1886,芝麻馅,unspecified,,,,,,no_exact_name_match,pending
1887,安佳芝士碎,unspecified,,,,,,no_exact_name_match,pending
1888,粗砂糖,unspecified,,,,,,no_exact_name_match,pending
1890,海鲈鱼,unspecified,,,,,,no_exact_name_match,pending
1893,橄榄,unspecified,china-cdc-731,橄榄(白榄),unspecified,china_cdc,reference_alias,alias_candidate_requires_review,pending
1894,鲜欧芹碎,unspecified,,,,,,no_exact_name_match,pending
1895,白腐乳,unspecified,,,,,,no_exact_name_match,pending
1896,法棍,unspecified,,,,,,no_exact_name_match,pending
1897,本港大鱿鱼,unspecified,,,,,,no_exact_name_match,pending
1899,猕猴桃果肉,unspecified,,,,,,no_exact_name_match,pending
1900,香蕉果肉,unspecified,,,,,,no_exact_name_match,pending
1902,整片的大白菜叶子,unspecified,,,,,,no_exact_name_match,pending
1904,肥肉丁,unspecified,,,,,,no_exact_name_match,pending
1905,蟹柳,unspecified,,,,,,no_exact_name_match,pending
1906,寿司紫菜,unspecified,,,,,,no_exact_name_match,pending
1907,酸梅酱,unspecified,,,,,,no_exact_name_match,pending
1908,速发干酵母,unspecified,,,,,,no_exact_name_match,pending
1909,孜然/孜然粉,unspecified,,,,,,no_exact_name_match,pending
1910,山楂糕,unspecified,,,,,,no_exact_name_match,pending
1911,速溶黑咖啡粉,unspecified,,,,,,no_exact_name_match,pending
1912,燕麦米,unspecified,,,,,,no_exact_name_match,pending
1433,桑葚,dried,china-cdc-693,桑葚(均值),unspecified,china_cdc,reference_alias,alias_candidate_requires_review,pending
1433,桑葚,dried,china-cdc-694,桑葚(白),unspecified,china_cdc,reference_alias,alias_candidate_requires_review,pending
1433,桑葚,dried,china-cdc-695,桑葚(红),unspecified,china_cdc,reference_alias,alias_candidate_requires_review,pending
1914,果蔬汁,unspecified,,,,,,no_exact_name_match,pending
1915,芝士焗榴莲,unspecified,,,,,,no_exact_name_match,pending
1917,大蒜头,unspecified,,,,,,no_exact_name_match,pending
1919,腌萝卜条,unspecified,china-cdc-1560,腌萝卜条,unspecified,china_cdc,exact,exact_candidate,pending
1920,咸鸭蛋黄,unspecified,,,,,,no_exact_name_match,pending
1923,老干妈酱,unspecified,,,,,,no_exact_name_match,pending
1924,桂鱼,unspecified,china-cdc-1026,鳜鱼[桂鱼，花鲫鱼],unspecified,china_cdc,reference_alias,alias_candidate_requires_review,pending
1925,牛腿肉,unspecified,,,,,,no_exact_name_match,pending
1927,长豆角,unspecified,,,,,,no_exact_name_match,pending
1928,酸豆角,unspecified,,,,,,no_exact_name_match,pending
1929,咸鸭蛋,unspecified,china-cdc-995,咸鸭蛋,unspecified,china_cdc,exact,exact_candidate,pending
1930,松花蛋,unspecified,,,,,,no_exact_name_match,pending
1931,叉烧包,unspecified,,,,,,no_exact_name_match,pending
1932,瘦牛肉馅,unspecified,,,,,,no_exact_name_match,pending
1933,凉白开水,unspecified,,,,,,no_exact_name_match,pending
1935,鳗鱼柳,unspecified,,,,,,no_exact_name_match,pending
1936,烧卖皮,unspecified,,,,,,no_exact_name_match,pending
1937,虾滑,unspecified,,,,,,no_exact_name_match,pending
1939,温热水,unspecified,,,,,,no_exact_name_match,pending
526,板栗仁,unspecified,,,,,,no_exact_name_match,pending
1942,嫩肉粉,unspecified,,,,,,no_exact_name_match,pending
1943,苏打饼干,unspecified,china-cdc-1323,苏打饼干,unspecified,china_cdc,exact,exact_candidate,pending
1944,黄色面包糠,unspecified,,,,,,no_exact_name_match,pending
1945,亚麻籽,unspecified,,,,,,no_exact_name_match,pending
1946,火鸡,unspecified,,,,,,no_exact_name_match,pending
1947,苹果酒,unspecified,china-cdc-1441,苹果酒(干型),unspecified,china_cdc,reference_alias,alias_candidate_requires_review,pending
1947,苹果酒,unspecified,china-cdc-1442,苹果酒(甜),unspecified,china_cdc,reference_alias,alias_candidate_requires_review,pending
1948,香橙,unspecified,,,,,,no_exact_name_match,pending
1950,水牛芝士,unspecified,,,,,,no_exact_name_match,pending
1951,帕马森芝士,unspecified,,,,,,no_exact_name_match,pending
1952,蛤蜊肉,unspecified,china-cdc-1120,蛤蜊(均值),unspecified,china_cdc,reference_alias,alias_candidate_requires_review,pending
1954,荔浦芋头,unspecified,,,,,,no_exact_name_match,pending
1955,辣椒圈,unspecified,,,,,,no_exact_name_match,pending
1956,绿茶粉,unspecified,,,,,,no_exact_name_match,pending
1957,鸭蛋黄,unspecified,china-cdc-992,鸭蛋黄,unspecified,china_cdc,exact,exact_candidate,pending
1958,散养童子鸡,unspecified,,,,,,no_exact_name_match,pending
1519,黑豆,unspecified,china-cdc-327,黑豆[黑大豆](干),dried,china_cdc,reference_alias,alias_candidate_requires_review,pending
1959,文昌鸡,unspecified,,,,,,no_exact_name_match,pending
910,香茅草,unspecified,,,,,,no_exact_name_match,pending
1960,甜辣酱,unspecified,,,,,,no_exact_name_match,pending
1961,黑珍珠,unspecified,,,,,,no_exact_name_match,pending
1962,橙皮,unspecified,,,,,,no_exact_name_match,pending
1963,文昌鸡肉,unspecified,,,,,,no_exact_name_match,pending
1965,珍珠马蹄,unspecified,,,,,,no_exact_name_match,pending
1966,NFC100%椰子水,unspecified,,,,,,no_exact_name_match,pending
241,咖喱,unspecified,,,,,,no_exact_name_match,pending
1970,掌中宝,unspecified,,,,,,no_exact_name_match,pending
1971,椒盐粉,unspecified,,,,,,no_exact_name_match,pending
1972,猪眉子肉,unspecified,,,,,,no_exact_name_match,pending
1973,白术,unspecified,,,,,,no_exact_name_match,pending
92,豆豉,dried,,,,,,no_exact_name_match,pending
1979,黄甜椒,unspecified,,,,,,no_exact_name_match,pending
1980,红,dried,,,,,,no_exact_name_match,pending
1982,猪血丸子,unspecified,,,,,,no_exact_name_match,pending
1983,葫芦瓜,unspecified,,,,,,no_exact_name_match,pending
1984,芥末,unspecified,,,,,,no_exact_name_match,pending
1985,葵花籽油,unspecified,china-cdc-1501,葵花籽油,unspecified,china_cdc,exact,exact_candidate,pending
1986,粗玉米面,unspecified,,,,,,no_exact_name_match,pending
1987,奥尔良烤鸡粉,unspecified,,,,,,no_exact_name_match,pending
1988,猪肋条肉,unspecified,,,,,,no_exact_name_match,pending
1989,白豆蔻,unspecified,,,,,,no_exact_name_match,pending
1991,鲢鱼,unspecified,china-cdc-1020,鲢鱼[白鲢，胖子，连子鱼],unspecified,china_cdc,reference_alias,alias_candidate_requires_review,pending
1633,嫩姜,unspecified,china-cdc-530,姜(子姜，鲜)[嫩姜],unspecified,china_cdc,reference_alias,alias_candidate_requires_review,pending
1993,山楂圈,unspecified,,,,,,no_exact_name_match,pending
1994,西柚,unspecified,china-cdc-713,葡萄柚(台湾)[西柚],unspecified,china_cdc,reference_alias,alias_candidate_requires_review,pending
1994,西柚,unspecified,china-cdc-714,葡萄柚(以色列)[西柚],unspecified,china_cdc,reference_alias,alias_candidate_requires_review,pending
1996,豆苗,unspecified,,,,,,no_exact_name_match,pending
1502,意大利面,unspecified,,,,,,no_exact_name_match,pending
1997,全脂奶粉,unspecified,china-cdc-937,全脂奶粉(雀巢),unspecified,china_cdc,reference_alias,alias_candidate_requires_review,pending
1997,全脂奶粉,unspecified,china-cdc-938,全脂奶粉(三鹿牌),unspecified,china_cdc,reference_alias,alias_candidate_requires_review,pending
1997,全脂奶粉,unspecified,china-cdc-939,全脂奶粉(伊利牌),unspecified,china_cdc,reference_alias,alias_candidate_requires_review,pending
1998,鱿鱼肉,unspecified,china-cdc-1130,鱿鱼(干)[台湾枪乌贼],dried,china_cdc,reference_alias,alias_candidate_requires_review,pending
1998,鱿鱼肉,unspecified,china-cdc-1131,鱿鱼(水浸),unspecified,china_cdc,reference_alias,alias_candidate_requires_review,pending
1999,鲜松茸,unspecified,,,,,,no_exact_name_match,pending
2000,鸡蛋白,unspecified,china-cdc-982,鸡蛋白,unspecified,china_cdc,exact,exact_candidate,pending
2002,比目鱼,unspecified,china-cdc-1049,鲆[片口鱼，比目鱼],unspecified,china_cdc,reference_alias,alias_candidate_requires_review,pending
2002,比目鱼,unspecified,china-cdc-1059,鲽[比目鱼，凸眼鱼],unspecified,china_cdc,reference_alias,alias_candidate_requires_review,pending
2003,古方红糖,unspecified,,,,,,no_exact_name_match,pending
2004,小米辣椒,unspecified,,,,,,no_exact_name_match,pending
866,竹荪,dried,china-cdc-603,竹荪(干)[竹笙、竹参],dried,china_cdc,reference_alias,alias_candidate_requires_review,pending
2006,绵砂糖,unspecified,,,,,,no_exact_name_match,pending
2007,固态猪油,unspecified,,,,,,no_exact_name_match,pending
2008,水发枸杞,unspecified,,,,,,no_exact_name_match,pending
2009,鸽蛋,unspecified,,,,,,no_exact_name_match,pending
2010,生牛腩,unspecified,,,,,,no_exact_name_match,pending
2011,冰激凌,unspecified,,,,,,no_exact_name_match,pending
2012,净鱿鱼,unspecified,,,,,,no_exact_name_match,pending
2013,红泰椒,unspecified,,,,,,no_exact_name_match,pending
2014,甘薯薯条,unspecified,,,,,,no_exact_name_match,pending
2016,蚕豆米,unspecified,,,,,,no_exact_name_match,pending
2017,小青豆,unspecified,,,,,,no_exact_name_match,pending
2019,筒子骨,unspecified,,,,,,no_exact_name_match,pending
2020,鱼,unspecified,china-cdc-1008,鱼（黄鳝）[鳝鱼],unspecified,china_cdc,reference_alias,alias_candidate_requires_review,pending
2020,鱼,unspecified,china-cdc-1016,鱼（银鱼）[面条鱼],unspecified,china_cdc,reference_alias,alias_candidate_requires_review,pending
2021,青柠,unspecified,,,,,,no_exact_name_match,pending
2022,铁根山药,unspecified,,,,,,no_exact_name_match,pending
2023,方便面,unspecified,china-cdc-1291,方便面,unspecified,china_cdc,exact,exact_candidate,pending
2025,豌豆苗,unspecified,china-cdc-401,豌豆苗,unspecified,china_cdc,exact,exact_candidate,pending
2028,细香葱,unspecified,china-cdc-442,细香葱[香葱，四季葱],unspecified,china_cdc,reference_alias,alias_candidate_requires_review,pending
2029,小苏打粉,unspecified,,,,,,no_exact_name_match,pending
2030,黑米粉,unspecified,,,,,,no_exact_name_match,pending
2031,薄盐生抽,unspecified,,,,,,no_exact_name_match,pending
2032,婴儿奶粉,unspecified,china-cdc-1150,婴儿奶粉(高钙，圣元牌),unspecified,china_cdc,reference_alias,alias_candidate_requires_review,pending
2033,章鱼干,unspecified,,,,,,no_exact_name_match,pending
2034,洪湖莲藕,unspecified,,,,,,no_exact_name_match,pending
2036,龙骨,unspecified,,,,,,no_exact_name_match,pending
2037,无糖芝麻粉,unspecified,,,,,,no_exact_name_match,pending
2039,鸭胸肉,unspecified,,,,,,no_exact_name_match,pending
2041,醉麸,unspecified,,,,,,no_exact_name_match,pending
2042,草鸡,unspecified,,,,,,no_exact_name_match,pending
2043,青麦仁,unspecified,,,,,,no_exact_name_match,pending
2044,松茸,dried,china-cdc-583,松蘑(干)[松口蘑，松茸],dried,china_cdc,reference_alias,alias_candidate_requires_review,pending
2046,面筋,unspecified,,,,,,no_exact_name_match,pending
2049,桂花蜜,unspecified,,,,,,no_exact_name_match,pending
2050,OK酱,unspecified,,,,,,no_exact_name_match,pending
2051,棉绳,unspecified,,,,,,no_exact_name_match,pending
2052,黄柠檬果肉,unspecified,,,,,,no_exact_name_match,pending
2053,橙子果肉,unspecified,,,,,,no_exact_name_match,pending
2054,黄柠檬,unspecified,,,,,,no_exact_name_match,pending
2055,西瓜挖球,unspecified,,,,,,no_exact_name_match,pending
2056,牛肚,cooked,china-cdc-834,牛肚,unspecified,china_cdc,exact,form_state_requires_review,pending
2058,藤椒油,unspecified,,,,,,no_exact_name_match,pending
2059,鲜黑木耳,unspecified,,,,,,no_exact_name_match,pending
2062,虾丸,unspecified,,,,,,no_exact_name_match,pending
2066,香葱结,unspecified,,,,,,no_exact_name_match,pending
2067,荸荠,unspecified,china-cdc-520,荸荠[马蹄，地栗](鲜),unspecified,china_cdc,reference_alias,alias_candidate_requires_review,pending
2068,碎冰糖,unspecified,,,,,,no_exact_name_match,pending
2069,蕃茄,unspecified,,,,,,no_exact_name_match,pending
2070,东北大酱,unspecified,,,,,,no_exact_name_match,pending
2071,龟苓膏粉,unspecified,,,,,,no_exact_name_match,pending
2075,细葱花,unspecified,,,,,,no_exact_name_match,pending
2076,烤麸,dried,china-cdc-349,烤麸,cooked,china_cdc,exact,form_state_requires_review,pending
2078,蒜蓉辣酱,unspecified,,,,,,no_exact_name_match,pending
662,黄豆,hydrated,china-cdc-326,黄豆[大豆],unspecified,china_cdc,reference_alias,alias_candidate_requires_review,pending
2081,内酯,unspecified,,,,,,no_exact_name_match,pending
2083,酥皮油,unspecified,,,,,,no_exact_name_match,pending
2084,香草荚,unspecified,,,,,,no_exact_name_match,pending
1571,黑啤,unspecified,,,,,,no_exact_name_match,pending
2085,味霖,unspecified,,,,,,no_exact_name_match,pending
2086,金桔,unspecified,,,,,,no_exact_name_match,pending
2088,浓缩柠檬汁,unspecified,,,,,,no_exact_name_match,pending
447,糯米,hydrated,china-cdc-285,糯米[江米](均值),unspecified,china_cdc,reference_alias,alias_candidate_requires_review,pending
743,牛腩,cooked,,,,,,no_exact_name_match,pending
2091,原味薯片,unspecified,,,,,,no_exact_name_match,pending
2093,短粒糯米,unspecified,,,,,,no_exact_name_match,pending
2099,鸡胗,unspecified,china-cdc-887,鸡肫[鸡胗],unspecified,china_cdc,reference_alias,alias_candidate_requires_review,pending
2100,水发莲子,unspecified,,,,,,no_exact_name_match,pending
2101,米肠,unspecified,,,,,,no_exact_name_match,pending
2102,树莓,unspecified,,,,,,no_exact_name_match,pending
2104,香茅,unspecified,,,,,,no_exact_name_match,pending
2105,香水柠檬,unspecified,,,,,,no_exact_name_match,pending
2106,小米辣圈,unspecified,,,,,,no_exact_name_match,pending
1873,嫩仔鸡,unspecified,,,,,,no_exact_name_match,pending
2107,甜椒粉,unspecified,,,,,,no_exact_name_match,pending
2109,烧酒,unspecified,,,,,,no_exact_name_match,pending
2110,烤肉酱汁,unspecified,,,,,,no_exact_name_match,pending
2114,梅干菜干,unspecified,,,,,,no_exact_name_match,pending
2115,羊肉串半成品,unspecified,,,,,,no_exact_name_match,pending
2117,肉丸,cooked,,,,,,no_exact_name_match,pending
2119,香菜梗,unspecified,,,,,,no_exact_name_match,pending
2120,茶叶,unspecified,,,,,,no_exact_name_match,pending
2121,三色藜麦,unspecified,,,,,,no_exact_name_match,pending
2122,罗氏虾,unspecified,,,,,,no_exact_name_match,pending
2123,蒲菜,unspecified,china-cdc-517,蒲菜[香蒲，甘蒲，野茭白](鲜),unspecified,china_cdc,reference_alias,alias_candidate_requires_review,pending
2124,蕃茄膏,unspecified,,,,,,no_exact_name_match,pending
2125,细白砂糖,unspecified,,,,,,no_exact_name_match,pending
2127,薏苡仁,unspecified,,,,,,no_exact_name_match,pending
2128,鸡脚,unspecified,,,,,,no_exact_name_match,pending
2129,猪展肉,unspecified,,,,,,no_exact_name_match,pending
2130,老母鸡,unspecified,,,,,,no_exact_name_match,pending
2131,80头干瑶柱,unspecified,,,,,,no_exact_name_match,pending
2132,响螺,unspecified,,,,,,no_exact_name_match,pending
817,石斛,dried,,,,,,no_exact_name_match,pending
2134,西洋参片,unspecified,,,,,,no_exact_name_match,pending
2136,鲥鱼,unspecified,,,,,,no_exact_name_match,pending
2138,拍蒜粒,unspecified,,,,,,no_exact_name_match,pending
2139,西冷牛肉片,unspecified,,,,,,no_exact_name_match,pending
2140,红小番茄,unspecified,,,,,,no_exact_name_match,pending
2141,红咖喱酱,unspecified,,,,,,no_exact_name_match,pending
2142,老豆角,unspecified,,,,,,no_exact_name_match,pending
2143,红星二锅头,unspecified,,,,,,no_exact_name_match,pending
2145,薏苡仁粉,unspecified,,,,,,no_exact_name_match,pending
2146,小饼干,unspecified,,,,,,no_exact_name_match,pending
2147,甜菜根,unspecified,china-cdc-384,甜菜根[甜菜头，糖萝卜](鲜),unspecified,china_cdc,reference_alias,alias_candidate_requires_review,pending
2148,黑豆浆,unspecified,,,,,,no_exact_name_match,pending
2149,目鱼花,unspecified,,,,,,no_exact_name_match,pending
2150,红黄绿彩椒块,unspecified,,,,,,no_exact_name_match,pending
2151,笋壳鱼,unspecified,,,,,,no_exact_name_match,pending
2152,纯椰子水,unspecified,,,,,,no_exact_name_match,pending
2153,六月黄母蟹,cooked,,,,,,no_exact_name_match,pending
2155,鸡头米,unspecified,china-cdc-775,芡实米(鲜)[鸡头米],unspecified,china_cdc,reference_alias,alias_candidate_requires_review,pending
2158,墨鱼丸,unspecified,china-cdc-1135,墨鱼丸,unspecified,china_cdc,exact,exact_candidate,pending
2159,黄节瓜,unspecified,,,,,,no_exact_name_match,pending
2160,绿节瓜,unspecified,,,,,,no_exact_name_match,pending
2161,东北酸菜,unspecified,,,,,,no_exact_name_match,pending
2162,玉兰片,unspecified,china-cdc-505,玉兰片,unspecified,china_cdc,exact,exact_candidate,pending
2163,肥牛片,unspecified,,,,,,no_exact_name_match,pending
2165,味淋,unspecified,,,,,,no_exact_name_match,pending
2166,牛丼调味汁,unspecified,,,,,,no_exact_name_match,pending
2167,中粉,unspecified,,,,,,no_exact_name_match,pending
2168,甜酒酿,unspecified,,,,,,no_exact_name_match,pending
2169,粗辣椒粉,unspecified,,,,,,no_exact_name_match,pending
2170,黑胡椒汁,unspecified,,,,,,no_exact_name_match,pending
2172,青杭椒,unspecified,,,,,,no_exact_name_match,pending
2173,藤椒,unspecified,,,,,,no_exact_name_match,pending
2175,咸鸭蛋蛋清,unspecified,,,,,,no_exact_name_match,pending
713,豌豆,dried,china-cdc-368,豌豆(干),dried,china_cdc,reference_alias,alias_candidate_requires_review,pending
713,豌豆,dried,china-cdc-393,"豌豆(带荚,鲜)[回回豆]",unspecified,china_cdc,reference_alias,alias_candidate_requires_review,pending
2177,尖包菜,unspecified,,,,,,no_exact_name_match,pending
2178,老干妈风味豆豉,unspecified,,,,,,no_exact_name_match,pending
2179,鸡琵琶腿,unspecified,,,,,,no_exact_name_match,pending
2181,虾头,unspecified,,,,,,no_exact_name_match,pending
2182,虾尾,unspecified,,,,,,no_exact_name_match,pending
2184,保肋肉,unspecified,,,,,,no_exact_name_match,pending
2185,鲜虾吐司,unspecified,,,,,,no_exact_name_match,pending
2186,黑白芝麻,unspecified,,,,,,no_exact_name_match,pending
2187,广东菜心,unspecified,,,,,,no_exact_name_match,pending
2188,白桃果肉,unspecified,,,,,,no_exact_name_match,pending
2189,气泡水,unspecified,,,,,,no_exact_name_match,pending
2190,青花椒油,unspecified,,,,,,no_exact_name_match,pending
2191,即溶干酵母,unspecified,,,,,,no_exact_name_match,pending
2192,红加仑葡萄干,unspecified,,,,,,no_exact_name_match,pending
2193,杏仁果碎,unspecified,,,,,,no_exact_name_match,pending
2194,珍珠糖,unspecified,,,,,,no_exact_name_match,pending
2195,冬菜末,unspecified,,,,,,no_exact_name_match,pending
2197,河虾仁,unspecified,,,,,,no_exact_name_match,pending
2198,水发猪皮,unspecified,,,,,,no_exact_name_match,pending
2200,白芝麻酱,unspecified,,,,,,no_exact_name_match,pending
2201,甜豉油,unspecified,,,,,,no_exact_name_match,pending
2203,可可豆,unspecified,,,,,,no_exact_name_match,pending
