ingredient_id,ingredient_name,form,candidate_reference_id,candidate_name,candidate_form,source_dataset,match_method,candidate_rank,reason,review_status
2,红枣肉,unspecified,,,,,multilingual_embedding_model_review,,no_exact_usda_identity_match,pending
3,冰糖,unspecified,,,,,multilingual_embedding_model_review,,no_exact_usda_identity_match,pending
4,罗汉果,unspecified,,,,,multilingual_embedding_model_review,,no_exact_usda_identity_match,pending
5,川贝粉,unspecified,,,,,multilingual_embedding_model_review,,no_exact_usda_identity_match,pending
8,蝴蝶面,unspecified,,,,,multilingual_embedding_model_review,,no_exact_usda_identity_match,pending
14,迷迭香,unspecified,usda-fdc-173473,"Rosemary, fresh",unspecified,usda_sr_legacy,multilingual_embedding_model_review,1,usda_identity_and_form_requires_owner_review,pending
811,马苏里拉奶酪,unspecified,usda-fdc-170845,"Cheese, mozzarella, whole milk",unspecified,usda_sr_legacy,multilingual_embedding_model_review,2,usda_identity_and_form_requires_owner_review,pending
17,盐,unspecified,usda-fdc-173468,"Salt, table",unspecified,usda_sr_legacy,multilingual_embedding_model_review,1,usda_identity_and_form_requires_owner_review,pending
19,黑胡椒,unspecified,usda-fdc-170931,"Spices, pepper, black",unspecified,usda_sr_legacy,multilingual_embedding_model_review,1,usda_identity_and_form_requires_owner_review,pending
20,橄榄油,unspecified,usda-fdc-171413,"Oil, olive, salad or cooking",unspecified,usda_sr_legacy,multilingual_embedding_model_review,3,usda_identity_and_form_requires_owner_review,pending
23,圆椒,unspecified,usda-fdc-2258588,"Peppers, bell, green, raw",raw,usda_foundation,multilingual_embedding_model_review,3,usda_identity_and_form_requires_owner_review,pending
24,红彩椒,unspecified,usda-fdc-2258590,"Peppers, bell, red, raw",raw,usda_foundation,multilingual_embedding_model_review,1,usda_identity_and_form_requires_owner_review,pending
25,烧烤粉,unspecified,,,,,multilingual_embedding_model_review,,no_exact_usda_identity_match,pending
26,辣椒粉,unspecified,usda-fdc-171319,"Spices, chili powder",unspecified,usda_sr_legacy,multilingual_embedding_model_review,1,usda_identity_and_form_requires_owner_review,pending
27,孜然粉,unspecified,usda-fdc-170923,"Spices, cumin seed",unspecified,usda_sr_legacy,multilingual_embedding_model_review,1,usda_identity_and_form_requires_owner_review,pending
28,食用油,unspecified,,,,,multilingual_embedding_model_review,,no_exact_usda_identity_match,pending
36,蒸鱼豉油,unspecified,,,,,multilingual_embedding_model_review,,no_exact_usda_identity_match,pending
39,红枣,unspecified,usda-fdc-168152,"Jujube, Chinese, fresh, dried",dried,usda_sr_legacy,multilingual_embedding_model_review,2,usda_identity_and_form_requires_owner_review,pending
40,红糖,unspecified,usda-fdc-168833,"Sugars, brown",unspecified,usda_sr_legacy,multilingual_embedding_model_review,1,usda_identity_and_form_requires_owner_review,pending
41,水,unspecified,usda-fdc-173647,"Beverages, water, tap, drinking",unspecified,usda_sr_legacy,multilingual_embedding_model_review,2,usda_identity_and_form_requires_owner_review,pending
42,蛋清,unspecified,usda-fdc-172183,"Egg, white, raw, fresh",raw,usda_sr_legacy,multilingual_embedding_model_review,3,usda_identity_and_form_requires_owner_review,pending
97,白糖,unspecified,usda-fdc-169655,"Sugars, granulated",unspecified,usda_sr_legacy,multilingual_embedding_model_review,9,usda_identity_and_form_requires_owner_review,pending
47,低筋粉,unspecified,usda-fdc-169723,"Wheat flour, white, cake, enriched",unspecified,usda_sr_legacy,multilingual_embedding_model_review,8,usda_identity_and_form_requires_owner_review,pending
48,淀粉,unspecified,usda-fdc-169698,Cornstarch,unspecified,usda_sr_legacy,multilingual_embedding_model_review,1,usda_identity_and_form_requires_owner_review,pending
50,蒜,unspecified,usda-fdc-1104647,"Garlic, raw",raw,usda_foundation,multilingual_embedding_model_review,1,usda_identity_and_form_requires_owner_review,pending
52,蚝油,unspecified,usda-fdc-174529,"Sauce, oyster, ready-to-serve",unspecified,usda_sr_legacy,multilingual_embedding_model_review,1,usda_identity_and_form_requires_owner_review,pending
53,猪里脊肉,unspecified,usda-fdc-2646169,"Pork, loin, tenderloin, boneless, raw",raw,usda_foundation,multilingual_embedding_model_review,2,usda_identity_and_form_requires_owner_review,pending
55,面包糠,unspecified,,,,,multilingual_embedding_model_review,,no_exact_usda_identity_match,pending
57,日式酱油,unspecified,usda-fdc-174277,Soy sauce made from soy and wheat (shoyu),unspecified,usda_sr_legacy,multilingual_embedding_model_review,2,usda_identity_and_form_requires_owner_review,pending
58,面粉,unspecified,usda-fdc-169761,"Wheat flour, white, all-purpose, unenriched",unspecified,usda_sr_legacy,multilingual_embedding_model_review,10,usda_identity_and_form_requires_owner_review,pending
62,花椒粉,unspecified,,,,,multilingual_embedding_model_review,,no_exact_usda_identity_match,pending
65,小葱,unspecified,usda-fdc-170005,"Onions, spring or scallions (includes tops and bulb), raw",raw,usda_sr_legacy,multilingual_embedding_model_review,2,usda_identity_and_form_requires_owner_review,pending
67,红心火龙果,unspecified,,,,,multilingual_embedding_model_review,,no_exact_usda_identity_match,pending
68,纯牛奶,unspecified,usda-fdc-171265,"Milk, whole, 3.25% milkfat, with added vitamin D",unspecified,usda_sr_legacy,multilingual_embedding_model_review,17,usda_identity_and_form_requires_owner_review,pending
73,鲜牛排,unspecified,usda-fdc-2727573,"Beef, tenderloin steak, raw",raw,usda_foundation,multilingual_embedding_model_review,1,usda_identity_and_form_requires_owner_review,pending
75,小黄瓜,unspecified,usda-fdc-2346406,"Cucumber, with peel, raw",raw,usda_foundation,multilingual_embedding_model_review,2,usda_identity_and_form_requires_owner_review,pending
77,菠萝醋,unspecified,,,,,multilingual_embedding_model_review,,no_exact_usda_identity_match,pending
83,辣白菜,unspecified,usda-fdc-170392,"Cabbage, kimchi",unspecified,usda_sr_legacy,multilingual_embedding_model_review,1,usda_identity_and_form_requires_owner_review,pending
86,香干,unspecified,,,,,multilingual_embedding_model_review,,no_exact_usda_identity_match,pending
87,韩式辣酱,unspecified,,,,,multilingual_embedding_model_review,,no_exact_usda_identity_match,pending
88,米醋,unspecified,,,,,multilingual_embedding_model_review,,no_exact_usda_identity_match,pending
91,排骨,unspecified,usda-fdc-167853,"Pork, fresh, spareribs, separable lean and fat, raw",raw,usda_sr_legacy,multilingual_embedding_model_review,7,usda_identity_and_form_requires_owner_review,pending
92,豆豉,unspecified,,,,,multilingual_embedding_model_review,,no_exact_usda_identity_match,pending
48,淀粉,dried,usda-fdc-169698,Cornstarch,unspecified,usda_sr_legacy,multilingual_embedding_model_review,1,usda_identity_and_form_requires_owner_review,pending
96,鸡粉,unspecified,usda-fdc-171562,"Soup, chicken broth or bouillon, dry",unspecified,usda_sr_legacy,multilingual_embedding_model_review,3,usda_identity_and_form_requires_owner_review,pending
100,水淀粉,unspecified,,,,,multilingual_embedding_model_review,,no_exact_usda_identity_match,pending
101,花蛤,unspecified,usda-fdc-174214,"Mollusks, clam, mixed species, raw",raw,usda_sr_legacy,multilingual_embedding_model_review,1,usda_identity_and_form_requires_owner_review,pending
103,蒜蓉辣椒酱,unspecified,usda-fdc-171186,"Sauce, hot chile, sriracha",unspecified,usda_sr_legacy,multilingual_embedding_model_review,3,usda_identity_and_form_requires_owner_review,pending
104,红豆,unspecified,usda-fdc-173727,"Beans, adzuki, mature seeds, raw",raw,usda_sr_legacy,multilingual_embedding_model_review,1,usda_identity_and_form_requires_owner_review,pending
120,低筋面粉,unspecified,usda-fdc-169723,"Wheat flour, white, cake, enriched",unspecified,usda_sr_legacy,multilingual_embedding_model_review,8,usda_identity_and_form_requires_owner_review,pending
121,糖粉,unspecified,usda-fdc-169656,"Sugars, powdered",unspecified,usda_sr_legacy,multilingual_embedding_model_review,1,usda_identity_and_form_requires_owner_review,pending
123,泡打粉,unspecified,usda-fdc-172805,"Leavening agents, baking powder, low-sodium",unspecified,usda_sr_legacy,multilingual_embedding_model_review,4,usda_identity_and_form_requires_owner_review,pending
124,小鲍鱼,unspecified,usda-fdc-174212,"Mollusks, abalone, mixed species, raw",raw,usda_sr_legacy,multilingual_embedding_model_review,1,usda_identity_and_form_requires_owner_review,pending
126,惠灵顿牛排,unspecified,,,,,multilingual_embedding_model_review,,no_exact_usda_identity_match,pending
128,鸡蛋黄液,unspecified,usda-fdc-172184,"Egg, yolk, raw, fresh",raw,usda_sr_legacy,multilingual_embedding_model_review,3,usda_identity_and_form_requires_owner_review,pending
129,红茶包,unspecified,,,,,multilingual_embedding_model_review,,no_exact_usda_identity_match,pending
130,焦糖酱,unspecified,usda-fdc-168841,"Toppings, butterscotch or caramel",unspecified,usda_sr_legacy,multilingual_embedding_model_review,3,usda_identity_and_form_requires_owner_review,pending
131,吉利丁粉,unspecified,usda-fdc-169599,"Gelatins, dry powder, unsweetened",unspecified,usda_sr_legacy,multilingual_embedding_model_review,1,usda_identity_and_form_requires_owner_review,pending
132,淡奶油,unspecified,usda-fdc-170859,"Cream, fluid, heavy whipping",unspecified,usda_sr_legacy,multilingual_embedding_model_review,2,usda_identity_and_form_requires_owner_review,pending
133,细砂糖,unspecified,usda-fdc-169655,"Sugars, granulated",unspecified,usda_sr_legacy,multilingual_embedding_model_review,1,usda_identity_and_form_requires_owner_review,pending
135,肉末,unspecified,,,,,multilingual_embedding_model_review,,no_exact_usda_identity_match,pending
136,烧麦皮,unspecified,,,,,multilingual_embedding_model_review,,no_exact_usda_identity_match,pending
137,梅干菜,unspecified,usda-fdc-169891,"Cabbage, mustard, salted",unspecified,usda_sr_legacy,multilingual_embedding_model_review,9,usda_identity_and_form_requires_owner_review,pending
138,猪五花肉,unspecified,usda-fdc-167812,"Pork, fresh, belly, raw",raw,usda_sr_legacy,multilingual_embedding_model_review,2,usda_identity_and_form_requires_owner_review,pending
141,桂皮,unspecified,usda-fdc-171320,"Spices, cinnamon, ground",unspecified,usda_sr_legacy,multilingual_embedding_model_review,9,usda_identity_and_form_requires_owner_review,pending
142,八角,unspecified,,,,,multilingual_embedding_model_review,,no_exact_usda_identity_match,pending
144,西米,unspecified,,,,,multilingual_embedding_model_review,,no_exact_usda_identity_match,pending
145,西芹,unspecified,usda-fdc-2346405,"Celery, raw",raw,usda_foundation,multilingual_embedding_model_review,1,usda_identity_and_form_requires_owner_review,pending
146,蒜瓣,unspecified,usda-fdc-1104647,"Garlic, raw",raw,usda_foundation,multilingual_embedding_model_review,2,usda_identity_and_form_requires_owner_review,pending
147,白芝麻,unspecified,usda-fdc-170150,"Seeds, sesame seeds, whole, dried",dried,usda_sr_legacy,multilingual_embedding_model_review,4,usda_identity_and_form_requires_owner_review,pending
149,鸡中翅,unspecified,usda-fdc-2727568,"Chicken, wing, meat and skin, raw",raw,usda_foundation,multilingual_embedding_model_review,2,usda_identity_and_form_requires_owner_review,pending
153,老酸奶,unspecified,usda-fdc-170903,"Yogurt, Greek, plain, lowfat",unspecified,usda_sr_legacy,multilingual_embedding_model_review,1,usda_identity_and_form_requires_owner_review,pending
154,柠檬汁,unspecified,usda-fdc-167747,"Lemon juice, raw",raw,usda_sr_legacy,multilingual_embedding_model_review,1,usda_identity_and_form_requires_owner_review,pending
156,五花肉,unspecified,usda-fdc-167812,"Pork, fresh, belly, raw",raw,usda_sr_legacy,multilingual_embedding_model_review,2,usda_identity_and_form_requires_owner_review,pending
157,猪后腿肉,unspecified,usda-fdc-168371,"Pork, Leg sirloin tip roast, boneless, separable lean and fat, raw",raw,usda_sr_legacy,multilingual_embedding_model_review,5,usda_identity_and_form_requires_owner_review,pending
158,青线椒,unspecified,usda-fdc-170497,"Peppers, hot chili, green, raw",raw,usda_sr_legacy,multilingual_embedding_model_review,1,usda_identity_and_form_requires_owner_review,pending
159,红线椒,unspecified,usda-fdc-170106,"Peppers, hot chili, red, raw",raw,usda_sr_legacy,multilingual_embedding_model_review,1,usda_identity_and_form_requires_owner_review,pending
160,阿胶粉,unspecified,,,,,multilingual_embedding_model_review,,no_exact_usda_identity_match,pending
161,和田大枣肉,unspecified,usda-fdc-168152,"Jujube, Chinese, fresh, dried",dried,usda_sr_legacy,multilingual_embedding_model_review,1,usda_identity_and_form_requires_owner_review,pending
163,黑芝麻,unspecified,usda-fdc-170150,"Seeds, sesame seeds, whole, dried",dried,usda_sr_legacy,multilingual_embedding_model_review,6,usda_identity_and_form_requires_owner_review,pending
165,冰糖粉,unspecified,usda-fdc-169656,"Sugars, powdered",unspecified,usda_sr_legacy,multilingual_embedding_model_review,1,usda_identity_and_form_requires_owner_review,pending
168,大蒜粉,unspecified,usda-fdc-171325,"Spices, garlic powder",unspecified,usda_sr_legacy,multilingual_embedding_model_review,1,usda_identity_and_form_requires_owner_review,pending
170,糯米粉,unspecified,usda-fdc-1104867,"Flour, rice, glutinous",unspecified,usda_foundation,multilingual_embedding_model_review,1,usda_identity_and_form_requires_owner_review,pending
171,坚果,unspecified,,,,,multilingual_embedding_model_review,,no_exact_usda_identity_match,pending
174,杏仁粉,unspecified,usda-fdc-2261420,"Flour, almond",unspecified,usda_foundation,multilingual_embedding_model_review,1,usda_identity_and_form_requires_owner_review,pending
175,水果,unspecified,,,,,multilingual_embedding_model_review,,no_exact_usda_identity_match,pending
180,梅子,unspecified,usda-fdc-169949,"Plums, raw",raw,usda_sr_legacy,multilingual_embedding_model_review,1,usda_identity_and_form_requires_owner_review,pending
183,官燕盏,unspecified,,,,,multilingual_embedding_model_review,,no_exact_usda_identity_match,pending
184,矿泉水,unspecified,usda-fdc-174158,"Water, bottled, generic",unspecified,usda_sr_legacy,multilingual_embedding_model_review,3,usda_identity_and_form_requires_owner_review,pending
185,黄冰糖,unspecified,usda-fdc-168833,"Sugars, brown",unspecified,usda_sr_legacy,multilingual_embedding_model_review,1,usda_identity_and_form_requires_owner_review,pending
187,水发香菇,unspecified,usda-fdc-168436,"Mushrooms, shiitake, dried",dried,usda_sr_legacy,multilingual_embedding_model_review,4,usda_identity_and_form_requires_owner_review,pending
192,巴沙鱼,unspecified,,,,,multilingual_embedding_model_review,,no_exact_usda_identity_match,pending
193,白胡椒粉,unspecified,usda-fdc-170933,"Spices, pepper, white",unspecified,usda_sr_legacy,multilingual_embedding_model_review,1,usda_identity_and_form_requires_owner_review,pending
194,小米椒,unspecified,,,,,multilingual_embedding_model_review,,no_exact_usda_identity_match,pending
196,日本豆腐,unspecified,,,,,multilingual_embedding_model_review,,no_exact_usda_identity_match,pending
197,鸽子,unspecified,usda-fdc-171079,"Squab, (pigeon), meat only, raw",raw,usda_sr_legacy,multilingual_embedding_model_review,9,usda_identity_and_form_requires_owner_review,pending
200,天麻片,unspecified,,,,,multilingual_embedding_model_review,,no_exact_usda_identity_match,pending
202,白菜,unspecified,usda-fdc-169979,"Cabbage, chinese (pe-tsai), raw",raw,usda_sr_legacy,multilingual_embedding_model_review,8,usda_identity_and_form_requires_owner_review,pending
203,酵母粉,unspecified,,,,,multilingual_embedding_model_review,,no_exact_usda_identity_match,pending
205,水发木耳,unspecified,usda-fdc-168581,"Fungi, Cloud ears, dried",dried,usda_sr_legacy,multilingual_embedding_model_review,8,usda_identity_and_form_requires_owner_review,pending
206,牛里脊肉,unspecified,usda-fdc-2727573,"Beef, tenderloin steak, raw",raw,usda_foundation,multilingual_embedding_model_review,1,usda_identity_and_form_requires_owner_review,pending
207,鸡蛋清,unspecified,usda-fdc-172183,"Egg, white, raw, fresh",raw,usda_sr_legacy,multilingual_embedding_model_review,3,usda_identity_and_form_requires_owner_review,pending
210,葱白,unspecified,usda-fdc-170005,"Onions, spring or scallions (includes tops and bulb), raw",raw,usda_sr_legacy,multilingual_embedding_model_review,3,usda_identity_and_form_requires_owner_review,pending
212,红辣椒,unspecified,usda-fdc-170106,"Peppers, hot chili, red, raw",raw,usda_sr_legacy,multilingual_embedding_model_review,1,usda_identity_and_form_requires_owner_review,pending
214,绿辣椒丝,unspecified,usda-fdc-170497,"Peppers, hot chili, green, raw",raw,usda_sr_legacy,multilingual_embedding_model_review,4,usda_identity_and_form_requires_owner_review,pending
218,豆皮,unspecified,,,,,multilingual_embedding_model_review,,no_exact_usda_identity_match,pending
219,尖椒,unspecified,usda-fdc-2747662,"Peppers, poblano, seeded, raw",raw,usda_foundation,multilingual_embedding_model_review,10,usda_identity_and_form_requires_owner_review,pending
220,饺子皮,unspecified,usda-fdc-172802,Wonton wrappers (includes egg roll wrappers),unspecified,usda_sr_legacy,multilingual_embedding_model_review,3,usda_identity_and_form_requires_owner_review,pending
228,烤肉酱,unspecified,usda-fdc-174523,"Sauce, barbecue",unspecified,usda_sr_legacy,multilingual_embedding_model_review,1,usda_identity_and_form_requires_owner_review,pending
231,对虾,unspecified,usda-fdc-175179,"Crustaceans, shrimp, raw",raw,usda_sr_legacy,multilingual_embedding_model_review,5,usda_identity_and_form_requires_owner_review,pending
233,贝,dried,,,,,multilingual_embedding_model_review,,no_exact_usda_identity_match,pending
235,红椒,unspecified,usda-fdc-2258590,"Peppers, bell, red, raw",raw,usda_foundation,multilingual_embedding_model_review,1,usda_identity_and_form_requires_owner_review,pending
237,蒸鱼鼓油,unspecified,,,,,multilingual_embedding_model_review,,no_exact_usda_identity_match,pending
238,花甲,unspecified,usda-fdc-174214,"Mollusks, clam, mixed species, raw",raw,usda_sr_legacy,multilingual_embedding_model_review,1,usda_identity_and_form_requires_owner_review,pending
111,纯净水,unspecified,usda-fdc-174158,"Water, bottled, generic",unspecified,usda_sr_legacy,multilingual_embedding_model_review,4,usda_identity_and_form_requires_owner_review,pending
113,小龙虾,unspecified,usda-fdc-174206,"Crustaceans, crayfish, mixed species, wild, raw",raw,usda_sr_legacy,multilingual_embedding_model_review,1,usda_identity_and_form_requires_owner_review,pending
242,咖喱块,unspecified,,,,,multilingual_embedding_model_review,,no_exact_usda_identity_match,pending
243,中筋面粉,unspecified,usda-fdc-789951,"Flour, wheat, all-purpose, enriched, unbleached",unspecified,usda_foundation,multilingual_embedding_model_review,1,usda_identity_and_form_requires_owner_review,pending
246,胡桃仁,unspecified,usda-fdc-170187,"Nuts, walnuts, english",unspecified,usda_sr_legacy,multilingual_embedding_model_review,2,usda_identity_and_form_requires_owner_review,pending
247,芝麻,unspecified,usda-fdc-170150,"Seeds, sesame seeds, whole, dried",dried,usda_sr_legacy,multilingual_embedding_model_review,5,usda_identity_and_form_requires_owner_review,pending
248,梭子蟹,unspecified,usda-fdc-174204,"Crustaceans, crab, blue, raw",raw,usda_sr_legacy,multilingual_embedding_model_review,2,usda_identity_and_form_requires_owner_review,pending
249,高筋面粉,unspecified,usda-fdc-168913,"Wheat flours, bread, unenriched",unspecified,usda_sr_legacy,multilingual_embedding_model_review,14,usda_identity_and_form_requires_owner_review,pending
252,芝士粉,unspecified,,,,,multilingual_embedding_model_review,,no_exact_usda_identity_match,pending
255,瘦肉,unspecified,,,,,multilingual_embedding_model_review,,no_exact_usda_identity_match,pending
259,小芋头,unspecified,usda-fdc-169308,"Taro, raw",raw,usda_sr_legacy,multilingual_embedding_model_review,1,usda_identity_and_form_requires_owner_review,pending
261,鸡胸肉,unspecified,usda-fdc-2646170,"Chicken, breast, boneless, skinless, raw",raw,usda_foundation,multilingual_embedding_model_review,14,usda_identity_and_form_requires_owner_review,pending
262,香草碎,unspecified,,,,,multilingual_embedding_model_review,,no_exact_usda_identity_match,pending
264,鸡翅根,unspecified,,,,,multilingual_embedding_model_review,,no_exact_usda_identity_match,pending
265,新奥尔良粉,unspecified,,,,,multilingual_embedding_model_review,,no_exact_usda_identity_match,pending
266,鹌鹑蛋,unspecified,usda-fdc-172191,"Egg, quail, whole, fresh, raw",raw,usda_sr_legacy,multilingual_embedding_model_review,1,usda_identity_and_form_requires_owner_review,pending
267,培根,unspecified,usda-fdc-168277,"Pork, cured, bacon, unprepared",unspecified,usda_sr_legacy,multilingual_embedding_model_review,8,usda_identity_and_form_requires_owner_review,pending
270,黑胡椒粉,unspecified,usda-fdc-170931,"Spices, pepper, black",unspecified,usda_sr_legacy,multilingual_embedding_model_review,1,usda_identity_and_form_requires_owner_review,pending
272,腌制酸黄瓜,unspecified,usda-fdc-169379,"Pickles, cucumber, sour",unspecified,usda_sr_legacy,multilingual_embedding_model_review,1,usda_identity_and_form_requires_owner_review,pending
273,八珍粉,unspecified,,,,,multilingual_embedding_model_review,,no_exact_usda_identity_match,pending
274,粘米粉,unspecified,usda-fdc-169714,"Rice flour, white, unenriched",unspecified,usda_sr_legacy,multilingual_embedding_model_review,4,usda_identity_and_form_requires_owner_review,pending
163,黑芝麻,cooked,usda-fdc-170151,"Seeds, sesame seeds, whole, roasted and toasted",cooked,usda_sr_legacy,multilingual_embedding_model_review,8,usda_identity_and_form_requires_owner_review,pending
284,香叶,unspecified,usda-fdc-170917,"Spices, bay leaf",unspecified,usda_sr_legacy,multilingual_embedding_model_review,1,usda_identity_and_form_requires_owner_review,pending
212,红辣椒,dried,usda-fdc-168570,"Peppers, hot chile, sun-dried",dried,usda_sr_legacy,multilingual_embedding_model_review,3,usda_identity_and_form_requires_owner_review,pending
288,照烧汁,unspecified,usda-fdc-171167,"Sauce, teriyaki, ready-to-serve",unspecified,usda_sr_legacy,multilingual_embedding_model_review,1,usda_identity_and_form_requires_owner_review,pending
292,牛肋条,unspecified,usda-fdc-169439,"Beef, rib, shortribs, separable lean and fat, choice, raw",raw,usda_sr_legacy,multilingual_embedding_model_review,1,usda_identity_and_form_requires_owner_review,pending
294,白芷,unspecified,,,,,multilingual_embedding_model_review,,no_exact_usda_identity_match,pending
295,山奈,unspecified,,,,,multilingual_embedding_model_review,,no_exact_usda_identity_match,pending
298,大虾干,unspecified,,,,,multilingual_embedding_model_review,,no_exact_usda_identity_match,pending
300,黄花鱼,unspecified,usda-fdc-174192,"Fish, croaker, Atlantic, raw",raw,usda_sr_legacy,multilingual_embedding_model_review,2,usda_identity_and_form_requires_owner_review,pending
301,橘皮,unspecified,usda-fdc-169103,"Orange peel, raw",raw,usda_sr_legacy,multilingual_embedding_model_review,1,usda_identity_and_form_requires_owner_review,pending
302,茯苓,unspecified,,,,,multilingual_embedding_model_review,,no_exact_usda_identity_match,pending
304,葛根,unspecified,,,,,multilingual_embedding_model_review,,no_exact_usda_identity_match,pending
305,黑巧克力,unspecified,usda-fdc-170273,"Chocolate, dark, 70-85% cacao solids",unspecified,usda_sr_legacy,multilingual_embedding_model_review,4,usda_identity_and_form_requires_owner_review,pending
170,糯米粉,cooked,,,,,multilingual_embedding_model_review,,no_exact_usda_identity_match,pending
309,大芒果,unspecified,usda-fdc-169910,"Mangos, raw",raw,usda_sr_legacy,multilingual_embedding_model_review,1,usda_identity_and_form_requires_owner_review,pending
311,桃胶,unspecified,,,,,multilingual_embedding_model_review,,no_exact_usda_identity_match,pending
312,雪燕,unspecified,,,,,multilingual_embedding_model_review,,no_exact_usda_identity_match,pending
313,皂角米,unspecified,,,,,multilingual_embedding_model_review,,no_exact_usda_identity_match,pending
314,橙子,unspecified,usda-fdc-169097,"Oranges, raw, all commercial varieties",raw,usda_sr_legacy,multilingual_embedding_model_review,16,usda_identity_and_form_requires_owner_review,pending
316,香梨,unspecified,usda-fdc-169118,"Pears, raw",raw,usda_sr_legacy,multilingual_embedding_model_review,1,usda_identity_and_form_requires_owner_review,pending
115,青椒,unspecified,usda-fdc-170427,"Peppers, sweet, green, raw",raw,usda_sr_legacy,multilingual_embedding_model_review,5,usda_identity_and_form_requires_owner_review,pending
325,果木烟熏调料,unspecified,,,,,multilingual_embedding_model_review,,no_exact_usda_identity_match,pending
326,奥尔良腌料,unspecified,,,,,multilingual_embedding_model_review,,no_exact_usda_identity_match,pending
327,内酯豆腐,unspecified,usda-fdc-174292,"MORI-NU, Tofu, silken, soft",unspecified,usda_sr_legacy,multilingual_embedding_model_review,1,usda_identity_and_form_requires_owner_review,pending
329,人参,unspecified,,,,,multilingual_embedding_model_review,,no_exact_usda_identity_match,pending
330,米酒,unspecified,usda-fdc-167723,"Alcoholic beverage, rice (sake)",unspecified,usda_sr_legacy,multilingual_embedding_model_review,8,usda_identity_and_form_requires_owner_review,pending
333,猪筒骨,unspecified,,,,,multilingual_embedding_model_review,,no_exact_usda_identity_match,pending
337,筒骨,unspecified,,,,,multilingual_embedding_model_review,,no_exact_usda_identity_match,pending
338,秋刀鱼,unspecified,,,,,multilingual_embedding_model_review,,no_exact_usda_identity_match,pending
112,小米辣,unspecified,usda-fdc-170106,"Peppers, hot chili, red, raw",raw,usda_sr_legacy,multilingual_embedding_model_review,1,usda_identity_and_form_requires_owner_review,pending
348,大米,unspecified,usda-fdc-168877,"Rice, white, long-grain, regular, raw, enriched",raw,usda_sr_legacy,multilingual_embedding_model_review,12,usda_identity_and_form_requires_owner_review,pending
350,黑糯米,unspecified,usda-fdc-2710825,"Rice, black, unenriched, raw",raw,usda_foundation,multilingual_embedding_model_review,4,usda_identity_and_form_requires_owner_review,pending
351,蛋挞皮,unspecified,usda-fdc-172790,"Puff pastry, frozen, ready-to-bake",unspecified,usda_sr_legacy,multilingual_embedding_model_review,1,usda_identity_and_form_requires_owner_review,pending
360,金像高筋粉,unspecified,usda-fdc-168896,"Wheat flour, white, bread, enriched",unspecified,usda_sr_legacy,multilingual_embedding_model_review,3,usda_identity_and_form_requires_owner_review,pending
361,亨氏番茄酱,unspecified,usda-fdc-747693,"Ketchup, restaurant",unspecified,usda_foundation,multilingual_embedding_model_review,1,usda_identity_and_form_requires_owner_review,pending
362,披萨草,unspecified,usda-fdc-171328,"Spices, oregano, dried",dried,usda_sr_legacy,multilingual_embedding_model_review,1,usda_identity_and_form_requires_owner_review,pending
363,鲜虾,unspecified,usda-fdc-175179,"Crustaceans, shrimp, raw",raw,usda_sr_legacy,multilingual_embedding_model_review,1,usda_identity_and_form_requires_owner_review,pending
373,老南瓜,unspecified,usda-fdc-168448,"Pumpkin, raw",raw,usda_sr_legacy,multilingual_embedding_model_review,1,usda_identity_and_form_requires_owner_review,pending
374,桂花酱,unspecified,,,,,multilingual_embedding_model_review,,no_exact_usda_identity_match,pending
375,黄皮南瓜,unspecified,usda-fdc-168448,"Pumpkin, raw",raw,usda_sr_legacy,multilingual_embedding_model_review,1,usda_identity_and_form_requires_owner_review,pending
376,桂花,unspecified,,,,,multilingual_embedding_model_review,,no_exact_usda_identity_match,pending
379,肉桂粉,unspecified,usda-fdc-171320,"Spices, cinnamon, ground",unspecified,usda_sr_legacy,multilingual_embedding_model_review,1,usda_identity_and_form_requires_owner_review,pending
380,姜粉,unspecified,usda-fdc-170926,"Spices, ginger, ground",unspecified,usda_sr_legacy,multilingual_embedding_model_review,1,usda_identity_and_form_requires_owner_review,pending
381,鲜虾仁,unspecified,usda-fdc-175179,"Crustaceans, shrimp, raw",raw,usda_sr_legacy,multilingual_embedding_model_review,1,usda_identity_and_form_requires_owner_review,pending
384,当归,unspecified,,,,,multilingual_embedding_model_review,,no_exact_usda_identity_match,pending
385,黄芪,unspecified,,,,,multilingual_embedding_model_review,,no_exact_usda_identity_match,pending
386,小干葱碎,unspecified,,,,,multilingual_embedding_model_review,,no_exact_usda_identity_match,pending
387,白蘑菇,unspecified,usda-fdc-169251,"Mushrooms, white, raw",raw,usda_sr_legacy,multilingual_embedding_model_review,3,usda_identity_and_form_requires_owner_review,pending
389,意大利米,unspecified,usda-fdc-168879,"Rice, white, medium-grain, raw, enriched",raw,usda_sr_legacy,multilingual_embedding_model_review,11,usda_identity_and_form_requires_owner_review,pending
391,热鸡汤,unspecified,usda-fdc-174536,"Soup, chicken broth, ready-to-serve",unspecified,usda_sr_legacy,multilingual_embedding_model_review,1,usda_identity_and_form_requires_owner_review,pending
392,菠菜叶,unspecified,usda-fdc-168462,"Spinach, raw",raw,usda_sr_legacy,multilingual_embedding_model_review,1,usda_identity_and_form_requires_owner_review,pending
393,意大利芹,unspecified,usda-fdc-170416,"Parsley, fresh",unspecified,usda_sr_legacy,multilingual_embedding_model_review,1,usda_identity_and_form_requires_owner_review,pending
395,帕玛森芝士,unspecified,usda-fdc-173431,"Cheese, parmesan, shredded",unspecified,usda_sr_legacy,multilingual_embedding_model_review,1,usda_identity_and_form_requires_owner_review,pending
397,紫薯,unspecified,,,,,multilingual_embedding_model_review,,no_exact_usda_identity_match,pending
399,酒酿,unspecified,,,,,multilingual_embedding_model_review,,no_exact_usda_identity_match,pending
400,紫薯粉,unspecified,,,,,multilingual_embedding_model_review,,no_exact_usda_identity_match,pending
397,紫薯,cooked,usda-fdc-168484,"Sweet potato, cooked, boiled, without skin",cooked,usda_sr_legacy,multilingual_embedding_model_review,3,usda_identity_and_form_requires_owner_review,pending
404,椰蓉,unspecified,usda-fdc-168586,"Nuts, coconut meat, dried (desiccated), sweetened, shredded",dried,usda_sr_legacy,multilingual_embedding_model_review,4,usda_identity_and_form_requires_owner_review,pending
405,奇异果,unspecified,usda-fdc-168153,"Kiwifruit, green, raw",raw,usda_sr_legacy,multilingual_embedding_model_review,1,usda_identity_and_form_requires_owner_review,pending
406,青柠檬汁,unspecified,usda-fdc-168156,"Lime juice, raw",raw,usda_sr_legacy,multilingual_embedding_model_review,1,usda_identity_and_form_requires_owner_review,pending
407,黄柠檬汁,unspecified,usda-fdc-167747,"Lemon juice, raw",raw,usda_sr_legacy,multilingual_embedding_model_review,1,usda_identity_and_form_requires_owner_review,pending
408,冰块,unspecified,,,,,multilingual_embedding_model_review,,no_exact_usda_identity_match,pending
409,苏打水,unspecified,usda-fdc-174842,"Beverages, carbonated, club soda",unspecified,usda_sr_legacy,multilingual_embedding_model_review,1,usda_identity_and_form_requires_owner_review,pending
410,肋排,unspecified,usda-fdc-167853,"Pork, fresh, spareribs, separable lean and fat, raw",raw,usda_sr_legacy,multilingual_embedding_model_review,6,usda_identity_and_form_requires_owner_review,pending
411,豆豉酱,unspecified,,,,,multilingual_embedding_model_review,,no_exact_usda_identity_match,pending
412,排骨酱,unspecified,,,,,multilingual_embedding_model_review,,no_exact_usda_identity_match,pending
413,牛小排,unspecified,usda-fdc-169439,"Beef, rib, shortribs, separable lean and fat, choice, raw",raw,usda_sr_legacy,multilingual_embedding_model_review,1,usda_identity_and_form_requires_owner_review,pending
414,黄豆酱,unspecified,,,,,multilingual_embedding_model_review,,no_exact_usda_identity_match,pending
417,黑米,unspecified,usda-fdc-2710825,"Rice, black, unenriched, raw",raw,usda_foundation,multilingual_embedding_model_review,1,usda_identity_and_form_requires_owner_review,pending
419,白玉菇,unspecified,usda-fdc-2003603,"Mushroom, beech",unspecified,usda_foundation,multilingual_embedding_model_review,1,usda_identity_and_form_requires_owner_review,pending
421,澄面,unspecified,,,,,multilingual_embedding_model_review,,no_exact_usda_identity_match,pending
422,细粉丝,unspecified,usda-fdc-169884,"Vermicelli, made from soy",unspecified,usda_sr_legacy,multilingual_embedding_model_review,2,usda_identity_and_form_requires_owner_review,pending
423,小青龙,unspecified,usda-fdc-174211,"Crustaceans, spiny lobster, mixed species, raw",raw,usda_sr_legacy,multilingual_embedding_model_review,1,usda_identity_and_form_requires_owner_review,pending
424,抹茶粉,unspecified,,,,,multilingual_embedding_model_review,,no_exact_usda_identity_match,pending
425,吉士粉,unspecified,usda-fdc-168772,"Egg custards, dry mix",unspecified,usda_sr_legacy,multilingual_embedding_model_review,2,usda_identity_and_form_requires_owner_review,pending
426,红腐乳,unspecified,,,,,multilingual_embedding_model_review,,no_exact_usda_identity_match,pending
427,南乳汁,unspecified,,,,,multilingual_embedding_model_review,,no_exact_usda_identity_match,pending
428,原味粗颗粒大米粉,unspecified,usda-fdc-169714,"Rice flour, white, unenriched",unspecified,usda_sr_legacy,multilingual_embedding_model_review,7,usda_identity_and_form_requires_owner_review,pending
430,面包屑,unspecified,usda-fdc-174928,"Bread, crumbs, dry, grated, plain",unspecified,usda_sr_legacy,multilingual_embedding_model_review,6,usda_identity_and_form_requires_owner_review,pending
431,鸭子,unspecified,usda-fdc-172408,"Duck, domesticated, meat and skin, raw",raw,usda_sr_legacy,multilingual_embedding_model_review,1,usda_identity_and_form_requires_owner_review,pending
433,大苹果,unspecified,usda-fdc-1105781,"Apples, gala, with skin, raw",raw,usda_foundation,multilingual_embedding_model_review,3,usda_identity_and_form_requires_owner_review,pending
435,普通面粉,unspecified,usda-fdc-169761,"Wheat flour, white, all-purpose, unenriched",unspecified,usda_sr_legacy,multilingual_embedding_model_review,1,usda_identity_and_form_requires_owner_review,pending
437,小番茄,unspecified,usda-fdc-321360,"Tomatoes, grape, raw",raw,usda_foundation,multilingual_embedding_model_review,8,usda_identity_and_form_requires_owner_review,pending
438,牛油果,unspecified,usda-fdc-171705,"Avocados, raw, all commercial varieties",raw,usda_sr_legacy,multilingual_embedding_model_review,6,usda_identity_and_form_requires_owner_review,pending
439,乳清乳酪,unspecified,,,,,multilingual_embedding_model_review,,no_exact_usda_identity_match,pending
441,泥鳅,unspecified,,,,,multilingual_embedding_model_review,,no_exact_usda_identity_match,pending
442,朝天椒,unspecified,usda-fdc-170106,"Peppers, hot chili, red, raw",raw,usda_sr_legacy,multilingual_embedding_model_review,3,usda_identity_and_form_requires_owner_review,pending
443,酸模,unspecified,,,,,multilingual_embedding_model_review,,no_exact_usda_identity_match,pending
444,紫米,unspecified,,,,,multilingual_embedding_model_review,,no_exact_usda_identity_match,pending
446,鲍鱼汁,unspecified,,,,,multilingual_embedding_model_review,,no_exact_usda_identity_match,pending
448,香米,unspecified,,,,,multilingual_embedding_model_review,,no_exact_usda_identity_match,pending
449,即食海苔,unspecified,,,,,multilingual_embedding_model_review,,no_exact_usda_identity_match,pending
450,肉松,unspecified,usda-fdc-169082,"Pork, oriental style, dehydrated",dried,usda_sr_legacy,multilingual_embedding_model_review,7,usda_identity_and_form_requires_owner_review,pending
451,蛋黄酱,unspecified,usda-fdc-2758986,"Mayonnaise, Regular",unspecified,usda_foundation,multilingual_embedding_model_review,1,usda_identity_and_form_requires_owner_review,pending
452,寿司萝卜,unspecified,,,,,multilingual_embedding_model_review,,no_exact_usda_identity_match,pending
454,寿司醋,unspecified,,,,,multilingual_embedding_model_review,,no_exact_usda_identity_match,pending
455,牛仔骨,unspecified,usda-fdc-169439,"Beef, rib, shortribs, separable lean and fat, choice, raw",raw,usda_sr_legacy,multilingual_embedding_model_review,1,usda_identity_and_form_requires_owner_review,pending
457,蜜红豆,unspecified,usda-fdc-173729,"Beans, adzuki, mature seeds, canned, sweetened",unspecified,usda_sr_legacy,multilingual_embedding_model_review,3,usda_identity_and_form_requires_owner_review,pending
458,椰浆,unspecified,usda-fdc-170172,"Nuts, coconut milk, raw (liquid expressed from grated meat and water)",raw,usda_sr_legacy,multilingual_embedding_model_review,12,usda_identity_and_form_requires_owner_review,pending
459,蟹肉棒,unspecified,usda-fdc-174203,"Crustaceans, crab, alaska king, imitation, made from surimi",unspecified,usda_sr_legacy,multilingual_embedding_model_review,1,usda_identity_and_form_requires_owner_review,pending
467,铁棍山药,unspecified,usda-fdc-170071,"Yam, raw",raw,usda_sr_legacy,multilingual_embedding_model_review,4,usda_identity_and_form_requires_owner_review,pending
468,蓝莓酱,unspecified,,,,,multilingual_embedding_model_review,,no_exact_usda_identity_match,pending
470,水发黄花菜,unspecified,,,,,multilingual_embedding_model_review,,no_exact_usda_identity_match,pending
473,椰汁,unspecified,usda-fdc-170174,"Nuts, coconut water (liquid from coconuts)",unspecified,usda_sr_legacy,multilingual_embedding_model_review,13,usda_identity_and_form_requires_owner_review,pending
475,老干妈,unspecified,,,,,multilingual_embedding_model_review,,no_exact_usda_identity_match,pending
476,豆豉辣椒油,unspecified,,,,,multilingual_embedding_model_review,,no_exact_usda_identity_match,pending
478,海盐,unspecified,,,,,multilingual_embedding_model_review,,no_exact_usda_identity_match,pending
479,豆沙馅,unspecified,,,,,multilingual_embedding_model_review,,no_exact_usda_identity_match,pending
480,椰丝,unspecified,usda-fdc-168586,"Nuts, coconut meat, dried (desiccated), sweetened, shredded",dried,usda_sr_legacy,multilingual_embedding_model_review,4,usda_identity_and_form_requires_owner_review,pending
481,黄彩椒,unspecified,usda-fdc-2258589,"Peppers, bell, yellow, raw",raw,usda_foundation,multilingual_embedding_model_review,1,usda_identity_and_form_requires_owner_review,pending
482,香芹香芹,unspecified,usda-fdc-170416,"Parsley, fresh",unspecified,usda_sr_legacy,multilingual_embedding_model_review,1,usda_identity_and_form_requires_owner_review,pending
484,龙利鱼,unspecified,,,,,multilingual_embedding_model_review,,no_exact_usda_identity_match,pending
486,凉开水,unspecified,usda-fdc-173647,"Beverages, water, tap, drinking",unspecified,usda_sr_legacy,multilingual_embedding_model_review,6,usda_identity_and_form_requires_owner_review,pending
487,味极鲜,unspecified,usda-fdc-174277,Soy sauce made from soy and wheat (shoyu),unspecified,usda_sr_legacy,multilingual_embedding_model_review,3,usda_identity_and_form_requires_owner_review,pending
488,乌龙茶包,unspecified,usda-fdc-174120,"Beverages, tea, Oolong, brewed",unspecified,usda_sr_legacy,multilingual_embedding_model_review,1,usda_identity_and_form_requires_owner_review,pending
490,芒果果肉,unspecified,usda-fdc-169910,"Mangos, raw",raw,usda_sr_legacy,multilingual_embedding_model_review,1,usda_identity_and_form_requires_owner_review,pending
491,小青柠,unspecified,usda-fdc-168155,"Limes, raw",raw,usda_sr_legacy,multilingual_embedding_model_review,2,usda_identity_and_form_requires_owner_review,pending
492,鸡翅中,unspecified,usda-fdc-2727568,"Chicken, wing, meat and skin, raw",raw,usda_foundation,multilingual_embedding_model_review,4,usda_identity_and_form_requires_owner_review,pending
494,脱皮绿豆,unspecified,usda-fdc-174256,"Mung beans, mature seeds, raw",raw,usda_sr_legacy,multilingual_embedding_model_review,3,usda_identity_and_form_requires_owner_review,pending
497,十三香,unspecified,,,,,multilingual_embedding_model_review,,no_exact_usda_identity_match,pending
498,菜籽油,unspecified,usda-fdc-172336,"Oil, canola",unspecified,usda_sr_legacy,multilingual_embedding_model_review,17,usda_identity_and_form_requires_owner_review,pending
500,猪肘子,unspecified,,,,,multilingual_embedding_model_review,,no_exact_usda_identity_match,pending
501,广式香肠,unspecified,,,,,multilingual_embedding_model_review,,no_exact_usda_identity_match,pending
503,三黄鸡,unspecified,,,,,multilingual_embedding_model_review,,no_exact_usda_identity_match,pending
504,盐焗鸡粉,unspecified,,,,,multilingual_embedding_model_review,,no_exact_usda_identity_match,pending
505,粗盐,unspecified,,,,,multilingual_embedding_model_review,,no_exact_usda_identity_match,pending
506,鲜香菇,unspecified,usda-fdc-169242,"Mushrooms, shiitake, raw",raw,usda_sr_legacy,multilingual_embedding_model_review,1,usda_identity_and_form_requires_owner_review,pending
507,大葱白,unspecified,usda-fdc-170005,"Onions, spring or scallions (includes tops and bulb), raw",raw,usda_sr_legacy,multilingual_embedding_model_review,3,usda_identity_and_form_requires_owner_review,pending
511,肉皮,unspecified,usda-fdc-167961,"Snacks, pork skins, plain",unspecified,usda_sr_legacy,multilingual_embedding_model_review,2,usda_identity_and_form_requires_owner_review,pending
512,青菜头,unspecified,,,,,multilingual_embedding_model_review,,no_exact_usda_identity_match,pending
514,蒸肉米粉,unspecified,,,,,multilingual_embedding_model_review,,no_exact_usda_identity_match,pending
515,猪肋排,unspecified,usda-fdc-167853,"Pork, fresh, spareribs, separable lean and fat, raw",raw,usda_sr_legacy,multilingual_embedding_model_review,1,usda_identity_and_form_requires_owner_review,pending
516,耗油,unspecified,usda-fdc-174529,"Sauce, oyster, ready-to-serve",unspecified,usda_sr_legacy,multilingual_embedding_model_review,1,usda_identity_and_form_requires_owner_review,pending
517,时令水果,unspecified,,,,,multilingual_embedding_model_review,,no_exact_usda_identity_match,pending
519,带皮五花肉,unspecified,usda-fdc-2727576,"Pork, belly, with skin, raw",raw,usda_foundation,multilingual_embedding_model_review,1,usda_identity_and_form_requires_owner_review,pending
521,烧烤蘸料,unspecified,,,,,multilingual_embedding_model_review,,no_exact_usda_identity_match,pending
522,盐酥鸡,unspecified,,,,,multilingual_embedding_model_review,,no_exact_usda_identity_match,pending
523,芝士牛肉卷,unspecified,,,,,multilingual_embedding_model_review,,no_exact_usda_identity_match,pending
530,蔓越莓干,unspecified,usda-fdc-2758976,"Cranberries, dried, sweetened",dried,usda_foundation,multilingual_embedding_model_review,1,usda_identity_and_form_requires_owner_review,pending
531,朗姆酒,unspecified,usda-fdc-174817,"Alcoholic beverage, distilled, rum, 80 proof",unspecified,usda_sr_legacy,multilingual_embedding_model_review,1,usda_identity_and_form_requires_owner_review,pending
528,桂花糖浆,unspecified,,,,,multilingual_embedding_model_review,,no_exact_usda_identity_match,pending
376,桂花,dried,,,,,multilingual_embedding_model_review,,no_exact_usda_identity_match,pending
532,鸡米花,unspecified,usda-fdc-170737,"KFC, Popcorn Chicken",unspecified,usda_sr_legacy,multilingual_embedding_model_review,2,usda_identity_and_form_requires_owner_review,pending
534,espresso,unspecified,usda-fdc-171891,"Beverages, coffee, brewed, espresso, restaurant-prepared",unspecified,usda_sr_legacy,multilingual_embedding_model_review,1,usda_identity_and_form_requires_owner_review,pending
535,青菜,unspecified,usda-fdc-2685572,"Cabbage, bok choy, raw",raw,usda_foundation,multilingual_embedding_model_review,1,usda_identity_and_form_requires_owner_review,pending
536,甜玉米,unspecified,usda-fdc-169998,"Corn, sweet, yellow, raw",raw,usda_sr_legacy,multilingual_embedding_model_review,1,usda_identity_and_form_requires_owner_review,pending
538,动物性淡奶油,unspecified,usda-fdc-170859,"Cream, fluid, heavy whipping",unspecified,usda_sr_legacy,multilingual_embedding_model_review,2,usda_identity_and_form_requires_owner_review,pending
39,红枣,dried,,,,,multilingual_embedding_model_review,,no_exact_usda_identity_match,pending
541,粳米粉,unspecified,usda-fdc-1104867,"Flour, rice, glutinous",unspecified,usda_foundation,multilingual_embedding_model_review,1,usda_identity_and_form_requires_owner_review,pending
543,精肋排,unspecified,usda-fdc-167853,"Pork, fresh, spareribs, separable lean and fat, raw",raw,usda_sr_legacy,multilingual_embedding_model_review,1,usda_identity_and_form_requires_owner_review,pending
544,陈皮,unspecified,,,,,multilingual_embedding_model_review,,no_exact_usda_identity_match,pending
546,三文鱼,unspecified,usda-fdc-173686,"Fish, salmon, Atlantic, wild, raw",raw,usda_sr_legacy,multilingual_embedding_model_review,2,usda_identity_and_form_requires_owner_review,pending
548,青圆椒,unspecified,usda-fdc-170427,"Peppers, sweet, green, raw",raw,usda_sr_legacy,multilingual_embedding_model_review,5,usda_identity_and_form_requires_owner_review,pending
549,红尖椒,unspecified,usda-fdc-170106,"Peppers, hot chili, red, raw",raw,usda_sr_legacy,multilingual_embedding_model_review,1,usda_identity_and_form_requires_owner_review,pending
550,广式腊肠,unspecified,,,,,multilingual_embedding_model_review,,no_exact_usda_identity_match,pending
551,油菜心,unspecified,usda-fdc-2685572,"Cabbage, bok choy, raw",raw,usda_foundation,multilingual_embedding_model_review,1,usda_identity_and_form_requires_owner_review,pending
552,煲仔饭调味汁,unspecified,,,,,multilingual_embedding_model_review,,no_exact_usda_identity_match,pending
553,郫县豆瓣,unspecified,,,,,multilingual_embedding_model_review,,no_exact_usda_identity_match,pending
554,椰粉,unspecified,usda-fdc-2515382,"Flour, coconut",unspecified,usda_foundation,multilingual_embedding_model_review,3,usda_identity_and_form_requires_owner_review,pending
556,菜椒,unspecified,usda-fdc-2258588,"Peppers, bell, green, raw",raw,usda_foundation,multilingual_embedding_model_review,3,usda_identity_and_form_requires_owner_review,pending
557,水发银耳,unspecified,,,,,multilingual_embedding_model_review,,no_exact_usda_identity_match,pending
266,鹌鹑蛋,cooked,,,,,multilingual_embedding_model_review,,no_exact_usda_identity_match,pending
559,丁香,unspecified,usda-fdc-171321,"Spices, cloves, ground",unspecified,usda_sr_legacy,multilingual_embedding_model_review,1,usda_identity_and_form_requires_owner_review,pending
560,豆蔻,unspecified,usda-fdc-171326,"Spices, nutmeg, ground",unspecified,usda_sr_legacy,multilingual_embedding_model_review,2,usda_identity_and_form_requires_owner_review,pending
561,红曲粉,unspecified,,,,,multilingual_embedding_model_review,,no_exact_usda_identity_match,pending
563,鸦片鱼头,unspecified,,,,,multilingual_embedding_model_review,,no_exact_usda_identity_match,pending
564,韩式泡菜,unspecified,usda-fdc-170392,"Cabbage, kimchi",unspecified,usda_sr_legacy,multilingual_embedding_model_review,1,usda_identity_and_form_requires_owner_review,pending
565,泡菜汁,unspecified,,,,,multilingual_embedding_model_review,,no_exact_usda_identity_match,pending
566,香辣酱,unspecified,usda-fdc-171186,"Sauce, hot chile, sriracha",unspecified,usda_sr_legacy,multilingual_embedding_model_review,1,usda_identity_and_form_requires_owner_review,pending
571,黑鱼净肉,unspecified,,,,,multilingual_embedding_model_review,,no_exact_usda_identity_match,pending
572,鱼头,unspecified,,,,,multilingual_embedding_model_review,,no_exact_usda_identity_match,pending
573,鱼骨,unspecified,,,,,multilingual_embedding_model_review,,no_exact_usda_identity_match,pending
575,小红辣椒,unspecified,usda-fdc-170106,"Peppers, hot chili, red, raw",raw,usda_sr_legacy,multilingual_embedding_model_review,1,usda_identity_and_form_requires_owner_review,pending
576,绿线椒,unspecified,usda-fdc-170497,"Peppers, hot chili, green, raw",raw,usda_sr_legacy,multilingual_embedding_model_review,2,usda_identity_and_form_requires_owner_review,pending
577,青剁椒,unspecified,,,,,multilingual_embedding_model_review,,no_exact_usda_identity_match,pending
578,蓝莓果酱,unspecified,,,,,multilingual_embedding_model_review,,no_exact_usda_identity_match,pending
579,草莓果酱,unspecified,,,,,multilingual_embedding_model_review,,no_exact_usda_identity_match,pending
580,菠萝果酱,unspecified,,,,,multilingual_embedding_model_review,,no_exact_usda_identity_match,pending
581,牛蛙,unspecified,usda-fdc-168148,"Frog legs, raw",raw,usda_sr_legacy,multilingual_embedding_model_review,1,usda_identity_and_form_requires_owner_review,pending
582,红泡椒,unspecified,usda-fdc-169766,"Peppers, hot pickled, canned",unspecified,usda_sr_legacy,multilingual_embedding_model_review,4,usda_identity_and_form_requires_owner_review,pending
583,辣椒油,unspecified,,,,,multilingual_embedding_model_review,,no_exact_usda_identity_match,pending
588,红甜椒,unspecified,usda-fdc-170108,"Peppers, sweet, red, raw",raw,usda_sr_legacy,multilingual_embedding_model_review,5,usda_identity_and_form_requires_owner_review,pending
589,绿彩椒,unspecified,usda-fdc-170427,"Peppers, sweet, green, raw",raw,usda_sr_legacy,multilingual_embedding_model_review,5,usda_identity_and_form_requires_owner_review,pending
592,咸蛋黄,unspecified,usda-fdc-173436,"Egg, yolk, raw, frozen, salted, pasteurized",raw,usda_sr_legacy,multilingual_embedding_model_review,1,usda_identity_and_form_requires_owner_review,pending
595,鲜味酱油,unspecified,usda-fdc-174277,Soy sauce made from soy and wheat (shoyu),unspecified,usda_sr_legacy,multilingual_embedding_model_review,3,usda_identity_and_form_requires_owner_review,pending
596,全麦面包粉,unspecified,usda-fdc-790085,"Flour, whole wheat, unenriched",unspecified,usda_foundation,multilingual_embedding_model_review,3,usda_identity_and_form_requires_owner_review,pending
597,燕子酵母,unspecified,,,,,multilingual_embedding_model_review,,no_exact_usda_identity_match,pending
599,台湾米酒,unspecified,usda-fdc-167723,"Alcoholic beverage, rice (sake)",unspecified,usda_sr_legacy,multilingual_embedding_model_review,3,usda_identity_and_form_requires_owner_review,pending
600,金兰油膏,unspecified,,,,,multilingual_embedding_model_review,,no_exact_usda_identity_match,pending
601,红烧汁,unspecified,,,,,multilingual_embedding_model_review,,no_exact_usda_identity_match,pending
602,九层塔,unspecified,usda-fdc-172232,"Basil, fresh",unspecified,usda_sr_legacy,multilingual_embedding_model_review,1,usda_identity_and_form_requires_owner_review,pending
604,橄榄菜,unspecified,,,,,multilingual_embedding_model_review,,no_exact_usda_identity_match,pending
605,高汤,unspecified,,,,,multilingual_embedding_model_review,,no_exact_usda_identity_match,pending
607,香醋,unspecified,,,,,multilingual_embedding_model_review,,no_exact_usda_identity_match,pending
611,水发干贝,unspecified,,,,,multilingual_embedding_model_review,,no_exact_usda_identity_match,pending
612,芝麻鱼,unspecified,,,,,multilingual_embedding_model_review,,no_exact_usda_identity_match,pending
613,中筋粉,unspecified,usda-fdc-169761,"Wheat flour, white, all-purpose, unenriched",unspecified,usda_sr_legacy,multilingual_embedding_model_review,2,usda_identity_and_form_requires_owner_review,pending
614,净冬瓜,unspecified,usda-fdc-170069,"Waxgourd, (chinese preserving melon), raw",raw,usda_sr_legacy,multilingual_embedding_model_review,2,usda_identity_and_form_requires_owner_review,pending
615,麦芽糖,unspecified,usda-fdc-169660,"Syrups, malt",unspecified,usda_sr_legacy,multilingual_embedding_model_review,3,usda_identity_and_form_requires_owner_review,pending
147,白芝麻,cooked,usda-fdc-170151,"Seeds, sesame seeds, whole, roasted and toasted",cooked,usda_sr_legacy,multilingual_embedding_model_review,3,usda_identity_and_form_requires_owner_review,pending
617,糖冬瓜,unspecified,usda-fdc-167781,Candied fruit,unspecified,usda_sr_legacy,multilingual_embedding_model_review,2,usda_identity_and_form_requires_owner_review,pending
618,蛋黄液,unspecified,usda-fdc-173421,"Egg, yolk, raw, frozen, pasteurized",raw,usda_sr_legacy,multilingual_embedding_model_review,4,usda_identity_and_form_requires_owner_review,pending
619,猪肉馅,unspecified,usda-fdc-167902,"Pork, fresh, ground, raw",raw,usda_sr_legacy,multilingual_embedding_model_review,3,usda_identity_and_form_requires_owner_review,pending
620,海藻,dried,usda-fdc-170495,"Seaweed, spirulina, dried",dried,usda_sr_legacy,multilingual_embedding_model_review,1,usda_identity_and_form_requires_owner_review,pending
622,味增,unspecified,usda-fdc-172442,Miso,unspecified,usda_sr_legacy,multilingual_embedding_model_review,1,usda_identity_and_form_requires_owner_review,pending
623,鱼露,unspecified,usda-fdc-174531,"Sauce, fish, ready-to-serve",unspecified,usda_sr_legacy,multilingual_embedding_model_review,1,usda_identity_and_form_requires_owner_review,pending
625,土鸡,unspecified,,,,,multilingual_embedding_model_review,,no_exact_usda_identity_match,pending
626,大枣,unspecified,usda-fdc-168152,"Jujube, Chinese, fresh, dried",dried,usda_sr_legacy,multilingual_embedding_model_review,2,usda_identity_and_form_requires_owner_review,pending
627,青蟹,unspecified,,,,,multilingual_embedding_model_review,,no_exact_usda_identity_match,pending
630,鸭腿肉,unspecified,,,,,multilingual_embedding_model_review,,no_exact_usda_identity_match,pending
633,山楂,unspecified,,,,,multilingual_embedding_model_review,,no_exact_usda_identity_match,pending
634,龙眼肉,unspecified,usda-fdc-169089,"Longans, raw",raw,usda_sr_legacy,multilingual_embedding_model_review,1,usda_identity_and_form_requires_owner_review,pending
638,基围虾,unspecified,usda-fdc-175179,"Crustaceans, shrimp, raw",raw,usda_sr_legacy,multilingual_embedding_model_review,9,usda_identity_and_form_requires_owner_review,pending
639,蜜豆,unspecified,,,,,multilingual_embedding_model_review,,no_exact_usda_identity_match,pending
641,全麦吐司,unspecified,usda-fdc-172688,"Bread, whole-wheat, commercially prepared",unspecified,usda_sr_legacy,multilingual_embedding_model_review,5,usda_identity_and_form_requires_owner_review,pending
643,黄芥末酱,unspecified,usda-fdc-172234,"Mustard, prepared, yellow",unspecified,usda_sr_legacy,multilingual_embedding_model_review,1,usda_identity_and_form_requires_owner_review,pending
644,薄荷叶,unspecified,usda-fdc-173474,"Peppermint, fresh",unspecified,usda_sr_legacy,multilingual_embedding_model_review,17,usda_identity_and_form_requires_owner_review,pending
646,冬瓜糖,unspecified,,,,,multilingual_embedding_model_review,,no_exact_usda_identity_match,pending
647,红绿丝,unspecified,,,,,multilingual_embedding_model_review,,no_exact_usda_identity_match,pending
648,糖渍金桔,unspecified,,,,,multilingual_embedding_model_review,,no_exact_usda_identity_match,pending
592,咸蛋黄,cooked,,,,,multilingual_embedding_model_review,,no_exact_usda_identity_match,pending
652,咖喱膏,unspecified,,,,,multilingual_embedding_model_review,,no_exact_usda_identity_match,pending
653,牛排,unspecified,,,,,multilingual_embedding_model_review,,no_exact_usda_identity_match,pending
654,研磨黑胡椒盐,unspecified,,,,,multilingual_embedding_model_review,,no_exact_usda_identity_match,pending
655,波士顿龙虾,unspecified,usda-fdc-174208,"Crustaceans, lobster, northern, raw",raw,usda_sr_legacy,multilingual_embedding_model_review,1,usda_identity_and_form_requires_owner_review,pending
657,酥皮,unspecified,usda-fdc-172790,"Puff pastry, frozen, ready-to-bake",unspecified,usda_sr_legacy,multilingual_embedding_model_review,1,usda_identity_and_form_requires_owner_review,pending
659,越南春卷皮,unspecified,,,,,multilingual_embedding_model_review,,no_exact_usda_identity_match,pending
660,意大利风干火腿,unspecified,,,,,multilingual_embedding_model_review,,no_exact_usda_identity_match,pending
663,高度白酒,unspecified,usda-fdc-173664,"Alcoholic beverage, distilled, all (gin, rum, vodka, whiskey) 100 proof",unspecified,usda_sr_legacy,multilingual_embedding_model_review,1,usda_identity_and_form_requires_owner_review,pending
664,玫瑰露酒,unspecified,,,,,multilingual_embedding_model_review,,no_exact_usda_identity_match,pending
668,红薯粉,unspecified,,,,,multilingual_embedding_model_review,,no_exact_usda_identity_match,pending
670,蓝莓,unspecified,usda-fdc-2263889,"Blueberries, raw",raw,usda_foundation,multilingual_embedding_model_review,1,usda_identity_and_form_requires_owner_review,pending
674,红米,unspecified,usda-fdc-2710838,"Rice, red, unenriched, dry, raw",raw,usda_foundation,multilingual_embedding_model_review,4,usda_identity_and_form_requires_owner_review,pending
675,红皮花生米,unspecified,usda-fdc-172430,"Peanuts, all types, raw",raw,usda_sr_legacy,multilingual_embedding_model_review,9,usda_identity_and_form_requires_owner_review,pending
676,开心果仁,unspecified,usda-fdc-2515379,"Nuts, pistachio nuts, raw",raw,usda_foundation,multilingual_embedding_model_review,1,usda_identity_and_form_requires_owner_review,pending
677,高筋粉,unspecified,usda-fdc-168896,"Wheat flour, white, bread, enriched",unspecified,usda_sr_legacy,multilingual_embedding_model_review,6,usda_identity_and_form_requires_owner_review,pending
678,蛋白,unspecified,usda-fdc-172183,"Egg, white, raw, fresh",raw,usda_sr_legacy,multilingual_embedding_model_review,3,usda_identity_and_form_requires_owner_review,pending
680,蟹粉,unspecified,,,,,multilingual_embedding_model_review,,no_exact_usda_identity_match,pending
681,夹心肉,unspecified,usda-fdc-167849,"Pork, fresh, shoulder, (Boston butt), blade (steaks), separable lean and fat, raw",raw,usda_sr_legacy,multilingual_embedding_model_review,1,usda_identity_and_form_requires_owner_review,pending
682,三花淡奶,unspecified,usda-fdc-172194,"Milk, canned, evaporated, with added vitamin A",unspecified,usda_sr_legacy,multilingual_embedding_model_review,1,usda_identity_and_form_requires_owner_review,pending
684,猪脚,unspecified,usda-fdc-167870,"Pork, cured, feet, pickled",unspecified,usda_sr_legacy,multilingual_embedding_model_review,9,usda_identity_and_form_requires_owner_review,pending
685,柱候酱,unspecified,,,,,multilingual_embedding_model_review,,no_exact_usda_identity_match,pending
686,千张结,unspecified,,,,,multilingual_embedding_model_review,,no_exact_usda_identity_match,pending
690,花椒油,unspecified,,,,,multilingual_embedding_model_review,,no_exact_usda_identity_match,pending
691,鸡油,unspecified,usda-fdc-173564,"Fat, chicken",unspecified,usda_sr_legacy,multilingual_embedding_model_review,1,usda_identity_and_form_requires_owner_review,pending
692,热油,unspecified,,,,,multilingual_embedding_model_review,,no_exact_usda_identity_match,pending
693,蝶豆花,dried,,,,,multilingual_embedding_model_review,,no_exact_usda_identity_match,pending
695,全麦面粉,unspecified,usda-fdc-790085,"Flour, whole wheat, unenriched",unspecified,usda_foundation,multilingual_embedding_model_review,3,usda_identity_and_form_requires_owner_review,pending
696,无花果干,unspecified,usda-fdc-326905,"Figs, dried, uncooked",dried,usda_foundation,multilingual_embedding_model_review,1,usda_identity_and_form_requires_owner_review,pending
698,白胡椒,unspecified,usda-fdc-170933,"Spices, pepper, white",unspecified,usda_sr_legacy,multilingual_embedding_model_review,1,usda_identity_and_form_requires_owner_review,pending
699,鹰粟粉,unspecified,usda-fdc-169698,Cornstarch,unspecified,usda_sr_legacy,multilingual_embedding_model_review,1,usda_identity_and_form_requires_owner_review,pending
700,沸水,unspecified,,,,,multilingual_embedding_model_review,,no_exact_usda_identity_match,pending
701,大藏芥末,unspecified,,,,,multilingual_embedding_model_review,,no_exact_usda_identity_match,pending
710,郫县豆瓣酱,unspecified,,,,,multilingual_embedding_model_review,,no_exact_usda_identity_match,pending
711,红油火锅底料,unspecified,,,,,multilingual_embedding_model_review,,no_exact_usda_identity_match,pending
712,小南瓜,unspecified,usda-fdc-2727578,"Squash, pie pumpkin, peeled, seeded, raw",raw,usda_foundation,multilingual_embedding_model_review,1,usda_identity_and_form_requires_owner_review,pending
715,乌鸡,unspecified,,,,,multilingual_embedding_model_review,,no_exact_usda_identity_match,pending
719,腊猪肉,unspecified,,,,,multilingual_embedding_model_review,,no_exact_usda_identity_match,pending
720,腊鸡肉/腊鸭肉,unspecified,,,,,multilingual_embedding_model_review,,no_exact_usda_identity_match,pending
721,腊鲤鱼,unspecified,,,,,multilingual_embedding_model_review,,no_exact_usda_identity_match,pending
722,速冻芝麻汤圆,unspecified,,,,,multilingual_embedding_model_review,,no_exact_usda_identity_match,pending
723,面团,unspecified,,,,,multilingual_embedding_model_review,,no_exact_usda_identity_match,pending
728,白糯米,unspecified,usda-fdc-168883,"Rice, white, glutinous, unenriched, uncooked",cooked,usda_sr_legacy,multilingual_embedding_model_review,2,usda_identity_and_form_requires_owner_review,pending
729,有机生抽,unspecified,usda-fdc-174277,Soy sauce made from soy and wheat (shoyu),unspecified,usda_sr_legacy,multilingual_embedding_model_review,9,usda_identity_and_form_requires_owner_review,pending
730,虫草花,unspecified,,,,,multilingual_embedding_model_review,,no_exact_usda_identity_match,pending
731,党参,unspecified,,,,,multilingual_embedding_model_review,,no_exact_usda_identity_match,pending
732,大黄米面,unspecified,usda-fdc-172023,Millet flour,unspecified,usda_sr_legacy,multilingual_embedding_model_review,1,usda_identity_and_form_requires_owner_review,pending
739,小米椒圈,unspecified,usda-fdc-170106,"Peppers, hot chili, red, raw",raw,usda_sr_legacy,multilingual_embedding_model_review,4,usda_identity_and_form_requires_owner_review,pending
741,原味酸奶,unspecified,,,,,multilingual_embedding_model_review,,no_exact_usda_identity_match,pending
743,牛腩,unspecified,usda-fdc-2646175,"Beef, flank, steak, boneless, choice, raw",raw,usda_foundation,multilingual_embedding_model_review,2,usda_identity_and_form_requires_owner_review,pending
746,猪肉糜,unspecified,usda-fdc-167902,"Pork, fresh, ground, raw",raw,usda_sr_legacy,multilingual_embedding_model_review,3,usda_identity_and_form_requires_owner_review,pending
749,肉皮冻,unspecified,,,,,multilingual_embedding_model_review,,no_exact_usda_identity_match,pending
750,春卷皮,unspecified,usda-fdc-172802,Wonton wrappers (includes egg roll wrappers),unspecified,usda_sr_legacy,multilingual_embedding_model_review,1,usda_identity_and_form_requires_owner_review,pending
751,猪里脊,unspecified,usda-fdc-2646169,"Pork, loin, tenderloin, boneless, raw",raw,usda_foundation,multilingual_embedding_model_review,2,usda_identity_and_form_requires_owner_review,pending
752,鲜笋,unspecified,usda-fdc-169210,"Bamboo shoots, raw",raw,usda_sr_legacy,multilingual_embedding_model_review,1,usda_identity_and_form_requires_owner_review,pending
753,红油豆瓣酱,unspecified,,,,,multilingual_embedding_model_review,,no_exact_usda_identity_match,pending
754,鲜柠檬,unspecified,usda-fdc-167746,"Lemons, raw, without peel",raw,usda_sr_legacy,multilingual_embedding_model_review,5,usda_identity_and_form_requires_owner_review,pending
755,无铝泡打粉,unspecified,,,,,multilingual_embedding_model_review,,no_exact_usda_identity_match,pending
756,绿苣头,unspecified,usda-fdc-169249,"Lettuce, green leaf, raw",raw,usda_sr_legacy,multilingual_embedding_model_review,1,usda_identity_and_form_requires_owner_review,pending
757,艾青汁,unspecified,,,,,multilingual_embedding_model_review,,no_exact_usda_identity_match,pending
758,牛肉米,unspecified,,,,,multilingual_embedding_model_review,,no_exact_usda_identity_match,pending
759,红酒,unspecified,usda-fdc-173190,"Alcoholic beverage, wine, table, red",unspecified,usda_sr_legacy,multilingual_embedding_model_review,2,usda_identity_and_form_requires_owner_review,pending
760,综合香草,unspecified,,,,,multilingual_embedding_model_review,,no_exact_usda_identity_match,pending
761,速冻馒头,unspecified,,,,,multilingual_embedding_model_review,,no_exact_usda_identity_match,pending
762,鲜百合,unspecified,,,,,multilingual_embedding_model_review,,no_exact_usda_identity_match,pending
763,紫苏辣子鸡,unspecified,,,,,multilingual_embedding_model_review,,no_exact_usda_identity_match,pending
764,草果,unspecified,,,,,multilingual_embedding_model_review,,no_exact_usda_identity_match,pending
765,砂仁,unspecified,,,,,multilingual_embedding_model_review,,no_exact_usda_identity_match,pending
768,花菜,unspecified,usda-fdc-2685573,"Cauliflower, raw",raw,usda_foundation,multilingual_embedding_model_review,1,usda_identity_and_form_requires_owner_review,pending
769,脱脂牛奶,unspecified,usda-fdc-173432,"Milk, nonfat, fluid, without added vitamin A and vitamin D (fat free or skim)",unspecified,usda_sr_legacy,multilingual_embedding_model_review,7,usda_identity_and_form_requires_owner_review,pending
770,什锦水果,unspecified,,,,,multilingual_embedding_model_review,,no_exact_usda_identity_match,pending
771,鲜奶油,unspecified,usda-fdc-170859,"Cream, fluid, heavy whipping",unspecified,usda_sr_legacy,multilingual_embedding_model_review,2,usda_identity_and_form_requires_owner_review,pending
774,榴莲内芯,unspecified,,,,,multilingual_embedding_model_review,,no_exact_usda_identity_match,pending
775,圣女果,unspecified,usda-fdc-321360,"Tomatoes, grape, raw",raw,usda_foundation,multilingual_embedding_model_review,13,usda_identity_and_form_requires_owner_review,pending
776,红辣椒粉,unspecified,usda-fdc-170932,"Spices, pepper, red or cayenne",unspecified,usda_sr_legacy,multilingual_embedding_model_review,12,usda_identity_and_form_requires_owner_review,pending
777,茴香籽,unspecified,usda-fdc-171323,"Spices, fennel seed",unspecified,usda_sr_legacy,multilingual_embedding_model_review,1,usda_identity_and_form_requires_owner_review,pending
778,茶油,unspecified,usda-fdc-171425,"Oil, teaseed",unspecified,usda_sr_legacy,multilingual_embedding_model_review,1,usda_identity_and_form_requires_owner_review,pending
779,奶黄馅,unspecified,,,,,multilingual_embedding_model_review,,no_exact_usda_identity_match,pending
780,母鸡,unspecified,usda-fdc-171106,"Poultry, mechanically deboned, from mature hens, raw",raw,usda_sr_legacy,multilingual_embedding_model_review,3,usda_identity_and_form_requires_owner_review,pending
781,里脊肉,unspecified,usda-fdc-168312,"Pork, fresh, loin, tenderloin, separable lean and fat, raw",raw,usda_sr_legacy,multilingual_embedding_model_review,3,usda_identity_and_form_requires_owner_review,pending
782,花胶,unspecified,,,,,multilingual_embedding_model_review,,no_exact_usda_identity_match,pending
783,奶油奶酪,unspecified,usda-fdc-173418,"Cheese, cream",unspecified,usda_sr_legacy,multilingual_embedding_model_review,1,usda_identity_and_form_requires_owner_review,pending
784,肉糜,unspecified,,,,,multilingual_embedding_model_review,,no_exact_usda_identity_match,pending
785,蟹黄,unspecified,,,,,multilingual_embedding_model_review,,no_exact_usda_identity_match,pending
786,低粉,unspecified,usda-fdc-169723,"Wheat flour, white, cake, enriched",unspecified,usda_sr_legacy,multilingual_embedding_model_review,8,usda_identity_and_form_requires_owner_review,pending
787,吉利丁,unspecified,usda-fdc-169599,"Gelatins, dry powder, unsweetened",unspecified,usda_sr_legacy,multilingual_embedding_model_review,3,usda_identity_and_form_requires_owner_review,pending
789,香草精,unspecified,usda-fdc-173471,Vanilla extract,unspecified,usda_sr_legacy,multilingual_embedding_model_review,1,usda_identity_and_form_requires_owner_review,pending
790,糖霜,unspecified,usda-fdc-169656,"Sugars, powdered",unspecified,usda_sr_legacy,multilingual_embedding_model_review,1,usda_identity_and_form_requires_owner_review,pending
791,五花肉糜,unspecified,,,,,multilingual_embedding_model_review,,no_exact_usda_identity_match,pending
792,水发冬菇,unspecified,,,,,multilingual_embedding_model_review,,no_exact_usda_identity_match,pending
795,孜然,unspecified,usda-fdc-170923,"Spices, cumin seed",unspecified,usda_sr_legacy,multilingual_embedding_model_review,1,usda_identity_and_form_requires_owner_review,pending
796,耐高温巧克力豆,unspecified,,,,,multilingual_embedding_model_review,,no_exact_usda_identity_match,pending
797,小苏打,unspecified,usda-fdc-175040,"Leavening agents, baking soda",unspecified,usda_sr_legacy,multilingual_embedding_model_review,1,usda_identity_and_form_requires_owner_review,pending
799,蟹味菇,unspecified,usda-fdc-2003603,"Mushroom, beech",unspecified,usda_foundation,multilingual_embedding_model_review,1,usda_identity_and_form_requires_owner_review,pending
802,松针,unspecified,,,,,multilingual_embedding_model_review,,no_exact_usda_identity_match,pending
804,绍酒,unspecified,usda-fdc-169070,"Alcoholic beverage, wine, cooking",unspecified,usda_sr_legacy,multilingual_embedding_model_review,2,usda_identity_and_form_requires_owner_review,pending
805,缤纷果蔬粉,unspecified,,,,,multilingual_embedding_model_review,,no_exact_usda_identity_match,pending
806,水发虾皮,unspecified,,,,,multilingual_embedding_model_review,,no_exact_usda_identity_match,pending
313,皂角米,dried,,,,,multilingual_embedding_model_review,,no_exact_usda_identity_match,pending
311,桃胶,dried,,,,,multilingual_embedding_model_review,,no_exact_usda_identity_match,pending
312,雪燕,dried,,,,,multilingual_embedding_model_review,,no_exact_usda_identity_match,pending
810,披萨酱,unspecified,usda-fdc-172880,"Sauce, pizza, canned, ready-to-serve",unspecified,usda_sr_legacy,multilingual_embedding_model_review,1,usda_identity_and_form_requires_owner_review,pending
813,猪骨,unspecified,,,,,multilingual_embedding_model_review,,no_exact_usda_identity_match,pending
815,木薯淀粉,unspecified,,,,,multilingual_embedding_model_review,,no_exact_usda_identity_match,pending
816,青橄榄,unspecified,usda-fdc-169096,"Olives, pickled, canned or bottled, green",unspecified,usda_sr_legacy,multilingual_embedding_model_review,1,usda_identity_and_form_requires_owner_review,pending
817,石斛,unspecified,,,,,multilingual_embedding_model_review,,no_exact_usda_identity_match,pending
818,麦冬,unspecified,,,,,multilingual_embedding_model_review,,no_exact_usda_identity_match,pending
823,嫩鸡,unspecified,,,,,multilingual_embedding_model_review,,no_exact_usda_identity_match,pending
825,蒸米粉,unspecified,usda-fdc-168914,"Rice noodles, cooked",cooked,usda_sr_legacy,multilingual_embedding_model_review,1,usda_identity_and_form_requires_owner_review,pending
827,圆茄子,unspecified,usda-fdc-2685577,"Eggplant, raw",raw,usda_foundation,multilingual_embedding_model_review,1,usda_identity_and_form_requires_owner_review,pending
828,海鲜酱油,unspecified,,,,,multilingual_embedding_model_review,,no_exact_usda_identity_match,pending
829,粥,unspecified,,,,,multilingual_embedding_model_review,,no_exact_usda_identity_match,pending
830,红茶,unspecified,usda-fdc-173227,"Beverages, tea, black, brewed, prepared with tap water",unspecified,usda_sr_legacy,multilingual_embedding_model_review,2,usda_identity_and_form_requires_owner_review,pending
831,白凉粉,unspecified,,,,,multilingual_embedding_model_review,,no_exact_usda_identity_match,pending
835,藜麦,unspecified,usda-fdc-168874,"Quinoa, uncooked",cooked,usda_sr_legacy,multilingual_embedding_model_review,2,usda_identity_and_form_requires_owner_review,pending
836,南乳,unspecified,,,,,multilingual_embedding_model_review,,no_exact_usda_identity_match,pending
837,燕麦,unspecified,usda-fdc-2346396,"Oats, whole grain, rolled, old fashioned",unspecified,usda_foundation,multilingual_embedding_model_review,4,usda_identity_and_form_requires_owner_review,pending
838,果干,unspecified,,,,,multilingual_embedding_model_review,,no_exact_usda_identity_match,pending
840,无盐奶油,unspecified,usda-fdc-173430,"Butter, without salt",unspecified,usda_sr_legacy,multilingual_embedding_model_review,1,usda_identity_and_form_requires_owner_review,pending
841,全蛋,unspecified,usda-fdc-171287,"Egg, whole, raw, fresh",raw,usda_sr_legacy,multilingual_embedding_model_review,3,usda_identity_and_form_requires_owner_review,pending
842,各种新鲜水果,unspecified,,,,,multilingual_embedding_model_review,,no_exact_usda_identity_match,pending
843,红方腐乳,unspecified,,,,,multilingual_embedding_model_review,,no_exact_usda_identity_match,pending
850,水发黑木耳,unspecified,,,,,multilingual_embedding_model_review,,no_exact_usda_identity_match,pending
853,红辣椒酱,unspecified,,,,,multilingual_embedding_model_review,,no_exact_usda_identity_match,pending
854,胡椒盐,unspecified,,,,,multilingual_embedding_model_review,,no_exact_usda_identity_match,pending
856,瑶柱,unspecified,,,,,multilingual_embedding_model_review,,no_exact_usda_identity_match,pending
857,沙姜,unspecified,,,,,multilingual_embedding_model_review,,no_exact_usda_identity_match,pending
860,低脂酸奶,unspecified,usda-fdc-170886,"Yogurt, plain, low fat",unspecified,usda_sr_legacy,multilingual_embedding_model_review,1,usda_identity_and_form_requires_owner_review,pending
861,薯片碎,unspecified,usda-fdc-169677,"Snacks, potato chips, plain, salted",unspecified,usda_sr_legacy,multilingual_embedding_model_review,11,usda_identity_and_form_requires_owner_review,pending
869,蒸肉粉,unspecified,,,,,multilingual_embedding_model_review,,no_exact_usda_identity_match,pending
873,水发大米,unspecified,,,,,multilingual_embedding_model_review,,no_exact_usda_identity_match,pending
875,白米饭,unspecified,usda-fdc-168878,"Rice, white, long-grain, regular, enriched, cooked",cooked,usda_sr_legacy,multilingual_embedding_model_review,11,usda_identity_and_form_requires_owner_review,pending
876,大闸蟹,unspecified,,,,,multilingual_embedding_model_review,,no_exact_usda_identity_match,pending
878,仙草粉,unspecified,,,,,multilingual_embedding_model_review,,no_exact_usda_identity_match,pending
879,红腰豆,unspecified,usda-fdc-173744,"Beans, kidney, red, mature seeds, raw",raw,usda_sr_legacy,multilingual_embedding_model_review,2,usda_identity_and_form_requires_owner_review,pending
882,燕窝,dried,,,,,multilingual_embedding_model_review,,no_exact_usda_identity_match,pending
884,鲜仔姜,unspecified,usda-fdc-169231,"Ginger root, raw",raw,usda_sr_legacy,multilingual_embedding_model_review,1,usda_identity_and_form_requires_owner_review,pending
887,猪肥肉,unspecified,usda-fdc-167811,"Pork, fresh, backfat, raw",raw,usda_sr_legacy,multilingual_embedding_model_review,3,usda_identity_and_form_requires_owner_review,pending
888,白酒,unspecified,,,,,multilingual_embedding_model_review,,no_exact_usda_identity_match,pending
889,酥花生碎,unspecified,usda-fdc-174262,"Peanuts, all types, dry-roasted, with salt",cooked,usda_sr_legacy,multilingual_embedding_model_review,9,usda_identity_and_form_requires_owner_review,pending
890,麻薯预拌粉,unspecified,,,,,multilingual_embedding_model_review,,no_exact_usda_identity_match,pending
891,净生蚝,unspecified,usda-fdc-175172,"Mollusks, oyster, eastern, farmed, raw",raw,usda_sr_legacy,multilingual_embedding_model_review,8,usda_identity_and_form_requires_owner_review,pending
896,意式香草,unspecified,,,,,multilingual_embedding_model_review,,no_exact_usda_identity_match,pending
897,肉汤,unspecified,,,,,multilingual_embedding_model_review,,no_exact_usda_identity_match,pending
898,对虾尾,unspecified,,,,,multilingual_embedding_model_review,,no_exact_usda_identity_match,pending
900,金鲳鱼,unspecified,usda-fdc-173682,"Fish, pompano, florida, raw",raw,usda_sr_legacy,multilingual_embedding_model_review,1,usda_identity_and_form_requires_owner_review,pending
902,葱绿,unspecified,usda-fdc-170005,"Onions, spring or scallions (includes tops and bulb), raw",raw,usda_sr_legacy,multilingual_embedding_model_review,13,usda_identity_and_form_requires_owner_review,pending
903,辣豆瓣酱,unspecified,,,,,multilingual_embedding_model_review,,no_exact_usda_identity_match,pending
904,白豆腐干,unspecified,,,,,multilingual_embedding_model_review,,no_exact_usda_identity_match,pending
905,梗米粉,unspecified,usda-fdc-1104867,"Flour, rice, glutinous",unspecified,usda_foundation,multilingual_embedding_model_review,4,usda_identity_and_form_requires_owner_review,pending
906,艾草汁,unspecified,,,,,multilingual_embedding_model_review,,no_exact_usda_identity_match,pending
908,笋,unspecified,usda-fdc-169210,"Bamboo shoots, raw",raw,usda_sr_legacy,multilingual_embedding_model_review,1,usda_identity_and_form_requires_owner_review,pending
912,整兔净重,unspecified,usda-fdc-172521,"Game meat, rabbit, domesticated, composite of cuts, raw",raw,usda_sr_legacy,multilingual_embedding_model_review,2,usda_identity_and_form_requires_owner_review,pending
913,香辣粉,unspecified,usda-fdc-171319,"Spices, chili powder",unspecified,usda_sr_legacy,multilingual_embedding_model_review,2,usda_identity_and_form_requires_owner_review,pending
915,生芝麻,unspecified,usda-fdc-170150,"Seeds, sesame seeds, whole, dried",dried,usda_sr_legacy,multilingual_embedding_model_review,5,usda_identity_and_form_requires_owner_review,pending
916,廋肉,unspecified,,,,,multilingual_embedding_model_review,,no_exact_usda_identity_match,pending
918,T65面粉,unspecified,,,,,multilingual_embedding_model_review,,no_exact_usda_identity_match,pending
919,全麦粉,unspecified,usda-fdc-790085,"Flour, whole wheat, unenriched",unspecified,usda_foundation,multilingual_embedding_model_review,3,usda_identity_and_form_requires_owner_review,pending
921,混合坚果,unspecified,,,,,multilingual_embedding_model_review,,no_exact_usda_identity_match,pending
922,混合果干,unspecified,,,,,multilingual_embedding_model_review,,no_exact_usda_identity_match,pending
923,粉蒸粉,unspecified,,,,,multilingual_embedding_model_review,,no_exact_usda_identity_match,pending
925,鲜牛奶,unspecified,,,,,multilingual_embedding_model_review,,no_exact_usda_identity_match,pending
926,肥牛卷,unspecified,,,,,multilingual_embedding_model_review,,no_exact_usda_identity_match,pending
927,白粥,unspecified,,,,,multilingual_embedding_model_review,,no_exact_usda_identity_match,pending
929,红剁椒,unspecified,,,,,multilingual_embedding_model_review,,no_exact_usda_identity_match,pending
930,鮸鱼净鱼肉,unspecified,,,,,multilingual_embedding_model_review,,no_exact_usda_identity_match,pending
931,猪肥膘,unspecified,usda-fdc-167811,"Pork, fresh, backfat, raw",raw,usda_sr_legacy,multilingual_embedding_model_review,2,usda_identity_and_form_requires_owner_review,pending
932,粗洋芋淀粉,unspecified,usda-fdc-2261422,"Flour, potato",unspecified,usda_foundation,multilingual_embedding_model_review,1,usda_identity_and_form_requires_owner_review,pending
934,沙茶酱,unspecified,,,,,multilingual_embedding_model_review,,no_exact_usda_identity_match,pending
935,高汤块,unspecified,usda-fdc-171563,"Soup, chicken broth cubes, dry",unspecified,usda_sr_legacy,multilingual_embedding_model_review,1,usda_identity_and_form_requires_owner_review,pending
939,幼砂糖,unspecified,usda-fdc-169655,"Sugars, granulated",unspecified,usda_sr_legacy,multilingual_embedding_model_review,2,usda_identity_and_form_requires_owner_review,pending
940,臭粉,unspecified,,,,,multilingual_embedding_model_review,,no_exact_usda_identity_match,pending
941,食粉,unspecified,usda-fdc-175040,"Leavening agents, baking soda",unspecified,usda_sr_legacy,multilingual_embedding_model_review,1,usda_identity_and_form_requires_owner_review,pending
944,鲜木耳,unspecified,usda-fdc-169237,"Jew's ear, (pepeao), raw",raw,usda_sr_legacy,multilingual_embedding_model_review,7,usda_identity_and_form_requires_owner_review,pending
945,素蚝油,unspecified,,,,,multilingual_embedding_model_review,,no_exact_usda_identity_match,pending
946,淀粉水,unspecified,,,,,multilingual_embedding_model_review,,no_exact_usda_identity_match,pending
948,牛腱肉,unspecified,usda-fdc-172648,"Veal, shank, separable lean and fat, raw",raw,usda_sr_legacy,multilingual_embedding_model_review,3,usda_identity_and_form_requires_owner_review,pending
949,卤料包,unspecified,,,,,multilingual_embedding_model_review,,no_exact_usda_identity_match,pending
950,黑樱桃,unspecified,usda-fdc-2346399,"Cherries, sweet, dark red, raw",raw,usda_foundation,multilingual_embedding_model_review,4,usda_identity_and_form_requires_owner_review,pending
951,红樱桃,unspecified,usda-fdc-173954,"Cherries, sour, red, raw",raw,usda_sr_legacy,multilingual_embedding_model_review,1,usda_identity_and_form_requires_owner_review,pending
952,樱桃酒,unspecified,,,,,multilingual_embedding_model_review,,no_exact_usda_identity_match,pending
953,巧克力粉,unspecified,usda-fdc-169593,"Cocoa, dry powder, unsweetened",unspecified,usda_sr_legacy,multilingual_embedding_model_review,1,usda_identity_and_form_requires_owner_review,pending
955,虾黄,unspecified,,,,,multilingual_embedding_model_review,,no_exact_usda_identity_match,pending
956,小龙虾球,unspecified,,,,,multilingual_embedding_model_review,,no_exact_usda_identity_match,pending
957,猪油渣,unspecified,,,,,multilingual_embedding_model_review,,no_exact_usda_identity_match,pending
958,鲜鱿鱼,unspecified,usda-fdc-174223,"Mollusks, squid, mixed species, raw",raw,usda_sr_legacy,multilingual_embedding_model_review,2,usda_identity_and_form_requires_owner_review,pending
959,松板肉,unspecified,,,,,multilingual_embedding_model_review,,no_exact_usda_identity_match,pending
961,榛果糖浆,unspecified,,,,,multilingual_embedding_model_review,,no_exact_usda_identity_match,pending
973,海带结,unspecified,usda-fdc-168457,"Seaweed, kelp, raw",raw,usda_sr_legacy,multilingual_embedding_model_review,1,usda_identity_and_form_requires_owner_review,pending
974,火锅底料,unspecified,,,,,multilingual_embedding_model_review,,no_exact_usda_identity_match,pending
975,高粉,unspecified,usda-fdc-168913,"Wheat flours, bread, unenriched",unspecified,usda_sr_legacy,multilingual_embedding_model_review,14,usda_identity_and_form_requires_owner_review,pending
978,小土豆,unspecified,usda-fdc-170026,"Potatoes, flesh and skin, raw",raw,usda_sr_legacy,multilingual_embedding_model_review,19,usda_identity_and_form_requires_owner_review,pending
980,青红线椒,unspecified,,,,,multilingual_embedding_model_review,,no_exact_usda_identity_match,pending
981,红糖粉,unspecified,usda-fdc-168833,"Sugars, brown",unspecified,usda_sr_legacy,multilingual_embedding_model_review,1,usda_identity_and_form_requires_owner_review,pending
982,惠尔通色素,unspecified,,,,,multilingual_embedding_model_review,,no_exact_usda_identity_match,pending
983,鲜海带结,unspecified,usda-fdc-168457,"Seaweed, kelp, raw",raw,usda_sr_legacy,multilingual_embedding_model_review,2,usda_identity_and_form_requires_owner_review,pending
984,青彩椒,unspecified,usda-fdc-2258588,"Peppers, bell, green, raw",raw,usda_foundation,multilingual_embedding_model_review,1,usda_identity_and_form_requires_owner_review,pending
985,蕃茄酱,unspecified,usda-fdc-168556,Catsup,unspecified,usda_sr_legacy,multilingual_embedding_model_review,16,usda_identity_and_form_requires_owner_review,pending
986,海南文昌鸡,unspecified,,,,,multilingual_embedding_model_review,,no_exact_usda_identity_match,pending
987,鲜沙姜,unspecified,,,,,multilingual_embedding_model_review,,no_exact_usda_identity_match,pending
988,家乐牌鸡汁,unspecified,usda-fdc-171562,"Soup, chicken broth or bouillon, dry",unspecified,usda_sr_legacy,multilingual_embedding_model_review,1,usda_identity_and_form_requires_owner_review,pending
989,沙姜粉,unspecified,usda-fdc-170926,"Spices, ginger, ground",unspecified,usda_sr_legacy,multilingual_embedding_model_review,1,usda_identity_and_form_requires_owner_review,pending
990,鸡饭老抽,unspecified,,,,,multilingual_embedding_model_review,,no_exact_usda_identity_match,pending
992,猪前腿肉,unspecified,,,,,multilingual_embedding_model_review,,no_exact_usda_identity_match,pending
996,烧烤汁,unspecified,usda-fdc-174523,"Sauce, barbecue",unspecified,usda_sr_legacy,multilingual_embedding_model_review,1,usda_identity_and_form_requires_owner_review,pending
998,大葱葱白,unspecified,,,,,multilingual_embedding_model_review,,no_exact_usda_identity_match,pending
1000,酸豇豆,unspecified,,,,,multilingual_embedding_model_review,,no_exact_usda_identity_match,pending
1001,香芹,unspecified,usda-fdc-169988,"Celery, raw",raw,usda_sr_legacy,multilingual_embedding_model_review,1,usda_identity_and_form_requires_owner_review,pending
1003,黄灯笼辣椒酱,unspecified,,,,,multilingual_embedding_model_review,,no_exact_usda_identity_match,pending
1004,鸡汁,unspecified,usda-fdc-174536,"Soup, chicken broth, ready-to-serve",unspecified,usda_sr_legacy,multilingual_embedding_model_review,2,usda_identity_and_form_requires_owner_review,pending
1007,带壳生花生,unspecified,usda-fdc-172430,"Peanuts, all types, raw",raw,usda_sr_legacy,multilingual_embedding_model_review,12,usda_identity_and_form_requires_owner_review,pending
1008,小葱结,unspecified,usda-fdc-170005,"Onions, spring or scallions (includes tops and bulb), raw",raw,usda_sr_legacy,multilingual_embedding_model_review,2,usda_identity_and_form_requires_owner_review,pending
1009,九制话梅,unspecified,,,,,multilingual_embedding_model_review,,no_exact_usda_identity_match,pending
1011,蒜水,unspecified,,,,,multilingual_embedding_model_review,,no_exact_usda_identity_match,pending
1012,油泼辣椒,unspecified,,,,,multilingual_embedding_model_review,,no_exact_usda_identity_match,pending
1013,鲜牛肉,unspecified,,,,,multilingual_embedding_model_review,,no_exact_usda_identity_match,pending
1014,大鸡腿,unspecified,usda-fdc-172378,"Chicken, broilers or fryers, leg, meat and skin, raw",raw,usda_sr_legacy,multilingual_embedding_model_review,7,usda_identity_and_form_requires_owner_review,pending
1017,水晶柿子,unspecified,usda-fdc-169941,"Persimmons, japanese, raw",raw,usda_sr_legacy,multilingual_embedding_model_review,1,usda_identity_and_form_requires_owner_review,pending
1018,白豆沙,unspecified,,,,,multilingual_embedding_model_review,,no_exact_usda_identity_match,pending
1019,鱿鱼须,unspecified,usda-fdc-174223,"Mollusks, squid, mixed species, raw",raw,usda_sr_legacy,multilingual_embedding_model_review,1,usda_identity_and_form_requires_owner_review,pending
1021,糖渍桂花,unspecified,,,,,multilingual_embedding_model_review,,no_exact_usda_identity_match,pending
1025,制牛肝菌,dried,,,,,multilingual_embedding_model_review,,no_exact_usda_identity_match,pending
1028,鸡全腿,unspecified,usda-fdc-172378,"Chicken, broilers or fryers, leg, meat and skin, raw",raw,usda_sr_legacy,multilingual_embedding_model_review,7,usda_identity_and_form_requires_owner_review,pending
1031,艾草粉,unspecified,,,,,multilingual_embedding_model_review,,no_exact_usda_identity_match,pending
1032,咸菜,unspecified,,,,,multilingual_embedding_model_review,,no_exact_usda_identity_match,pending
1033,龙井茶叶,unspecified,,,,,multilingual_embedding_model_review,,no_exact_usda_identity_match,pending
1034,大虾,unspecified,usda-fdc-175179,"Crustaceans, shrimp, raw",raw,usda_sr_legacy,multilingual_embedding_model_review,4,usda_identity_and_form_requires_owner_review,pending
1035,水煮蛋,unspecified,usda-fdc-173424,"Egg, whole, cooked, hard-boiled",cooked,usda_sr_legacy,multilingual_embedding_model_review,1,usda_identity_and_form_requires_owner_review,pending
1038,水发干豆角,unspecified,usda-fdc-168505,"Beans, snap, green, canned, no salt added, drained solids",unspecified,usda_sr_legacy,multilingual_embedding_model_review,6,usda_identity_and_form_requires_owner_review,pending
1039,淡豆浆,unspecified,usda-fdc-1750337,"Soy milk, unsweetened, plain, shelf stable",unspecified,usda_foundation,multilingual_embedding_model_review,1,usda_identity_and_form_requires_owner_review,pending
1040,薄片状牛仔骨,unspecified,usda-fdc-170783,"Beef, chuck, short ribs, boneless, separable lean only, trimmed to 0"" fat, choice, raw",raw,usda_sr_legacy,multilingual_embedding_model_review,1,usda_identity_and_form_requires_owner_review,pending
1041,黑椒汁,unspecified,,,,,multilingual_embedding_model_review,,no_exact_usda_identity_match,pending
1042,煲仔酱,unspecified,,,,,multilingual_embedding_model_review,,no_exact_usda_identity_match,pending
1044,番茄辣酱,unspecified,usda-fdc-171595,"Sauce, tomato chili sauce, bottled, with salt",unspecified,usda_sr_legacy,multilingual_embedding_model_review,1,usda_identity_and_form_requires_owner_review,pending
1045,黑胡椒颗粒,unspecified,usda-fdc-170931,"Spices, pepper, black",unspecified,usda_sr_legacy,multilingual_embedding_model_review,1,usda_identity_and_form_requires_owner_review,pending
1050,鱿鱼圈,unspecified,usda-fdc-2747671,"Squid (calamari), frozen, tubes only",unspecified,usda_foundation,multilingual_embedding_model_review,15,usda_identity_and_form_requires_owner_review,pending
1051,沙爹酱,unspecified,,,,,multilingual_embedding_model_review,,no_exact_usda_identity_match,pending
1052,油泼辣子,unspecified,,,,,multilingual_embedding_model_review,,no_exact_usda_identity_match,pending
1053,六头鲍,unspecified,usda-fdc-174212,"Mollusks, abalone, mixed species, raw",raw,usda_sr_legacy,multilingual_embedding_model_review,2,usda_identity_and_form_requires_owner_review,pending
1055,生抽酱油,unspecified,usda-fdc-174277,Soy sauce made from soy and wheat (shoyu),unspecified,usda_sr_legacy,multilingual_embedding_model_review,9,usda_identity_and_form_requires_owner_review,pending
1056,巧克力液,unspecified,usda-fdc-167567,"Baking chocolate, unsweetened, liquid",unspecified,usda_sr_legacy,multilingual_embedding_model_review,1,usda_identity_and_form_requires_owner_review,pending
1058,低筋小麦粉,unspecified,,,,,multilingual_embedding_model_review,,no_exact_usda_identity_match,pending
1060,青笋,unspecified,,,,,multilingual_embedding_model_review,,no_exact_usda_identity_match,pending
693,蝶豆花,unspecified,,,,,multilingual_embedding_model_review,,no_exact_usda_identity_match,pending
1065,嫩鱿鱼,unspecified,usda-fdc-174223,"Mollusks, squid, mixed species, raw",raw,usda_sr_legacy,multilingual_embedding_model_review,3,usda_identity_and_form_requires_owner_review,pending
1066,肉陷,unspecified,,,,,multilingual_embedding_model_review,,no_exact_usda_identity_match,pending
1068,白果仁,unspecified,usda-fdc-170584,"Nuts, ginkgo nuts, raw",raw,usda_sr_legacy,multilingual_embedding_model_review,1,usda_identity_and_form_requires_owner_review,pending
1071,嫩豆腐,unspecified,usda-fdc-172449,"Tofu, soft, prepared with calcium sulfate and magnesium chloride (nigari)",unspecified,usda_sr_legacy,multilingual_embedding_model_review,12,usda_identity_and_form_requires_owner_review,pending
1072,意大利细面,unspecified,usda-fdc-2758998,"Pasta, dry, enriched, spaghetti",unspecified,usda_foundation,multilingual_embedding_model_review,1,usda_identity_and_form_requires_owner_review,pending
1073,帕玛森芝士粉,unspecified,usda-fdc-171247,"Cheese, parmesan, grated",unspecified,usda_sr_legacy,multilingual_embedding_model_review,1,usda_identity_and_form_requires_owner_review,pending
1076,意式烟熏肉,unspecified,,,,,multilingual_embedding_model_review,,no_exact_usda_identity_match,pending
1077,白洋葱,unspecified,usda-fdc-1104962,"Onions, white, raw",raw,usda_foundation,multilingual_embedding_model_review,1,usda_identity_and_form_requires_owner_review,pending
1079,鸡汤,unspecified,usda-fdc-174536,"Soup, chicken broth, ready-to-serve",unspecified,usda_sr_legacy,multilingual_embedding_model_review,2,usda_identity_and_form_requires_owner_review,pending
1080,烧烤酱,unspecified,usda-fdc-174523,"Sauce, barbecue",unspecified,usda_sr_legacy,multilingual_embedding_model_review,1,usda_identity_and_form_requires_owner_review,pending
1083,莲蓉,unspecified,,,,,multilingual_embedding_model_review,,no_exact_usda_identity_match,pending
1084,话梅,unspecified,,,,,multilingual_embedding_model_review,,no_exact_usda_identity_match,pending
1085,甘蔗,unspecified,,,,,multilingual_embedding_model_review,,no_exact_usda_identity_match,pending
1086,茅根,unspecified,,,,,multilingual_embedding_model_review,,no_exact_usda_identity_match,pending
1087,南烛叶,unspecified,,,,,multilingual_embedding_model_review,,no_exact_usda_identity_match,pending
1089,卡仕达酱,unspecified,,,,,multilingual_embedding_model_review,,no_exact_usda_identity_match,pending
1090,黄椒,unspecified,usda-fdc-169383,"Peppers, sweet, yellow, raw",raw,usda_sr_legacy,multilingual_embedding_model_review,2,usda_identity_and_form_requires_owner_review,pending
1091,黄梨,unspecified,usda-fdc-169118,"Pears, raw",raw,usda_sr_legacy,multilingual_embedding_model_review,1,usda_identity_and_form_requires_owner_review,pending
1092,蜀椒,unspecified,,,,,multilingual_embedding_model_review,,no_exact_usda_identity_match,pending
1093,马铃薯淀粉,unspecified,usda-fdc-168446,Potato flour,unspecified,usda_sr_legacy,multilingual_embedding_model_review,1,usda_identity_and_form_requires_owner_review,pending
1094,绵白糖,unspecified,usda-fdc-169655,"Sugars, granulated",unspecified,usda_sr_legacy,multilingual_embedding_model_review,5,usda_identity_and_form_requires_owner_review,pending
1095,青红丝,unspecified,usda-fdc-167781,Candied fruit,unspecified,usda_sr_legacy,multilingual_embedding_model_review,3,usda_identity_and_form_requires_owner_review,pending
1097,糖桂花酱,unspecified,usda-fdc-167953,Fruit syrup,unspecified,usda_sr_legacy,multilingual_embedding_model_review,1,usda_identity_and_form_requires_owner_review,pending
1100,酸萝卜条,unspecified,usda-fdc-169889,"Radishes, hawaiian style, pickled",unspecified,usda_sr_legacy,multilingual_embedding_model_review,1,usda_identity_and_form_requires_owner_review,pending
1102,豉油,unspecified,usda-fdc-174277,Soy sauce made from soy and wheat (shoyu),unspecified,usda_sr_legacy,multilingual_embedding_model_review,3,usda_identity_and_form_requires_owner_review,pending
1103,明虾,unspecified,usda-fdc-175179,"Crustaceans, shrimp, raw",raw,usda_sr_legacy,multilingual_embedding_model_review,5,usda_identity_and_form_requires_owner_review,pending
1104,可乐,unspecified,usda-fdc-174852,"Beverages, carbonated, cola, regular",unspecified,usda_sr_legacy,multilingual_embedding_model_review,1,usda_identity_and_form_requires_owner_review,pending
1106,肉肠,unspecified,,,,,multilingual_embedding_model_review,,no_exact_usda_identity_match,pending
1107,瘦猪肉,unspecified,,,,,multilingual_embedding_model_review,,no_exact_usda_identity_match,pending
1108,黄骨鱼,unspecified,,,,,multilingual_embedding_model_review,,no_exact_usda_identity_match,pending
1111,藜蒿,unspecified,,,,,multilingual_embedding_model_review,,no_exact_usda_identity_match,pending
1112,桃汁,unspecified,,,,,multilingual_embedding_model_review,,no_exact_usda_identity_match,pending
1114,发酵粉,unspecified,usda-fdc-172805,"Leavening agents, baking powder, low-sodium",unspecified,usda_sr_legacy,multilingual_embedding_model_review,4,usda_identity_and_form_requires_owner_review,pending
1115,玉米粉,unspecified,usda-fdc-170290,"Corn flour, whole-grain, yellow",unspecified,usda_sr_legacy,multilingual_embedding_model_review,5,usda_identity_and_form_requires_owner_review,pending
1116,手抓饼,unspecified,,,,,multilingual_embedding_model_review,,no_exact_usda_identity_match,pending
1117,菠菜粉,unspecified,,,,,multilingual_embedding_model_review,,no_exact_usda_identity_match,pending
1119,童子鸡,unspecified,,,,,multilingual_embedding_model_review,,no_exact_usda_identity_match,pending
1120,春鸡,unspecified,,,,,multilingual_embedding_model_review,,no_exact_usda_identity_match,pending
1121,温牛奶,unspecified,,,,,multilingual_embedding_model_review,,no_exact_usda_identity_match,pending
1122,老姜,unspecified,usda-fdc-169231,"Ginger root, raw",raw,usda_sr_legacy,multilingual_embedding_model_review,1,usda_identity_and_form_requires_owner_review,pending
1118,菠菜汁,unspecified,,,,,multilingual_embedding_model_review,,no_exact_usda_identity_match,pending
1123,意大利混合香草,unspecified,,,,,multilingual_embedding_model_review,,no_exact_usda_identity_match,pending
1124,小洋葱,unspecified,,,,,multilingual_embedding_model_review,,no_exact_usda_identity_match,pending
1127,五香蒸肉米粉,unspecified,,,,,multilingual_embedding_model_review,,no_exact_usda_identity_match,pending
1129,花生米,unspecified,usda-fdc-172430,"Peanuts, all types, raw",raw,usda_sr_legacy,multilingual_embedding_model_review,8,usda_identity_and_form_requires_owner_review,pending
1130,水磨糯米粉,unspecified,usda-fdc-1104867,"Flour, rice, glutinous",unspecified,usda_foundation,multilingual_embedding_model_review,1,usda_identity_and_form_requires_owner_review,pending
1131,松仁,unspecified,usda-fdc-2346392,"Nuts, pine nuts, raw",raw,usda_foundation,multilingual_embedding_model_review,1,usda_identity_and_form_requires_owner_review,pending
1132,鲜奶,unspecified,,,,,multilingual_embedding_model_review,,no_exact_usda_identity_match,pending
1133,鸡翅尖,unspecified,usda-fdc-172390,"Chicken, broilers or fryers, wing, meat and skin, raw",raw,usda_sr_legacy,multilingual_embedding_model_review,13,usda_identity_and_form_requires_owner_review,pending
1134,大黄鱼,unspecified,usda-fdc-174192,"Fish, croaker, Atlantic, raw",raw,usda_sr_legacy,multilingual_embedding_model_review,4,usda_identity_and_form_requires_owner_review,pending
1139,基围虾肉,unspecified,usda-fdc-175179,"Crustaceans, shrimp, raw",raw,usda_sr_legacy,multilingual_embedding_model_review,2,usda_identity_and_form_requires_owner_review,pending
1142,米,unspecified,usda-fdc-168877,"Rice, white, long-grain, regular, raw, enriched",raw,usda_sr_legacy,multilingual_embedding_model_review,19,usda_identity_and_form_requires_owner_review,pending
1144,小河虾,unspecified,usda-fdc-175179,"Crustaceans, shrimp, raw",raw,usda_sr_legacy,multilingual_embedding_model_review,8,usda_identity_and_form_requires_owner_review,pending
1145,牛小排肉,unspecified,usda-fdc-169439,"Beef, rib, shortribs, separable lean and fat, choice, raw",raw,usda_sr_legacy,multilingual_embedding_model_review,1,usda_identity_and_form_requires_owner_review,pending
1146,小油菜,unspecified,usda-fdc-2685572,"Cabbage, bok choy, raw",raw,usda_foundation,multilingual_embedding_model_review,1,usda_identity_and_form_requires_owner_review,pending
1147,肠粉专用粉,unspecified,usda-fdc-169714,"Rice flour, white, unenriched",unspecified,usda_sr_legacy,multilingual_embedding_model_review,14,usda_identity_and_form_requires_owner_review,pending
1148,猪里脊肉馅,unspecified,usda-fdc-167902,"Pork, fresh, ground, raw",raw,usda_sr_legacy,multilingual_embedding_model_review,4,usda_identity_and_form_requires_owner_review,pending
911,剁椒酱,unspecified,,,,,multilingual_embedding_model_review,,no_exact_usda_identity_match,pending
844,羊排,unspecified,,,,,multilingual_embedding_model_review,,no_exact_usda_identity_match,pending
1149,白巧克力,unspecified,usda-fdc-167571,"Candies, white chocolate",unspecified,usda_sr_legacy,multilingual_embedding_model_review,1,usda_identity_and_form_requires_owner_review,pending
1151,牛里脊,unspecified,usda-fdc-2727573,"Beef, tenderloin steak, raw",raw,usda_foundation,multilingual_embedding_model_review,1,usda_identity_and_form_requires_owner_review,pending
1154,脱脂奶粉,unspecified,usda-fdc-172196,"Milk, dry, nonfat, instant, without added vitamin A and vitamin D",unspecified,usda_sr_legacy,multilingual_embedding_model_review,1,usda_identity_and_form_requires_owner_review,pending
1155,耐高糖酵母,unspecified,,,,,multilingual_embedding_model_review,,no_exact_usda_identity_match,pending
1160,猪排,unspecified,usda-fdc-2727575,"Pork, chop, center cut, raw",raw,usda_foundation,multilingual_embedding_model_review,1,usda_identity_and_form_requires_owner_review,pending
1161,高筋面包粉,unspecified,usda-fdc-168896,"Wheat flour, white, bread, enriched",unspecified,usda_sr_legacy,multilingual_embedding_model_review,8,usda_identity_and_form_requires_owner_review,pending
1162,黄桃干,unspecified,usda-fdc-169934,"Peaches, dried, sulfured, uncooked",dried,usda_sr_legacy,multilingual_embedding_model_review,3,usda_identity_and_form_requires_owner_review,pending
1163,蓝莓干,unspecified,usda-fdc-168158,"Blueberries, dried, sweetened",dried,usda_sr_legacy,multilingual_embedding_model_review,1,usda_identity_and_form_requires_owner_review,pending
1164,生花生仁,unspecified,usda-fdc-172430,"Peanuts, all types, raw",raw,usda_sr_legacy,multilingual_embedding_model_review,4,usda_identity_and_form_requires_owner_review,pending
1166,鲍鱼仔,unspecified,usda-fdc-174212,"Mollusks, abalone, mixed species, raw",raw,usda_sr_legacy,multilingual_embedding_model_review,1,usda_identity_and_form_requires_owner_review,pending
1167,红葱头,unspecified,usda-fdc-170499,"Shallots, raw",raw,usda_sr_legacy,multilingual_embedding_model_review,1,usda_identity_and_form_requires_owner_review,pending
730,虫草花,dried,,,,,multilingual_embedding_model_review,,no_exact_usda_identity_match,pending
1177,河虾,unspecified,usda-fdc-175179,"Crustaceans, shrimp, raw",raw,usda_sr_legacy,multilingual_embedding_model_review,9,usda_identity_and_form_requires_owner_review,pending
1178,栗粉,unspecified,usda-fdc-2515377,"Flour, chestnut",unspecified,usda_foundation,multilingual_embedding_model_review,1,usda_identity_and_form_requires_owner_review,pending
1179,阿根廷鱿鱼须,unspecified,,,,,multilingual_embedding_model_review,,no_exact_usda_identity_match,pending
1180,豆豉油辣椒,unspecified,,,,,multilingual_embedding_model_review,,no_exact_usda_identity_match,pending
1181,小龙虾调料,unspecified,,,,,multilingual_embedding_model_review,,no_exact_usda_identity_match,pending
1183,植物油,unspecified,usda-fdc-172370,"Oil, vegetable, soybean, refined",unspecified,usda_sr_legacy,multilingual_embedding_model_review,4,usda_identity_and_form_requires_owner_review,pending
1186,上海青,unspecified,usda-fdc-2685572,"Cabbage, bok choy, raw",raw,usda_foundation,multilingual_embedding_model_review,1,usda_identity_and_form_requires_owner_review,pending
1187,小黄鱼,unspecified,usda-fdc-174192,"Fish, croaker, Atlantic, raw",raw,usda_sr_legacy,multilingual_embedding_model_review,6,usda_identity_and_form_requires_owner_review,pending
1189,烧烤料,unspecified,,,,,multilingual_embedding_model_review,,no_exact_usda_identity_match,pending
1190,带皮生花生,unspecified,usda-fdc-172430,"Peanuts, all types, raw",raw,usda_sr_legacy,multilingual_embedding_model_review,6,usda_identity_and_form_requires_owner_review,pending
1191,挞皮,unspecified,,,,,multilingual_embedding_model_review,,no_exact_usda_identity_match,pending
1192,水蜜桃,unspecified,usda-fdc-169928,"Peaches, yellow, raw",raw,usda_sr_legacy,multilingual_embedding_model_review,3,usda_identity_and_form_requires_owner_review,pending
1193,食用玫瑰花瓣,unspecified,,,,,multilingual_embedding_model_review,,no_exact_usda_identity_match,pending
1195,露露杏仁露,unspecified,,,,,multilingual_embedding_model_review,,no_exact_usda_identity_match,pending
1196,紫甘蓝汁,unspecified,,,,,multilingual_embedding_model_review,,no_exact_usda_identity_match,pending
1197,胡萝卜汁,unspecified,usda-fdc-170491,"Carrot juice, canned",unspecified,usda_sr_legacy,multilingual_embedding_model_review,1,usda_identity_and_form_requires_owner_review,pending
965,鸭胗,unspecified,,,,,multilingual_embedding_model_review,,no_exact_usda_identity_match,pending
1202,浓汤宝,unspecified,,,,,multilingual_embedding_model_review,,no_exact_usda_identity_match,pending
1203,小油豆腐,unspecified,usda-fdc-172451,"Tofu, fried",cooked,usda_sr_legacy,multilingual_embedding_model_review,1,usda_identity_and_form_requires_owner_review,pending
1205,小羊排,unspecified,,,,,multilingual_embedding_model_review,,no_exact_usda_identity_match,pending
1206,欧芹,unspecified,usda-fdc-170416,"Parsley, fresh",unspecified,usda_sr_legacy,multilingual_embedding_model_review,1,usda_identity_and_form_requires_owner_review,pending
1207,鲜罗勒叶,unspecified,usda-fdc-172232,"Basil, fresh",unspecified,usda_sr_legacy,multilingual_embedding_model_review,1,usda_identity_and_form_requires_owner_review,pending
1209,条状年糕,unspecified,,,,,multilingual_embedding_model_review,,no_exact_usda_identity_match,pending
1210,韩式辣椒酱,unspecified,,,,,multilingual_embedding_model_review,,no_exact_usda_identity_match,pending
1211,兰花干,unspecified,,,,,multilingual_embedding_model_review,,no_exact_usda_identity_match,pending
1213,羊腩肉,unspecified,usda-fdc-172611,"Lamb, New Zealand, imported, breast, separable lean only, raw",raw,usda_sr_legacy,multilingual_embedding_model_review,5,usda_identity_and_form_requires_owner_review,pending
1216,蒸鱼豆豉油,unspecified,,,,,multilingual_embedding_model_review,,no_exact_usda_identity_match,pending
1217,白油,unspecified,usda-fdc-171401,Lard,unspecified,usda_sr_legacy,multilingual_embedding_model_review,1,usda_identity_and_form_requires_owner_review,pending
1219,泰式甜辣酱,unspecified,,,,,multilingual_embedding_model_review,,no_exact_usda_identity_match,pending
1156,肉桂,unspecified,usda-fdc-171320,"Spices, cinnamon, ground",unspecified,usda_sr_legacy,multilingual_embedding_model_review,5,usda_identity_and_form_requires_owner_review,pending
1221,鲜肥牛卷,unspecified,,,,,multilingual_embedding_model_review,,no_exact_usda_identity_match,pending
1222,椰肉,unspecified,usda-fdc-170169,"Nuts, coconut meat, raw",raw,usda_sr_legacy,multilingual_embedding_model_review,1,usda_identity_and_form_requires_owner_review,pending
1223,骨肉相连半成品,unspecified,,,,,multilingual_embedding_model_review,,no_exact_usda_identity_match,pending
1224,澄粉,unspecified,usda-fdc-169698,Cornstarch,unspecified,usda_sr_legacy,multilingual_embedding_model_review,3,usda_identity_and_form_requires_owner_review,pending
1226,水发薯粉,unspecified,,,,,multilingual_embedding_model_review,,no_exact_usda_identity_match,pending
1229,食用碱,unspecified,usda-fdc-175040,"Leavening agents, baking soda",unspecified,usda_sr_legacy,multilingual_embedding_model_review,1,usda_identity_and_form_requires_owner_review,pending
1230,酱萝卜,unspecified,usda-fdc-169889,"Radishes, hawaiian style, pickled",unspecified,usda_sr_legacy,multilingual_embedding_model_review,1,usda_identity_and_form_requires_owner_review,pending
1231,花蛤肉,unspecified,usda-fdc-174214,"Mollusks, clam, mixed species, raw",raw,usda_sr_legacy,multilingual_embedding_model_review,1,usda_identity_and_form_requires_owner_review,pending
1232,净山药,unspecified,usda-fdc-170071,"Yam, raw",raw,usda_sr_legacy,multilingual_embedding_model_review,4,usda_identity_and_form_requires_owner_review,pending
1233,锡兰红茶,unspecified,usda-fdc-173227,"Beverages, tea, black, brewed, prepared with tap water",unspecified,usda_sr_legacy,multilingual_embedding_model_review,3,usda_identity_and_form_requires_owner_review,pending
1234,淡奶,unspecified,usda-fdc-172194,"Milk, canned, evaporated, with added vitamin A",unspecified,usda_sr_legacy,multilingual_embedding_model_review,1,usda_identity_and_form_requires_owner_review,pending
1235,鲜味汁,unspecified,,,,,multilingual_embedding_model_review,,no_exact_usda_identity_match,pending
1236,澳洲带子,unspecified,usda-fdc-174220,"Mollusks, scallop, mixed species, raw",raw,usda_sr_legacy,multilingual_embedding_model_review,2,usda_identity_and_form_requires_owner_review,pending
1238,老干妈豆豉,unspecified,,,,,multilingual_embedding_model_review,,no_exact_usda_identity_match,pending
1241,吐司,unspecified,usda-fdc-174925,"Bread, white, commercially prepared, toasted",unspecified,usda_sr_legacy,multilingual_embedding_model_review,15,usda_identity_and_form_requires_owner_review,pending
1247,烧烤酱汁,unspecified,usda-fdc-174523,"Sauce, barbecue",unspecified,usda_sr_legacy,multilingual_embedding_model_review,1,usda_identity_and_form_requires_owner_review,pending
1250,马蹄粉,unspecified,,,,,multilingual_embedding_model_review,,no_exact_usda_identity_match,pending
1251,大米粉,unspecified,usda-fdc-169714,"Rice flour, white, unenriched",unspecified,usda_sr_legacy,multilingual_embedding_model_review,4,usda_identity_and_form_requires_owner_review,pending
1252,隔夜米饭,unspecified,,,,,multilingual_embedding_model_review,,no_exact_usda_identity_match,pending
1255,黄奶油,unspecified,usda-fdc-173410,"Butter, salted",unspecified,usda_sr_legacy,multilingual_embedding_model_review,1,usda_identity_and_form_requires_owner_review,pending
1256,生糯米,unspecified,usda-fdc-168883,"Rice, white, glutinous, unenriched, uncooked",cooked,usda_sr_legacy,multilingual_embedding_model_review,2,usda_identity_and_form_requires_owner_review,pending
1257,仔鸡,unspecified,usda-fdc-171447,"Chicken, broilers or fryers, meat and skin, raw",raw,usda_sr_legacy,multilingual_embedding_model_review,4,usda_identity_and_form_requires_owner_review,pending
1259,螃蟹,unspecified,usda-fdc-174204,"Crustaceans, crab, blue, raw",raw,usda_sr_legacy,multilingual_embedding_model_review,1,usda_identity_and_form_requires_owner_review,pending
1260,鯽鱼,unspecified,usda-fdc-171952,"Fish, carp, raw",raw,usda_sr_legacy,multilingual_embedding_model_review,2,usda_identity_and_form_requires_owner_review,pending
1261,绿茶,unspecified,usda-fdc-171917,"Beverages, tea, green, brewed, regular",unspecified,usda_sr_legacy,multilingual_embedding_model_review,3,usda_identity_and_form_requires_owner_review,pending
1262,食用干玫瑰,unspecified,,,,,multilingual_embedding_model_review,,no_exact_usda_identity_match,pending
1266,长意面,cooked,usda-fdc-169751,"Pasta, cooked, enriched, with added salt",cooked,usda_sr_legacy,multilingual_embedding_model_review,6,usda_identity_and_form_requires_owner_review,pending
1268,牛肉馅,unspecified,usda-fdc-174036,"Beef, ground, 80% lean meat / 20% fat, raw",raw,usda_sr_legacy,multilingual_embedding_model_review,17,usda_identity_and_form_requires_owner_review,pending
1270,罗勒碎,unspecified,usda-fdc-171317,"Spices, basil, dried",dried,usda_sr_legacy,multilingual_embedding_model_review,1,usda_identity_and_form_requires_owner_review,pending
1272,帕马森奶酪粉,unspecified,usda-fdc-171247,"Cheese, parmesan, grated",unspecified,usda_sr_legacy,multilingual_embedding_model_review,1,usda_identity_and_form_requires_owner_review,pending
1273,红酱,unspecified,usda-fdc-170054,"Tomato products, canned, sauce",unspecified,usda_sr_legacy,multilingual_embedding_model_review,12,usda_identity_and_form_requires_owner_review,pending
1274,蛏肉,unspecified,usda-fdc-174214,"Mollusks, clam, mixed species, raw",raw,usda_sr_legacy,multilingual_embedding_model_review,1,usda_identity_and_form_requires_owner_review,pending
1275,厚百叶,unspecified,,,,,multilingual_embedding_model_review,,no_exact_usda_identity_match,pending
1276,鲜青花椒,unspecified,,,,,multilingual_embedding_model_review,,no_exact_usda_identity_match,pending
1277,烧椒酱,unspecified,,,,,multilingual_embedding_model_review,,no_exact_usda_identity_match,pending
1278,长茄子,unspecified,usda-fdc-2685577,"Eggplant, raw",raw,usda_foundation,multilingual_embedding_model_review,2,usda_identity_and_form_requires_owner_review,pending
1279,淡菜干,unspecified,,,,,multilingual_embedding_model_review,,no_exact_usda_identity_match,pending
1280,藕带,unspecified,,,,,multilingual_embedding_model_review,,no_exact_usda_identity_match,pending
1281,菜山药,unspecified,usda-fdc-170071,"Yam, raw",raw,usda_sr_legacy,multilingual_embedding_model_review,4,usda_identity_and_form_requires_owner_review,pending
1283,鸭爪,unspecified,,,,,multilingual_embedding_model_review,,no_exact_usda_identity_match,pending
1286,阳澄湖大闸蟹,unspecified,,,,,multilingual_embedding_model_review,,no_exact_usda_identity_match,pending
1287,花雕,unspecified,,,,,multilingual_embedding_model_review,,no_exact_usda_identity_match,pending
1288,包生菜,unspecified,usda-fdc-168429,"Lettuce, butterhead (includes boston and bibb types), raw",raw,usda_sr_legacy,multilingual_embedding_model_review,1,usda_identity_and_form_requires_owner_review,pending
1289,洛神花,unspecified,usda-fdc-171946,"Beverages, tea, hibiscus, brewed",unspecified,usda_sr_legacy,multilingual_embedding_model_review,6,usda_identity_and_form_requires_owner_review,pending
1290,荔枝果肉,unspecified,usda-fdc-169086,"Litchis, raw",raw,usda_sr_legacy,multilingual_embedding_model_review,1,usda_identity_and_form_requires_owner_review,pending
1291,红咖喱,unspecified,,,,,multilingual_embedding_model_review,,no_exact_usda_identity_match,pending
1294,苹果醋,unspecified,usda-fdc-173469,"Vinegar, cider",unspecified,usda_sr_legacy,multilingual_embedding_model_review,1,usda_identity_and_form_requires_owner_review,pending
1295,银鳕鱼,unspecified,usda-fdc-175134,"Fish, sablefish, raw",raw,usda_sr_legacy,multilingual_embedding_model_review,1,usda_identity_and_form_requires_owner_review,pending
1296,红洋葱,unspecified,usda-fdc-790577,"Onions, red, raw",raw,usda_foundation,multilingual_embedding_model_review,1,usda_identity_and_form_requires_owner_review,pending
1297,青柠叶,unspecified,,,,,multilingual_embedding_model_review,,no_exact_usda_identity_match,pending
1298,油浸番茄干,unspecified,usda-fdc-169384,"Tomatoes, sun-dried, packed in oil, drained",dried,usda_sr_legacy,multilingual_embedding_model_review,1,usda_identity_and_form_requires_owner_review,pending
1299,黑橄榄,unspecified,usda-fdc-169095,"Olives, ripe, canned (jumbo-super colossal)",unspecified,usda_sr_legacy,multilingual_embedding_model_review,9,usda_identity_and_form_requires_owner_review,pending
1301,罗勒叶,unspecified,usda-fdc-172232,"Basil, fresh",unspecified,usda_sr_legacy,multilingual_embedding_model_review,7,usda_identity_and_form_requires_owner_review,pending
1302,水瓜榴,unspecified,usda-fdc-172238,"Capers, canned",unspecified,usda_sr_legacy,multilingual_embedding_model_review,1,usda_identity_and_form_requires_owner_review,pending
1303,七味粉,unspecified,,,,,multilingual_embedding_model_review,,no_exact_usda_identity_match,pending
562,黄桃,unspecified,usda-fdc-325430,"Peaches, yellow, raw",raw,usda_foundation,multilingual_embedding_model_review,1,usda_identity_and_form_requires_owner_review,pending
1304,雪耳,unspecified,,,,,multilingual_embedding_model_review,,no_exact_usda_identity_match,pending
1305,玫瑰花瓣,unspecified,,,,,multilingual_embedding_model_review,,no_exact_usda_identity_match,pending
1307,紫葡萄,unspecified,,,,,multilingual_embedding_model_review,,no_exact_usda_identity_match,pending
1308,绿茶水,unspecified,usda-fdc-171917,"Beverages, tea, green, brewed, regular",unspecified,usda_sr_legacy,multilingual_embedding_model_review,3,usda_identity_and_form_requires_owner_review,pending
1309,肉馅,unspecified,,,,,multilingual_embedding_model_review,,no_exact_usda_identity_match,pending
1310,苕尖,unspecified,usda-fdc-169303,"Sweet potato leaves, raw",raw,usda_sr_legacy,multilingual_embedding_model_review,1,usda_identity_and_form_requires_owner_review,pending
1312,甜辣粉,unspecified,,,,,multilingual_embedding_model_review,,no_exact_usda_identity_match,pending
1182,橘子,unspecified,usda-fdc-169105,"Tangerines, (mandarin oranges), raw",raw,usda_sr_legacy,multilingual_embedding_model_review,1,usda_identity_and_form_requires_owner_review,pending
1314,鲜蚕豆,unspecified,usda-fdc-170377,"Broadbeans, immature seeds, raw",raw,usda_sr_legacy,multilingual_embedding_model_review,13,usda_identity_and_form_requires_owner_review,pending
1316,整块羊肋排,unspecified,usda-fdc-172641,"Lamb, New Zealand, imported, rack - fully frenched, separable lean and fat, raw",raw,usda_sr_legacy,multilingual_embedding_model_review,1,usda_identity_and_form_requires_owner_review,pending
1320,内脂豆腐,unspecified,usda-fdc-174292,"MORI-NU, Tofu, silken, soft",unspecified,usda_sr_legacy,multilingual_embedding_model_review,1,usda_identity_and_form_requires_owner_review,pending
1321,青柠檬,unspecified,usda-fdc-168155,"Limes, raw",raw,usda_sr_legacy,multilingual_embedding_model_review,2,usda_identity_and_form_requires_owner_review,pending
1322,香草浓浆,unspecified,,,,,multilingual_embedding_model_review,,no_exact_usda_identity_match,pending
1323,塔菜,unspecified,,,,,multilingual_embedding_model_review,,no_exact_usda_identity_match,pending
1324,水发羊肚菌,unspecified,usda-fdc-168423,"Mushrooms, morel, raw",raw,usda_sr_legacy,multilingual_embedding_model_review,1,usda_identity_and_form_requires_owner_review,pending
1325,橙子盏,unspecified,,,,,multilingual_embedding_model_review,,no_exact_usda_identity_match,pending
1319,叉烧酱,unspecified,,,,,multilingual_embedding_model_review,,no_exact_usda_identity_match,pending
1327,玫瑰,dried,,,,,multilingual_embedding_model_review,,no_exact_usda_identity_match,pending
1329,榛子酱,unspecified,usda-fdc-168000,Chocolate-flavored hazelnut spread,unspecified,usda_sr_legacy,multilingual_embedding_model_review,1,usda_identity_and_form_requires_owner_review,pending
1330,杏仁酱,unspecified,usda-fdc-168588,"Nuts, almond butter, plain, without salt added",unspecified,usda_sr_legacy,multilingual_embedding_model_review,5,usda_identity_and_form_requires_owner_review,pending
1331,杭椒,unspecified,,,,,multilingual_embedding_model_review,,no_exact_usda_identity_match,pending
1332,黑虎虾,unspecified,usda-fdc-175179,"Crustaceans, shrimp, raw",raw,usda_sr_legacy,multilingual_embedding_model_review,9,usda_identity_and_form_requires_owner_review,pending
1333,黄皮果,unspecified,,,,,multilingual_embedding_model_review,,no_exact_usda_identity_match,pending
1334,黄皮酱,unspecified,,,,,multilingual_embedding_model_review,,no_exact_usda_identity_match,pending
1335,胡椒,unspecified,usda-fdc-170933,"Spices, pepper, white",unspecified,usda_sr_legacy,multilingual_embedding_model_review,4,usda_identity_and_form_requires_owner_review,pending
1336,配方奶,unspecified,,,,,multilingual_embedding_model_review,,no_exact_usda_identity_match,pending
1337,花生粉,unspecified,usda-fdc-172435,"Peanut flour, low fat",unspecified,usda_sr_legacy,multilingual_embedding_model_review,1,usda_identity_and_form_requires_owner_review,pending
1338,粗紫茄子,unspecified,usda-fdc-2685577,"Eggplant, raw",raw,usda_foundation,multilingual_embedding_model_review,1,usda_identity_and_form_requires_owner_review,pending
1339,辣黄豆酱,unspecified,,,,,multilingual_embedding_model_review,,no_exact_usda_identity_match,pending
1340,美极鲜味汁,unspecified,,,,,multilingual_embedding_model_review,,no_exact_usda_identity_match,pending
862,淮山药,unspecified,usda-fdc-170071,"Yam, raw",raw,usda_sr_legacy,multilingual_embedding_model_review,1,usda_identity_and_form_requires_owner_review,pending
1343,白扁豆,unspecified,usda-fdc-175202,"Beans, white, mature seeds, raw",raw,usda_sr_legacy,multilingual_embedding_model_review,6,usda_identity_and_form_requires_owner_review,pending
1344,胖大海,unspecified,,,,,multilingual_embedding_model_review,,no_exact_usda_identity_match,pending
1345,金银花,unspecified,,,,,multilingual_embedding_model_review,,no_exact_usda_identity_match,pending
1346,公鸡,unspecified,,,,,multilingual_embedding_model_review,,no_exact_usda_identity_match,pending
1347,水发黄豆,unspecified,usda-fdc-174271,"Soybeans, mature cooked, boiled, without salt",cooked,usda_sr_legacy,multilingual_embedding_model_review,15,usda_identity_and_form_requires_owner_review,pending
1348,小西瓜,unspecified,usda-fdc-167765,"Watermelon, raw",raw,usda_sr_legacy,multilingual_embedding_model_review,1,usda_identity_and_form_requires_owner_review,pending
1349,麻鸭,unspecified,,,,,multilingual_embedding_model_review,,no_exact_usda_identity_match,pending
820,美人椒,unspecified,usda-fdc-170106,"Peppers, hot chili, red, raw",raw,usda_sr_legacy,multilingual_embedding_model_review,1,usda_identity_and_form_requires_owner_review,pending
1351,小红椒,unspecified,usda-fdc-170106,"Peppers, hot chili, red, raw",raw,usda_sr_legacy,multilingual_embedding_model_review,1,usda_identity_and_form_requires_owner_review,pending
1352,调味法式羊排,unspecified,,,,,multilingual_embedding_model_review,,no_exact_usda_identity_match,pending
1353,开洋,unspecified,,,,,multilingual_embedding_model_review,,no_exact_usda_identity_match,pending
1354,韭菜花梗,unspecified,usda-fdc-169994,"Chives, raw",raw,usda_sr_legacy,multilingual_embedding_model_review,1,usda_identity_and_form_requires_owner_review,pending
1355,味粉,unspecified,,,,,multilingual_embedding_model_review,,no_exact_usda_identity_match,pending
1356,老鸭,unspecified,,,,,multilingual_embedding_model_review,,no_exact_usda_identity_match,pending
1357,笋干,unspecified,,,,,multilingual_embedding_model_review,,no_exact_usda_identity_match,pending
1359,饴糖,unspecified,usda-fdc-169660,"Syrups, malt",unspecified,usda_sr_legacy,multilingual_embedding_model_review,1,usda_identity_and_form_requires_owner_review,pending
247,芝麻,cooked,usda-fdc-170151,"Seeds, sesame seeds, whole, roasted and toasted",cooked,usda_sr_legacy,multilingual_embedding_model_review,2,usda_identity_and_form_requires_owner_review,pending
1361,精白面粉,unspecified,usda-fdc-168894,"Wheat flour, white, all-purpose, enriched, bleached",unspecified,usda_sr_legacy,multilingual_embedding_model_review,3,usda_identity_and_form_requires_owner_review,pending
1362,夹心肉糜,unspecified,usda-fdc-168372,"Pork, ground, 84% lean / 16% fat, raw",raw,usda_sr_legacy,multilingual_embedding_model_review,5,usda_identity_and_form_requires_owner_review,pending
1363,百香果,unspecified,usda-fdc-169108,"Passion-fruit, (granadilla), purple, raw",raw,usda_sr_legacy,multilingual_embedding_model_review,3,usda_identity_and_form_requires_owner_review,pending
1364,塔皮,unspecified,usda-fdc-175065,"Pie crust, standard-type, frozen, ready-to-bake, unenriched",unspecified,usda_sr_legacy,multilingual_embedding_model_review,3,usda_identity_and_form_requires_owner_review,pending
1365,精制油,unspecified,usda-fdc-172370,"Oil, vegetable, soybean, refined",unspecified,usda_sr_legacy,multilingual_embedding_model_review,1,usda_identity_and_form_requires_owner_review,pending
1366,活基围虾,unspecified,usda-fdc-175179,"Crustaceans, shrimp, raw",raw,usda_sr_legacy,multilingual_embedding_model_review,1,usda_identity_and_form_requires_owner_review,pending
1367,色拉酱,unspecified,usda-fdc-171403,"Salad dressing, mayonnaise type, regular, with salt",unspecified,usda_sr_legacy,multilingual_embedding_model_review,3,usda_identity_and_form_requires_owner_review,pending
1368,多宝鱼,unspecified,usda-fdc-173710,"Fish, turbot, european, raw",raw,usda_sr_legacy,multilingual_embedding_model_review,1,usda_identity_and_form_requires_owner_review,pending
1371,味极鲜酱油,unspecified,,,,,multilingual_embedding_model_review,,no_exact_usda_identity_match,pending
1378,奶油,unspecified,usda-fdc-2346386,"Cream, heavy",unspecified,usda_foundation,multilingual_embedding_model_review,1,usda_identity_and_form_requires_owner_review,pending
1380,北豆腐,unspecified,usda-fdc-172475,"Tofu, raw, firm, prepared with calcium sulfate",raw,usda_sr_legacy,multilingual_embedding_model_review,4,usda_identity_and_form_requires_owner_review,pending
1381,蔓越莓,unspecified,usda-fdc-2758976,"Cranberries, dried, sweetened",dried,usda_foundation,multilingual_embedding_model_review,1,usda_identity_and_form_requires_owner_review,pending
1383,猪手,unspecified,,,,,multilingual_embedding_model_review,,no_exact_usda_identity_match,pending
1385,带皮蒜头,unspecified,usda-fdc-1104647,"Garlic, raw",raw,usda_foundation,multilingual_embedding_model_review,1,usda_identity_and_form_requires_owner_review,pending
1386,小香菇,unspecified,usda-fdc-168436,"Mushrooms, shiitake, dried",dried,usda_sr_legacy,multilingual_embedding_model_review,1,usda_identity_and_form_requires_owner_review,pending
1387,牛肉卷,unspecified,,,,,multilingual_embedding_model_review,,no_exact_usda_identity_match,pending
1390,紫苏,unspecified,,,,,multilingual_embedding_model_review,,no_exact_usda_identity_match,pending
882,燕窝,unspecified,,,,,multilingual_embedding_model_review,,no_exact_usda_identity_match,pending
1391,无菌蛋,unspecified,,,,,multilingual_embedding_model_review,,no_exact_usda_identity_match,pending
1396,豆豉鲮鱼罐头,unspecified,,,,,multilingual_embedding_model_review,,no_exact_usda_identity_match,pending
1397,金枪鱼罐头,unspecified,usda-fdc-175158,"Fish, tuna, white, canned in water, drained solids",unspecified,usda_sr_legacy,multilingual_embedding_model_review,1,usda_identity_and_form_requires_owner_review,pending
1402,叶儿粑粉合,unspecified,,,,,multilingual_embedding_model_review,,no_exact_usda_identity_match,pending
1403,叶儿粑叶,unspecified,,,,,multilingual_embedding_model_review,,no_exact_usda_identity_match,pending
1404,内脂,unspecified,,,,,multilingual_embedding_model_review,,no_exact_usda_identity_match,pending
1405,碱,unspecified,,,,,multilingual_embedding_model_review,,no_exact_usda_identity_match,pending
1406,茯苓粉,unspecified,,,,,multilingual_embedding_model_review,,no_exact_usda_identity_match,pending
1407,香草粉,unspecified,,,,,multilingual_embedding_model_review,,no_exact_usda_identity_match,pending
1408,青尖椒,unspecified,usda-fdc-170497,"Peppers, hot chili, green, raw",raw,usda_sr_legacy,multilingual_embedding_model_review,2,usda_identity_and_form_requires_owner_review,pending
1409,黄小米,unspecified,usda-fdc-169702,"Millet, raw",raw,usda_sr_legacy,multilingual_embedding_model_review,4,usda_identity_and_form_requires_owner_review,pending
1410,川味香肠,unspecified,,,,,multilingual_embedding_model_review,,no_exact_usda_identity_match,pending
1411,红薯淀粉,unspecified,,,,,multilingual_embedding_model_review,,no_exact_usda_identity_match,pending
1412,红糖糍粑,unspecified,,,,,multilingual_embedding_model_review,,no_exact_usda_identity_match,pending
1413,龙利鱼柳,unspecified,,,,,multilingual_embedding_model_review,,no_exact_usda_identity_match,pending
1414,南日鲍,unspecified,usda-fdc-174212,"Mollusks, abalone, mixed species, raw",raw,usda_sr_legacy,multilingual_embedding_model_review,1,usda_identity_and_form_requires_owner_review,pending
1415,泡菜,unspecified,usda-fdc-170392,"Cabbage, kimchi",unspecified,usda_sr_legacy,multilingual_embedding_model_review,1,usda_identity_and_form_requires_owner_review,pending
1416,红甜椒粉,unspecified,usda-fdc-171329,"Spices, paprika",unspecified,usda_sr_legacy,multilingual_embedding_model_review,1,usda_identity_and_form_requires_owner_review,pending
1417,韩国辣椒酱,unspecified,,,,,multilingual_embedding_model_review,,no_exact_usda_identity_match,pending
1418,青辣椒,unspecified,usda-fdc-170497,"Peppers, hot chili, green, raw",raw,usda_sr_legacy,multilingual_embedding_model_review,2,usda_identity_and_form_requires_owner_review,pending
1419,牛肩肉,unspecified,usda-fdc-2646174,"Beef, chuck, roast, boneless, choice, raw",raw,usda_foundation,multilingual_embedding_model_review,2,usda_identity_and_form_requires_owner_review,pending
1421,波特酒,unspecified,,,,,multilingual_embedding_model_review,,no_exact_usda_identity_match,pending
1422,鲜百里香,unspecified,usda-fdc-173470,"Thyme, fresh",unspecified,usda_sr_legacy,multilingual_embedding_model_review,1,usda_identity_and_form_requires_owner_review,pending
1423,月桂叶,unspecified,usda-fdc-170917,"Spices, bay leaf",unspecified,usda_sr_legacy,multilingual_embedding_model_review,1,usda_identity_and_form_requires_owner_review,pending
1425,杜松果,unspecified,,,,,multilingual_embedding_model_review,,no_exact_usda_identity_match,pending
1426,奥利奥饼干,unspecified,,,,,multilingual_embedding_model_review,,no_exact_usda_identity_match,pending
1427,浓稠酸奶,unspecified,,,,,multilingual_embedding_model_review,,no_exact_usda_identity_match,pending
1428,食用绿色素,unspecified,,,,,multilingual_embedding_model_review,,no_exact_usda_identity_match,pending
1430,活虾,unspecified,,,,,multilingual_embedding_model_review,,no_exact_usda_identity_match,pending
1431,小鱼干,unspecified,,,,,multilingual_embedding_model_review,,no_exact_usda_identity_match,pending
1432,韩式辣椒粉,unspecified,,,,,multilingual_embedding_model_review,,no_exact_usda_identity_match,pending
1434,地黄,cooked,,,,,multilingual_embedding_model_review,,no_exact_usda_identity_match,pending
1436,紫草,unspecified,,,,,multilingual_embedding_model_review,,no_exact_usda_identity_match,pending
1437,侧柏叶,unspecified,,,,,multilingual_embedding_model_review,,no_exact_usda_identity_match,pending
1438,牡丹皮,unspecified,,,,,multilingual_embedding_model_review,,no_exact_usda_identity_match,pending
1440,艾草,unspecified,,,,,multilingual_embedding_model_review,,no_exact_usda_identity_match,pending
1447,东星斑,unspecified,,,,,multilingual_embedding_model_review,,no_exact_usda_identity_match,pending
1448,辣椒面,unspecified,usda-fdc-170932,"Spices, pepper, red or cayenne",unspecified,usda_sr_legacy,multilingual_embedding_model_review,18,usda_identity_and_form_requires_owner_review,pending
1450,藿香叶,unspecified,,,,,multilingual_embedding_model_review,,no_exact_usda_identity_match,pending
1451,二荆条泡椒,unspecified,usda-fdc-169766,"Peppers, hot pickled, canned",unspecified,usda_sr_legacy,multilingual_embedding_model_review,2,usda_identity_and_form_requires_owner_review,pending
1452,泡姜,unspecified,usda-fdc-169765,"Ginger root, pickled, canned, with artificial sweetener",unspecified,usda_sr_legacy,multilingual_embedding_model_review,2,usda_identity_and_form_requires_owner_review,pending
1453,乌梅,unspecified,,,,,multilingual_embedding_model_review,,no_exact_usda_identity_match,pending
1454,生山楂干,unspecified,,,,,multilingual_embedding_model_review,,no_exact_usda_identity_match,pending
1456,甘草,unspecified,,,,,multilingual_embedding_model_review,,no_exact_usda_identity_match,pending
1457,老陈醋,unspecified,,,,,multilingual_embedding_model_review,,no_exact_usda_identity_match,pending
1458,长香糯米,unspecified,usda-fdc-168883,"Rice, white, glutinous, unenriched, uncooked",cooked,usda_sr_legacy,multilingual_embedding_model_review,8,usda_identity_and_form_requires_owner_review,pending
1459,猪脊骨,unspecified,,,,,multilingual_embedding_model_review,,no_exact_usda_identity_match,pending
1460,老油条碎,unspecified,,,,,multilingual_embedding_model_review,,no_exact_usda_identity_match,pending
1461,油皮,unspecified,,,,,multilingual_embedding_model_review,,no_exact_usda_identity_match,pending
1462,桑寄生,unspecified,,,,,multilingual_embedding_model_review,,no_exact_usda_identity_match,pending
1463,益母草,unspecified,,,,,multilingual_embedding_model_review,,no_exact_usda_identity_match,pending
1465,转化糖浆,unspecified,,,,,multilingual_embedding_model_review,,no_exact_usda_identity_match,pending
1466,枧水,unspecified,,,,,multilingual_embedding_model_review,,no_exact_usda_identity_match,pending
1467,梅花肉,unspecified,,,,,multilingual_embedding_model_review,,no_exact_usda_identity_match,pending
1468,菌菇,unspecified,,,,,multilingual_embedding_model_review,,no_exact_usda_identity_match,pending
1471,台湾热狗肠,unspecified,,,,,multilingual_embedding_model_review,,no_exact_usda_identity_match,pending
1472,鲜活蛤蜊,unspecified,usda-fdc-174214,"Mollusks, clam, mixed species, raw",raw,usda_sr_legacy,multilingual_embedding_model_review,1,usda_identity_and_form_requires_owner_review,pending
1473,红皮花生,unspecified,usda-fdc-172430,"Peanuts, all types, raw",raw,usda_sr_legacy,multilingual_embedding_model_review,9,usda_identity_and_form_requires_owner_review,pending
1474,海苔肉松,unspecified,,,,,multilingual_embedding_model_review,,no_exact_usda_identity_match,pending
1475,汤骨,unspecified,,,,,multilingual_embedding_model_review,,no_exact_usda_identity_match,pending
1476,淮山,unspecified,usda-fdc-170071,"Yam, raw",raw,usda_sr_legacy,multilingual_embedding_model_review,3,usda_identity_and_form_requires_owner_review,pending
1477,芡实,unspecified,,,,,multilingual_embedding_model_review,,no_exact_usda_identity_match,pending
1478,土茯苓,unspecified,,,,,multilingual_embedding_model_review,,no_exact_usda_identity_match,pending
1479,五指毛桃,unspecified,,,,,multilingual_embedding_model_review,,no_exact_usda_identity_match,pending
1480,小颗苹果,unspecified,,,,,multilingual_embedding_model_review,,no_exact_usda_identity_match,pending
1483,香草豆荚粉,unspecified,,,,,multilingual_embedding_model_review,,no_exact_usda_identity_match,pending
1485,羊腩,unspecified,usda-fdc-172611,"Lamb, New Zealand, imported, breast, separable lean only, raw",raw,usda_sr_legacy,multilingual_embedding_model_review,5,usda_identity_and_form_requires_owner_review,pending
1486,羊骨,unspecified,,,,,multilingual_embedding_model_review,,no_exact_usda_identity_match,pending
1487,良姜,unspecified,,,,,multilingual_embedding_model_review,,no_exact_usda_identity_match,pending
1488,腊汁肉夹馍,unspecified,,,,,multilingual_embedding_model_review,,no_exact_usda_identity_match,pending
1245,鳙鱼头,unspecified,,,,,multilingual_embedding_model_review,,no_exact_usda_identity_match,pending
1243,大蒜叶,unspecified,,,,,multilingual_embedding_model_review,,no_exact_usda_identity_match,pending
1489,桂花糖,unspecified,,,,,multilingual_embedding_model_review,,no_exact_usda_identity_match,pending
1490,意面,unspecified,usda-fdc-169736,"Pasta, dry, enriched",unspecified,usda_sr_legacy,multilingual_embedding_model_review,4,usda_identity_and_form_requires_owner_review,pending
1491,鮸鱼鱼肉,unspecified,usda-fdc-174192,"Fish, croaker, Atlantic, raw",raw,usda_sr_legacy,multilingual_embedding_model_review,1,usda_identity_and_form_requires_owner_review,pending
1492,番薯淀粉,unspecified,,,,,multilingual_embedding_model_review,,no_exact_usda_identity_match,pending
1493,仔姜,unspecified,usda-fdc-169231,"Ginger root, raw",raw,usda_sr_legacy,multilingual_embedding_model_review,1,usda_identity_and_form_requires_owner_review,pending
1494,红烧酱油,unspecified,,,,,multilingual_embedding_model_review,,no_exact_usda_identity_match,pending
1496,红腐乳汁,unspecified,,,,,multilingual_embedding_model_review,,no_exact_usda_identity_match,pending
1500,鲜榨柠檬汁,unspecified,usda-fdc-167747,"Lemon juice, raw",raw,usda_sr_legacy,multilingual_embedding_model_review,1,usda_identity_and_form_requires_owner_review,pending
1502,意大利面,cooked,usda-fdc-169751,"Pasta, cooked, enriched, with added salt",cooked,usda_sr_legacy,multilingual_embedding_model_review,6,usda_identity_and_form_requires_owner_review,pending
1506,炼奶,unspecified,usda-fdc-171275,"Milk, canned, condensed, sweetened",unspecified,usda_sr_legacy,multilingual_embedding_model_review,2,usda_identity_and_form_requires_owner_review,pending
1509,花椒面,unspecified,,,,,multilingual_embedding_model_review,,no_exact_usda_identity_match,pending
1510,鸭腿,unspecified,usda-fdc-171112,"Duck, young duckling, domesticated, White Pekin, leg, meat and skin, bone in, cooked, roasted",cooked,usda_sr_legacy,multilingual_embedding_model_review,4,usda_identity_and_form_requires_owner_review,pending
1512,鸡全翅,unspecified,usda-fdc-2727568,"Chicken, wing, meat and skin, raw",raw,usda_foundation,multilingual_embedding_model_review,1,usda_identity_and_form_requires_owner_review,pending
1514,烟薯,unspecified,usda-fdc-168482,"Sweet potato, raw, unprepared (Includes foods for USDA's Food Distribution Program)",raw,usda_sr_legacy,multilingual_embedding_model_review,18,usda_identity_and_form_requires_owner_review,pending
1515,大连鲜鲍鱼,unspecified,usda-fdc-174212,"Mollusks, abalone, mixed species, raw",raw,usda_sr_legacy,multilingual_embedding_model_review,2,usda_identity_and_form_requires_owner_review,pending
1516,糟卤,unspecified,,,,,multilingual_embedding_model_review,,no_exact_usda_identity_match,pending
1517,特浓无糖酸奶,unspecified,usda-fdc-330137,"Yogurt, Greek, plain, nonfat",unspecified,usda_foundation,multilingual_embedding_model_review,1,usda_identity_and_form_requires_owner_review,pending
1518,红茶茶叶,unspecified,,,,,multilingual_embedding_model_review,,no_exact_usda_identity_match,pending
1523,焦糖糖浆,unspecified,,,,,multilingual_embedding_model_review,,no_exact_usda_identity_match,pending
1524,巧克力酱,unspecified,,,,,multilingual_embedding_model_review,,no_exact_usda_identity_match,pending
1525,小葱白,unspecified,,,,,multilingual_embedding_model_review,,no_exact_usda_identity_match,pending
1526,水发粉丝,unspecified,usda-fdc-174258,"Noodles, chinese, cellophane or long rice (mung beans), dehydrated",dried,usda_sr_legacy,multilingual_embedding_model_review,15,usda_identity_and_form_requires_owner_review,pending
1528,前腿肉,unspecified,,,,,multilingual_embedding_model_review,,no_exact_usda_identity_match,pending
1532,香菇酱,unspecified,,,,,multilingual_embedding_model_review,,no_exact_usda_identity_match,pending
1533,贝贝南瓜,unspecified,usda-fdc-168448,"Pumpkin, raw",raw,usda_sr_legacy,multilingual_embedding_model_review,1,usda_identity_and_form_requires_owner_review,pending
1537,风味豆豉酱,unspecified,,,,,multilingual_embedding_model_review,,no_exact_usda_identity_match,pending
1538,香椿头,unspecified,,,,,multilingual_embedding_model_review,,no_exact_usda_identity_match,pending
1539,鲜鸡蛋黄,unspecified,usda-fdc-172184,"Egg, yolk, raw, fresh",raw,usda_sr_legacy,multilingual_embedding_model_review,1,usda_identity_and_form_requires_owner_review,pending
1541,净鲤鱼,unspecified,usda-fdc-171952,"Fish, carp, raw",raw,usda_sr_legacy,multilingual_embedding_model_review,1,usda_identity_and_form_requires_owner_review,pending
1543,红豆沙馅,unspecified,,,,,multilingual_embedding_model_review,,no_exact_usda_identity_match,pending
1544,黄精,unspecified,,,,,multilingual_embedding_model_review,,no_exact_usda_identity_match,pending
1545,玉竹,unspecified,,,,,multilingual_embedding_model_review,,no_exact_usda_identity_match,pending
1546,T55面粉,unspecified,,,,,multilingual_embedding_model_review,,no_exact_usda_identity_match,pending
1547,T45面粉,unspecified,,,,,multilingual_embedding_model_review,,no_exact_usda_identity_match,pending
1548,片状黄油,unspecified,,,,,multilingual_embedding_model_review,,no_exact_usda_identity_match,pending
1549,椒盐,unspecified,,,,,multilingual_embedding_model_review,,no_exact_usda_identity_match,pending
1550,BBQ烧烤酱,unspecified,usda-fdc-174523,"Sauce, barbecue",unspecified,usda_sr_legacy,multilingual_embedding_model_review,1,usda_identity_and_form_requires_owner_review,pending
1551,清汤,unspecified,,,,,multilingual_embedding_model_review,,no_exact_usda_identity_match,pending
1552,紫红长茄,unspecified,usda-fdc-2685577,"Eggplant, raw",raw,usda_foundation,multilingual_embedding_model_review,2,usda_identity_and_form_requires_owner_review,pending
1553,凤爪,unspecified,usda-fdc-171119,"Chicken, feet, boiled",cooked,usda_sr_legacy,multilingual_embedding_model_review,1,usda_identity_and_form_requires_owner_review,pending
1554,香辣豆豉酱,unspecified,,,,,multilingual_embedding_model_review,,no_exact_usda_identity_match,pending
1555,青红辣椒,unspecified,,,,,multilingual_embedding_model_review,,no_exact_usda_identity_match,pending
1556,香橙皮丝,unspecified,usda-fdc-169103,"Orange peel, raw",raw,usda_sr_legacy,multilingual_embedding_model_review,1,usda_identity_and_form_requires_owner_review,pending
1557,红小枣,unspecified,usda-fdc-168152,"Jujube, Chinese, fresh, dried",dried,usda_sr_legacy,multilingual_embedding_model_review,2,usda_identity_and_form_requires_owner_review,pending
58,面粉,cooked,,,,,multilingual_embedding_model_review,,no_exact_usda_identity_match,pending
1559,羊肋排,unspecified,usda-fdc-174416,"Lamb, Australian, imported, fresh, rib chop/rack roast, frenched, bone-in, separable lean only, trimmed to 1/8"" fat, raw",raw,usda_sr_legacy,multilingual_embedding_model_review,1,usda_identity_and_form_requires_owner_review,pending
1560,鲜当归,unspecified,,,,,multilingual_embedding_model_review,,no_exact_usda_identity_match,pending
1561,养心菜,unspecified,,,,,multilingual_embedding_model_review,,no_exact_usda_identity_match,pending
1562,红豆粉,unspecified,,,,,multilingual_embedding_model_review,,no_exact_usda_identity_match,pending
1563,薏仁粉,unspecified,,,,,multilingual_embedding_model_review,,no_exact_usda_identity_match,pending
1564,奇亚籽,unspecified,usda-fdc-170554,"Seeds, chia seeds, dried",dried,usda_sr_legacy,multilingual_embedding_model_review,1,usda_identity_and_form_requires_owner_review,pending
1565,猪棒骨,unspecified,,,,,multilingual_embedding_model_review,,no_exact_usda_identity_match,pending
1566,山楂干,unspecified,,,,,multilingual_embedding_model_review,,no_exact_usda_identity_match,pending
1567,牛尾,unspecified,,,,,multilingual_embedding_model_review,,no_exact_usda_identity_match,pending
1568,小青菜,unspecified,usda-fdc-2685572,"Cabbage, bok choy, raw",raw,usda_foundation,multilingual_embedding_model_review,1,usda_identity_and_form_requires_owner_review,pending
1569,蛋挞胚,unspecified,,,,,multilingual_embedding_model_review,,no_exact_usda_identity_match,pending
1572,湿淀粉,unspecified,usda-fdc-169698,Cornstarch,unspecified,usda_sr_legacy,multilingual_embedding_model_review,2,usda_identity_and_form_requires_owner_review,pending
1573,麦西恩玉米饼,unspecified,usda-fdc-2758997,"Tortilla, corn, shelf stable",unspecified,usda_foundation,multilingual_embedding_model_review,3,usda_identity_and_form_requires_owner_review,pending
1575,红富士苹果,unspecified,usda-fdc-167793,"Apples, raw, fuji, with skin (Includes foods for USDA's Food Distribution Program)",raw,usda_sr_legacy,multilingual_embedding_model_review,17,usda_identity_and_form_requires_owner_review,pending
1576,圆生菜叶,unspecified,usda-fdc-2346388,"Lettuce, iceberg, raw",raw,usda_foundation,multilingual_embedding_model_review,15,usda_identity_and_form_requires_owner_review,pending
1578,海参斑,unspecified,usda-fdc-175162,"Fish, wolffish, Atlantic, raw",raw,usda_sr_legacy,multilingual_embedding_model_review,1,usda_identity_and_form_requires_owner_review,pending
1580,青头鸭,unspecified,,,,,multilingual_embedding_model_review,,no_exact_usda_identity_match,pending
1581,八头鲜鲍鱼,unspecified,usda-fdc-174212,"Mollusks, abalone, mixed species, raw",raw,usda_sr_legacy,multilingual_embedding_model_review,1,usda_identity_and_form_requires_owner_review,pending
1583,沙参,unspecified,,,,,multilingual_embedding_model_review,,no_exact_usda_identity_match,pending
1584,·白醋,unspecified,usda-fdc-172237,"Vinegar, distilled",unspecified,usda_sr_legacy,multilingual_embedding_model_review,3,usda_identity_and_form_requires_owner_review,pending
1585,柠檬皮碎,unspecified,usda-fdc-167749,"Lemon peel, raw",raw,usda_sr_legacy,multilingual_embedding_model_review,2,usda_identity_and_form_requires_owner_review,pending
1588,亚麻籽油,unspecified,usda-fdc-167702,"Oil, flaxseed, cold pressed",unspecified,usda_sr_legacy,multilingual_embedding_model_review,1,usda_identity_and_form_requires_owner_review,pending
1589,杂菜,unspecified,usda-fdc-170471,"Vegetables, mixed, frozen, unprepared",unspecified,usda_sr_legacy,multilingual_embedding_model_review,1,usda_identity_and_form_requires_owner_review,pending
1590,紫洋葱,unspecified,usda-fdc-790577,"Onions, red, raw",raw,usda_foundation,multilingual_embedding_model_review,1,usda_identity_and_form_requires_owner_review,pending
1592,泡椒,unspecified,usda-fdc-169766,"Peppers, hot pickled, canned",unspecified,usda_sr_legacy,multilingual_embedding_model_review,1,usda_identity_and_form_requires_owner_review,pending
1593,黑豆豉,unspecified,,,,,multilingual_embedding_model_review,,no_exact_usda_identity_match,pending
1594,大白菜叶,unspecified,usda-fdc-2727583,"Cabbage, napa, leaf, destemmed, raw",raw,usda_foundation,multilingual_embedding_model_review,2,usda_identity_and_form_requires_owner_review,pending
1596,红葱,unspecified,usda-fdc-170499,"Shallots, raw",raw,usda_sr_legacy,multilingual_embedding_model_review,1,usda_identity_and_form_requires_owner_review,pending
1598,苏梅酱,unspecified,usda-fdc-172879,"Sauce, plum, ready-to-serve",unspecified,usda_sr_legacy,multilingual_embedding_model_review,1,usda_identity_and_form_requires_owner_review,pending
1599,液态酥油,unspecified,usda-fdc-171314,"Butter, Clarified butter (ghee)",unspecified,usda_sr_legacy,multilingual_embedding_model_review,2,usda_identity_and_form_requires_owner_review,pending
1600,木薯粉,unspecified,,,,,multilingual_embedding_model_review,,no_exact_usda_identity_match,pending
1601,日本南瓜,unspecified,usda-fdc-170489,"Squash, winter, all varieties, raw",raw,usda_sr_legacy,multilingual_embedding_model_review,3,usda_identity_and_form_requires_owner_review,pending
1602,小台芒,unspecified,usda-fdc-169910,"Mangos, raw",raw,usda_sr_legacy,multilingual_embedding_model_review,1,usda_identity_and_form_requires_owner_review,pending
1603,葱结,unspecified,usda-fdc-170005,"Onions, spring or scallions (includes tops and bulb), raw",raw,usda_sr_legacy,multilingual_embedding_model_review,10,usda_identity_and_form_requires_owner_review,pending
1605,钵仔糕粉,unspecified,usda-fdc-169714,"Rice flour, white, unenriched",unspecified,usda_sr_legacy,multilingual_embedding_model_review,7,usda_identity_and_form_requires_owner_review,pending
1606,橙汁,unspecified,usda-fdc-169099,"Orange juice, canned, unsweetened",unspecified,usda_sr_legacy,multilingual_embedding_model_review,1,usda_identity_and_form_requires_owner_review,pending
1608,薄百叶,unspecified,,,,,multilingual_embedding_model_review,,no_exact_usda_identity_match,pending
1609,糯米鸡,unspecified,,,,,multilingual_embedding_model_review,,no_exact_usda_identity_match,pending
1610,青口贝,unspecified,usda-fdc-174216,"Mollusks, mussel, blue, raw",raw,usda_sr_legacy,multilingual_embedding_model_review,1,usda_identity_and_form_requires_owner_review,pending
1611,黑鸡枞,unspecified,,,,,multilingual_embedding_model_review,,no_exact_usda_identity_match,pending
822,香芋,unspecified,usda-fdc-169308,"Taro, raw",raw,usda_sr_legacy,multilingual_embedding_model_review,1,usda_identity_and_form_requires_owner_review,pending
1613,梅子酱,unspecified,usda-fdc-172879,"Sauce, plum, ready-to-serve",unspecified,usda_sr_legacy,multilingual_embedding_model_review,1,usda_identity_and_form_requires_owner_review,pending
1614,鸡脯肉,unspecified,usda-fdc-2646170,"Chicken, breast, boneless, skinless, raw",raw,usda_foundation,multilingual_embedding_model_review,14,usda_identity_and_form_requires_owner_review,pending
1615,细辣椒粉,unspecified,usda-fdc-171319,"Spices, chili powder",unspecified,usda_sr_legacy,multilingual_embedding_model_review,1,usda_identity_and_form_requires_owner_review,pending
1616,豆芽,unspecified,,,,,multilingual_embedding_model_review,,no_exact_usda_identity_match,pending
1617,青花椒,unspecified,,,,,multilingual_embedding_model_review,,no_exact_usda_identity_match,pending
1618,荔枝酱,unspecified,,,,,multilingual_embedding_model_review,,no_exact_usda_identity_match,pending
1619,牛腹肉,unspecified,usda-fdc-2646175,"Beef, flank, steak, boneless, choice, raw",raw,usda_foundation,multilingual_embedding_model_review,2,usda_identity_and_form_requires_owner_review,pending
1620,香芹籽,unspecified,usda-fdc-170918,"Spices, caraway seed",unspecified,usda_sr_legacy,multilingual_embedding_model_review,1,usda_identity_and_form_requires_owner_review,pending
1621,牛肉汤,unspecified,usda-fdc-172889,"Soup, beef broth, less/reduced sodium, ready to serve",unspecified,usda_sr_legacy,multilingual_embedding_model_review,5,usda_identity_and_form_requires_owner_review,pending
1622,番茄膏,unspecified,usda-fdc-170459,"Tomato products, canned, paste, without salt added (Includes foods for USDA's Food Distribution Program)",unspecified,usda_sr_legacy,multilingual_embedding_model_review,16,usda_identity_and_form_requires_owner_review,pending
1623,红酒醋,unspecified,usda-fdc-172240,"Vinegar, red wine",unspecified,usda_sr_legacy,multilingual_embedding_model_review,1,usda_identity_and_form_requires_owner_review,pending
1624,绿甜椒,unspecified,usda-fdc-2258588,"Peppers, bell, green, raw",raw,usda_foundation,multilingual_embedding_model_review,1,usda_identity_and_form_requires_owner_review,pending
1625,百里香叶,unspecified,usda-fdc-173470,"Thyme, fresh",unspecified,usda_sr_legacy,multilingual_embedding_model_review,1,usda_identity_and_form_requires_owner_review,pending
1626,榴莲果肉,unspecified,usda-fdc-168192,"Durian, raw or frozen",raw,usda_sr_legacy,multilingual_embedding_model_review,1,usda_identity_and_form_requires_owner_review,pending
1627,动物淡奶油,unspecified,usda-fdc-170859,"Cream, fluid, heavy whipping",unspecified,usda_sr_legacy,multilingual_embedding_model_review,2,usda_identity_and_form_requires_owner_review,pending
1630,包菜,unspecified,usda-fdc-169975,"Cabbage, raw",raw,usda_sr_legacy,multilingual_embedding_model_review,1,usda_identity_and_form_requires_owner_review,pending
1631,鸡汁调料,unspecified,usda-fdc-171562,"Soup, chicken broth or bouillon, dry",unspecified,usda_sr_legacy,multilingual_embedding_model_review,1,usda_identity_and_form_requires_owner_review,pending
1632,小辣椒,unspecified,usda-fdc-170106,"Peppers, hot chili, red, raw",raw,usda_sr_legacy,multilingual_embedding_model_review,4,usda_identity_and_form_requires_owner_review,pending
1634,带子肉,unspecified,usda-fdc-174220,"Mollusks, scallop, mixed species, raw",raw,usda_sr_legacy,multilingual_embedding_model_review,3,usda_identity_and_form_requires_owner_review,pending
1635,明太鱼籽,unspecified,usda-fdc-175132,"Fish, roe, mixed species, raw",raw,usda_sr_legacy,multilingual_embedding_model_review,14,usda_identity_and_form_requires_owner_review,pending
970,豆干,unspecified,usda-fdc-172450,"Tofu, dried-frozen (koyadofu)",dried,usda_sr_legacy,multilingual_embedding_model_review,2,usda_identity_and_form_requires_owner_review,pending
1637,蔬菜粒,unspecified,usda-fdc-170471,"Vegetables, mixed, frozen, unprepared",unspecified,usda_sr_legacy,multilingual_embedding_model_review,1,usda_identity_and_form_requires_owner_review,pending
1638,鸡蛋豆腐,unspecified,,,,,multilingual_embedding_model_review,,no_exact_usda_identity_match,pending
1639,海鲜菇,unspecified,usda-fdc-2003603,"Mushroom, beech",unspecified,usda_foundation,multilingual_embedding_model_review,3,usda_identity_and_form_requires_owner_review,pending
106,龙口粉丝,unspecified,,,,,multilingual_embedding_model_review,,no_exact_usda_identity_match,pending
1640,美极鲜,unspecified,,,,,multilingual_embedding_model_review,,no_exact_usda_identity_match,pending
1641,鲜山药,unspecified,usda-fdc-170071,"Yam, raw",raw,usda_sr_legacy,multilingual_embedding_model_review,2,usda_identity_and_form_requires_owner_review,pending
1642,老陈皮,unspecified,,,,,multilingual_embedding_model_review,,no_exact_usda_identity_match,pending
1644,桂圆干,unspecified,usda-fdc-169907,"Longans, dried",dried,usda_sr_legacy,multilingual_embedding_model_review,1,usda_identity_and_form_requires_owner_review,pending
1645,红皮土豆,unspecified,usda-fdc-170029,"Potatoes, red, flesh and skin, raw",raw,usda_sr_legacy,multilingual_embedding_model_review,1,usda_identity_and_form_requires_owner_review,pending
1646,肉豆蔻,unspecified,usda-fdc-171326,"Spices, nutmeg, ground",unspecified,usda_sr_legacy,multilingual_embedding_model_review,2,usda_identity_and_form_requires_owner_review,pending
1647,猪油油渣子,unspecified,,,,,multilingual_embedding_model_review,,no_exact_usda_identity_match,pending
1649,茉莉绿茶茶包,unspecified,,,,,multilingual_embedding_model_review,,no_exact_usda_identity_match,pending
1650,红柚果肉,unspecified,,,,,multilingual_embedding_model_review,,no_exact_usda_identity_match,pending
1652,猪腱子肉,unspecified,,,,,multilingual_embedding_model_review,,no_exact_usda_identity_match,pending
1653,川贝,unspecified,,,,,multilingual_embedding_model_review,,no_exact_usda_identity_match,pending
1654,手工嫩豆腐,unspecified,usda-fdc-172449,"Tofu, soft, prepared with calcium sulfate and magnesium chloride (nigari)",unspecified,usda_sr_legacy,multilingual_embedding_model_review,6,usda_identity_and_form_requires_owner_review,pending
1655,薏仁,unspecified,,,,,multilingual_embedding_model_review,,no_exact_usda_identity_match,pending
1656,鱼干,unspecified,usda-fdc-174190,"Fish, cod, Atlantic, dried and salted",dried,usda_sr_legacy,multilingual_embedding_model_review,8,usda_identity_and_form_requires_owner_review,pending
1657,青麦汁,unspecified,,,,,multilingual_embedding_model_review,,no_exact_usda_identity_match,pending
1661,仙草冻粉,unspecified,,,,,multilingual_embedding_model_review,,no_exact_usda_identity_match,pending
1662,柠檬皮屑,unspecified,usda-fdc-167749,"Lemon peel, raw",raw,usda_sr_legacy,multilingual_embedding_model_review,2,usda_identity_and_form_requires_owner_review,pending
1663,即食燕麦片,unspecified,usda-fdc-171661,"Cereals, oats, instant, fortified, plain, dry",unspecified,usda_sr_legacy,multilingual_embedding_model_review,15,usda_identity_and_form_requires_owner_review,pending
1664,提子干,unspecified,usda-fdc-2758980,"Raisins, dark, seedless",unspecified,usda_foundation,multilingual_embedding_model_review,4,usda_identity_and_form_requires_owner_review,pending
1665,可食用红丝绒液,unspecified,,,,,multilingual_embedding_model_review,,no_exact_usda_identity_match,pending
1666,羊腿肉,unspecified,usda-fdc-172653,"Lamb, Australian, imported, fresh, leg, bottom, boneless, separable lean only, trimmed to 1/8"" fat, raw",raw,usda_sr_legacy,multilingual_embedding_model_review,3,usda_identity_and_form_requires_owner_review,pending
1668,枫糖浆,unspecified,usda-fdc-169661,"Syrups, maple",unspecified,usda_sr_legacy,multilingual_embedding_model_review,2,usda_identity_and_form_requires_owner_review,pending
1669,叻沙酱,unspecified,,,,,multilingual_embedding_model_review,,no_exact_usda_identity_match,pending
1670,油豆泡,unspecified,usda-fdc-172451,"Tofu, fried",cooked,usda_sr_legacy,multilingual_embedding_model_review,1,usda_identity_and_form_requires_owner_review,pending
1671,鱼饼,unspecified,,,,,multilingual_embedding_model_review,,no_exact_usda_identity_match,pending
1672,豆面,cooked,,,,,multilingual_embedding_model_review,,no_exact_usda_identity_match,pending
1674,水煮鸡蛋,unspecified,usda-fdc-173424,"Egg, whole, cooked, hard-boiled",cooked,usda_sr_legacy,multilingual_embedding_model_review,1,usda_identity_and_form_requires_owner_review,pending
1676,椰子粉,unspecified,usda-fdc-2515382,"Flour, coconut",unspecified,usda_foundation,multilingual_embedding_model_review,1,usda_identity_and_form_requires_owner_review,pending
1678,牛肉丸,unspecified,,,,,multilingual_embedding_model_review,,no_exact_usda_identity_match,pending
1679,魔芋丝,unspecified,,,,,multilingual_embedding_model_review,,no_exact_usda_identity_match,pending
1680,韩国泡菜,unspecified,usda-fdc-170392,"Cabbage, kimchi",unspecified,usda_sr_legacy,multilingual_embedding_model_review,1,usda_identity_and_form_requires_owner_review,pending
1681,面饼,unspecified,,,,,multilingual_embedding_model_review,,no_exact_usda_identity_match,pending
1682,冰粽水晶粉,unspecified,,,,,multilingual_embedding_model_review,,no_exact_usda_identity_match,pending
1684,小羊腿,unspecified,usda-fdc-174374,"Lamb, leg, shank half, separable lean and fat, trimmed to 1/8"" fat, choice, raw",raw,usda_sr_legacy,multilingual_embedding_model_review,1,usda_identity_and_form_requires_owner_review,pending
1685,干葱,unspecified,usda-fdc-170082,"Shallots, freeze-dried",dried,usda_sr_legacy,multilingual_embedding_model_review,1,usda_identity_and_form_requires_owner_review,pending
1686,杜松子,unspecified,,,,,multilingual_embedding_model_review,,no_exact_usda_identity_match,pending
1687,甜豆,unspecified,usda-fdc-170419,"Peas, green, raw",raw,usda_sr_legacy,multilingual_embedding_model_review,1,usda_identity_and_form_requires_owner_review,pending
1689,沙虫,unspecified,,,,,multilingual_embedding_model_review,,no_exact_usda_identity_match,pending
1690,肥肠,unspecified,,,,,multilingual_embedding_model_review,,no_exact_usda_identity_match,pending
634,龙眼肉,dried,usda-fdc-169907,"Longans, dried",dried,usda_sr_legacy,multilingual_embedding_model_review,1,usda_identity_and_form_requires_owner_review,pending
1249,速冻红糖馒头,unspecified,,,,,multilingual_embedding_model_review,,no_exact_usda_identity_match,pending
1694,鲜酱油,unspecified,,,,,multilingual_embedding_model_review,,no_exact_usda_identity_match,pending
1695,综合水果干,unspecified,,,,,multilingual_embedding_model_review,,no_exact_usda_identity_match,pending
1696,综合坚果,unspecified,usda-fdc-168599,"Nuts, mixed nuts, dry roasted, with peanuts, with salt added",cooked,usda_sr_legacy,multilingual_embedding_model_review,10,usda_identity_and_form_requires_owner_review,pending
1697,片状酥油,unspecified,usda-fdc-173599,"Margarine-like shortening, industrial, soy (partially hydrogenated), cottonseed, and soy, principal use flaky pastries",unspecified,usda_sr_legacy,multilingual_embedding_model_review,8,usda_identity_and_form_requires_owner_review,pending
1698,帕玛森干酪碎,unspecified,usda-fdc-171247,"Cheese, parmesan, grated",unspecified,usda_sr_legacy,multilingual_embedding_model_review,1,usda_identity_and_form_requires_owner_review,pending
1701,蒜香粉,unspecified,usda-fdc-171325,"Spices, garlic powder",unspecified,usda_sr_legacy,multilingual_embedding_model_review,1,usda_identity_and_form_requires_owner_review,pending
1704,苔条粉,unspecified,,,,,multilingual_embedding_model_review,,no_exact_usda_identity_match,pending
1705,黑松露油,unspecified,,,,,multilingual_embedding_model_review,,no_exact_usda_identity_match,pending
1706,蝶豆花粉,unspecified,,,,,multilingual_embedding_model_review,,no_exact_usda_identity_match,pending
1707,白鳝,unspecified,usda-fdc-174193,"Fish, eel, mixed species, raw",raw,usda_sr_legacy,multilingual_embedding_model_review,1,usda_identity_and_form_requires_owner_review,pending
1708,葱蒜,unspecified,,,,,multilingual_embedding_model_review,,no_exact_usda_identity_match,pending
1709,猪仔排,unspecified,usda-fdc-168299,"Pork, fresh, backribs, separable lean and fat, raw",raw,usda_sr_legacy,multilingual_embedding_model_review,6,usda_identity_and_form_requires_owner_review,pending
1710,红糖馒头,unspecified,,,,,multilingual_embedding_model_review,,no_exact_usda_identity_match,pending
1713,无酒精汽酒,unspecified,usda-fdc-174157,"Beverages, Wine, non-alcoholic",unspecified,usda_sr_legacy,multilingual_embedding_model_review,1,usda_identity_and_form_requires_owner_review,pending
1717,猪脆骨,unspecified,,,,,multilingual_embedding_model_review,,no_exact_usda_identity_match,pending
1718,烧肉酱,unspecified,usda-fdc-174523,"Sauce, barbecue",unspecified,usda_sr_legacy,multilingual_embedding_model_review,1,usda_identity_and_form_requires_owner_review,pending
1720,黑蒜,unspecified,,,,,multilingual_embedding_model_review,,no_exact_usda_identity_match,pending
1721,西冷牛排,unspecified,usda-fdc-2727574,"Beef, top sirloin steak, raw",raw,usda_foundation,multilingual_embedding_model_review,2,usda_identity_and_form_requires_owner_review,pending
1724,竹碳粉,unspecified,,,,,multilingual_embedding_model_review,,no_exact_usda_identity_match,pending
1725,线椒,unspecified,usda-fdc-170497,"Peppers, hot chili, green, raw",raw,usda_sr_legacy,multilingual_embedding_model_review,2,usda_identity_and_form_requires_owner_review,pending
1726,转化糖,unspecified,,,,,multilingual_embedding_model_review,,no_exact_usda_identity_match,pending
1727,100%纯可可,unspecified,usda-fdc-169593,"Cocoa, dry powder, unsweetened",unspecified,usda_sr_legacy,multilingual_embedding_model_review,1,usda_identity_and_form_requires_owner_review,pending
1728,猪瘦肉,unspecified,usda-fdc-168230,"Pork, fresh, loin, whole, separable lean only, raw",raw,usda_sr_legacy,multilingual_embedding_model_review,15,usda_identity_and_form_requires_owner_review,pending
1729,巧克力豆,unspecified,,,,,multilingual_embedding_model_review,,no_exact_usda_identity_match,pending
1730,四神粉,unspecified,,,,,multilingual_embedding_model_review,,no_exact_usda_identity_match,pending
1731,白兰地,unspecified,,,,,multilingual_embedding_model_review,,no_exact_usda_identity_match,pending
1732,吐司面包,unspecified,,,,,multilingual_embedding_model_review,,no_exact_usda_identity_match,pending
1733,小芒果,unspecified,,,,,multilingual_embedding_model_review,,no_exact_usda_identity_match,pending
1734,鲜山楂,unspecified,,,,,multilingual_embedding_model_review,,no_exact_usda_identity_match,pending
1735,生地,unspecified,,,,,multilingual_embedding_model_review,,no_exact_usda_identity_match,pending
1736,整鸡,unspecified,,,,,multilingual_embedding_model_review,,no_exact_usda_identity_match,pending
1737,红椒粉,unspecified,usda-fdc-171329,"Spices, paprika",unspecified,usda_sr_legacy,multilingual_embedding_model_review,1,usda_identity_and_form_requires_owner_review,pending
1738,鸡高汤,unspecified,usda-fdc-174536,"Soup, chicken broth, ready-to-serve",unspecified,usda_sr_legacy,multilingual_embedding_model_review,2,usda_identity_and_form_requires_owner_review,pending
1740,蒜子,unspecified,usda-fdc-1104647,"Garlic, raw",raw,usda_foundation,multilingual_embedding_model_review,1,usda_identity_and_form_requires_owner_review,pending
1741,老酒,unspecified,usda-fdc-169070,"Alcoholic beverage, wine, cooking",unspecified,usda_sr_legacy,multilingual_embedding_model_review,1,usda_identity_and_form_requires_owner_review,pending
1742,猪颈肉,unspecified,,,,,multilingual_embedding_model_review,,no_exact_usda_identity_match,pending
1744,生鸡爪,unspecified,,,,,multilingual_embedding_model_review,,no_exact_usda_identity_match,pending
1745,叉烧汁,unspecified,,,,,multilingual_embedding_model_review,,no_exact_usda_identity_match,pending
1746,腐乳汁,unspecified,,,,,multilingual_embedding_model_review,,no_exact_usda_identity_match,pending
1748,虾饺,unspecified,,,,,multilingual_embedding_model_review,,no_exact_usda_identity_match,pending
1749,无糖纯豆浆,unspecified,usda-fdc-1750337,"Soy milk, unsweetened, plain, shelf stable",unspecified,usda_foundation,multilingual_embedding_model_review,2,usda_identity_and_form_requires_owner_review,pending
1750,消化饼干,unspecified,,,,,multilingual_embedding_model_review,,no_exact_usda_identity_match,pending
1751,水发玉兰片,unspecified,,,,,multilingual_embedding_model_review,,no_exact_usda_identity_match,pending
1753,肥牛厚片,unspecified,,,,,multilingual_embedding_model_review,,no_exact_usda_identity_match,pending
1754,炒米粉,unspecified,,,,,multilingual_embedding_model_review,,no_exact_usda_identity_match,pending
1755,生姜米,unspecified,,,,,multilingual_embedding_model_review,,no_exact_usda_identity_match,pending
1756,汉堡胚,unspecified,usda-fdc-172796,"Rolls, hamburger or hotdog, plain",unspecified,usda_sr_legacy,multilingual_embedding_model_review,8,usda_identity_and_form_requires_owner_review,pending
1757,牛肉饼,unspecified,,,,,multilingual_embedding_model_review,,no_exact_usda_identity_match,pending
1758,马斯卡彭奶酪,unspecified,,,,,multilingual_embedding_model_review,,no_exact_usda_identity_match,pending
1761,菠萝酱,unspecified,,,,,multilingual_embedding_model_review,,no_exact_usda_identity_match,pending
1762,辣油/红油,unspecified,,,,,multilingual_embedding_model_review,,no_exact_usda_identity_match,pending
1763,红小米椒,unspecified,usda-fdc-170106,"Peppers, hot chili, red, raw",raw,usda_sr_legacy,multilingual_embedding_model_review,1,usda_identity_and_form_requires_owner_review,pending
1765,鸡软骨,unspecified,,,,,multilingual_embedding_model_review,,no_exact_usda_identity_match,pending
1766,鳝鱼背,unspecified,usda-fdc-174193,"Fish, eel, mixed species, raw",raw,usda_sr_legacy,multilingual_embedding_model_review,2,usda_identity_and_form_requires_owner_review,pending
1767,洋魁花,unspecified,usda-fdc-169330,"Broccoli, flower clusters, raw",raw,usda_sr_legacy,multilingual_embedding_model_review,1,usda_identity_and_form_requires_owner_review,pending
1768,青豆瓣,unspecified,,,,,multilingual_embedding_model_review,,no_exact_usda_identity_match,pending
1772,绿青椒,unspecified,usda-fdc-2258588,"Peppers, bell, green, raw",raw,usda_foundation,multilingual_embedding_model_review,1,usda_identity_and_form_requires_owner_review,pending
1773,黑巧克力液,unspecified,usda-fdc-167567,"Baking chocolate, unsweetened, liquid",unspecified,usda_sr_legacy,multilingual_embedding_model_review,1,usda_identity_and_form_requires_owner_review,pending
1774,咸鱼,unspecified,,,,,multilingual_embedding_model_review,,no_exact_usda_identity_match,pending
1776,细长茄子,unspecified,,,,,multilingual_embedding_model_review,,no_exact_usda_identity_match,pending
1777,甜南瓜,unspecified,,,,,multilingual_embedding_model_review,,no_exact_usda_identity_match,pending
1778,糖桂花,unspecified,,,,,multilingual_embedding_model_review,,no_exact_usda_identity_match,pending
1779,双色剁椒酱,unspecified,,,,,multilingual_embedding_model_review,,no_exact_usda_identity_match,pending
1781,蔬菜碎,cooked,usda-fdc-170142,"Vegetables, mixed, frozen, cooked, boiled, drained, with salt",cooked,usda_sr_legacy,multilingual_embedding_model_review,4,usda_identity_and_form_requires_owner_review,pending
1784,火腿馅料,unspecified,,,,,multilingual_embedding_model_review,,no_exact_usda_identity_match,pending
1787,云腿馅,unspecified,,,,,multilingual_embedding_model_review,,no_exact_usda_identity_match,pending
243,中筋面粉,cooked,,,,,multilingual_embedding_model_review,,no_exact_usda_identity_match,pending
1789,生咸蛋黄,unspecified,usda-fdc-173436,"Egg, yolk, raw, frozen, salted, pasteurized",raw,usda_sr_legacy,multilingual_embedding_model_review,2,usda_identity_and_form_requires_owner_review,pending
1790,食用红色素,unspecified,,,,,multilingual_embedding_model_review,,no_exact_usda_identity_match,pending
1481,红油,unspecified,,,,,multilingual_embedding_model_review,,no_exact_usda_identity_match,pending
1792,全脂牛奶,unspecified,usda-fdc-171265,"Milk, whole, 3.25% milkfat, with added vitamin D",unspecified,usda_sr_legacy,multilingual_embedding_model_review,17,usda_identity_and_form_requires_owner_review,pending
1793,香草糖浆,unspecified,,,,,multilingual_embedding_model_review,,no_exact_usda_identity_match,pending
1794,伯爵红茶,unspecified,,,,,multilingual_embedding_model_review,,no_exact_usda_identity_match,pending
1798,鸡胸,unspecified,usda-fdc-2646170,"Chicken, breast, boneless, skinless, raw",raw,usda_foundation,multilingual_embedding_model_review,14,usda_identity_and_form_requires_owner_review,pending
1799,青瓜,unspecified,usda-fdc-2346406,"Cucumber, with peel, raw",raw,usda_foundation,multilingual_embedding_model_review,2,usda_identity_and_form_requires_owner_review,pending
1800,小墨鱼,unspecified,usda-fdc-174223,"Mollusks, squid, mixed species, raw",raw,usda_sr_legacy,multilingual_embedding_model_review,4,usda_identity_and_form_requires_owner_review,pending
1801,鲜瘦猪肉,unspecified,usda-fdc-169190,"Pork, ground, 96% lean / 4% fat, raw",raw,usda_sr_legacy,multilingual_embedding_model_review,2,usda_identity_and_form_requires_owner_review,pending
1802,动物奶油,unspecified,usda-fdc-170859,"Cream, fluid, heavy whipping",unspecified,usda_sr_legacy,multilingual_embedding_model_review,2,usda_identity_and_form_requires_owner_review,pending
1803,鸡脆骨,unspecified,,,,,multilingual_embedding_model_review,,no_exact_usda_identity_match,pending
1804,雪花牛肉,unspecified,usda-fdc-171740,"Beef, Australian, imported, Wagyu, rib, small end rib steak/roast, boneless, separable lean and fat, Aust. marble score 4/5, raw",raw,usda_sr_legacy,multilingual_embedding_model_review,7,usda_identity_and_form_requires_owner_review,pending
1805,大红尖椒,unspecified,usda-fdc-170106,"Peppers, hot chili, red, raw",raw,usda_sr_legacy,multilingual_embedding_model_review,1,usda_identity_and_form_requires_owner_review,pending
1806,肥瘦肉,unspecified,usda-fdc-168219,"Pork, fresh, carcass, separable lean and fat, raw",raw,usda_sr_legacy,multilingual_embedding_model_review,6,usda_identity_and_form_requires_owner_review,pending
1807,鲜贝露,unspecified,,,,,multilingual_embedding_model_review,,no_exact_usda_identity_match,pending
1809,橘叶,unspecified,,,,,multilingual_embedding_model_review,,no_exact_usda_identity_match,pending
1812,长红椒,unspecified,usda-fdc-170106,"Peppers, hot chili, red, raw",raw,usda_sr_legacy,multilingual_embedding_model_review,1,usda_identity_and_form_requires_owner_review,pending
1813,有盐黄油,unspecified,usda-fdc-173410,"Butter, salted",unspecified,usda_sr_legacy,multilingual_embedding_model_review,1,usda_identity_and_form_requires_owner_review,pending
1815,豆腐衣,unspecified,,,,,multilingual_embedding_model_review,,no_exact_usda_identity_match,pending
1816,辣酱,unspecified,usda-fdc-171595,"Sauce, tomato chili sauce, bottled, with salt",unspecified,usda_sr_legacy,multilingual_embedding_model_review,2,usda_identity_and_form_requires_owner_review,pending
1817,印度飞饼皮,unspecified,usda-fdc-174076,"Bread, paratha, whole wheat, commercially prepared, frozen",unspecified,usda_sr_legacy,multilingual_embedding_model_review,2,usda_identity_and_form_requires_owner_review,pending
1820,清鸡汤,unspecified,usda-fdc-174536,"Soup, chicken broth, ready-to-serve",unspecified,usda_sr_legacy,multilingual_embedding_model_review,5,usda_identity_and_form_requires_owner_review,pending
1821,保宁醋,unspecified,,,,,multilingual_embedding_model_review,,no_exact_usda_identity_match,pending
1822,李锦记旧庄蚝油,unspecified,usda-fdc-174529,"Sauce, oyster, ready-to-serve",unspecified,usda_sr_legacy,multilingual_embedding_model_review,1,usda_identity_and_form_requires_owner_review,pending
1823,双桥味精,unspecified,,,,,multilingual_embedding_model_review,,no_exact_usda_identity_match,pending
1824,美极鲜酱油,unspecified,,,,,multilingual_embedding_model_review,,no_exact_usda_identity_match,pending
1825,李锦记老抽,unspecified,,,,,multilingual_embedding_model_review,,no_exact_usda_identity_match,pending
1826,黑虎虾仁,unspecified,,,,,multilingual_embedding_model_review,,no_exact_usda_identity_match,pending
1828,虾米豆豉酱,unspecified,,,,,multilingual_embedding_model_review,,no_exact_usda_identity_match,pending
1830,闽东大黄鱼,unspecified,usda-fdc-174192,"Fish, croaker, Atlantic, raw",raw,usda_sr_legacy,multilingual_embedding_model_review,4,usda_identity_and_form_requires_owner_review,pending
1831,黑醋粒,unspecified,,,,,multilingual_embedding_model_review,,no_exact_usda_identity_match,pending
1832,木鱼花,unspecified,,,,,multilingual_embedding_model_review,,no_exact_usda_identity_match,pending
1836,生花生,unspecified,usda-fdc-172430,"Peanuts, all types, raw",raw,usda_sr_legacy,multilingual_embedding_model_review,5,usda_identity_and_form_requires_owner_review,pending
1838,净鸽子,unspecified,,,,,multilingual_embedding_model_review,,no_exact_usda_identity_match,pending
235,红椒,dried,usda-fdc-168570,"Peppers, hot chile, sun-dried",dried,usda_sr_legacy,multilingual_embedding_model_review,1,usda_identity_and_form_requires_owner_review,pending
1840,草寇,unspecified,usda-fdc-170919,"Spices, cardamom",unspecified,usda_sr_legacy,multilingual_embedding_model_review,1,usda_identity_and_form_requires_owner_review,pending
1841,肉蔻,unspecified,usda-fdc-171326,"Spices, nutmeg, ground",unspecified,usda_sr_legacy,multilingual_embedding_model_review,2,usda_identity_and_form_requires_owner_review,pending
1842,凤梨馅,unspecified,usda-fdc-169665,"Toppings, pineapple",unspecified,usda_sr_legacy,multilingual_embedding_model_review,1,usda_identity_and_form_requires_owner_review,pending
1844,绿奇异果,unspecified,usda-fdc-168153,"Kiwifruit, green, raw",raw,usda_sr_legacy,multilingual_embedding_model_review,1,usda_identity_and_form_requires_owner_review,pending
1845,海虾,unspecified,usda-fdc-175179,"Crustaceans, shrimp, raw",raw,usda_sr_legacy,multilingual_embedding_model_review,3,usda_identity_and_form_requires_owner_review,pending
1846,冷藏鲜牛奶,unspecified,,,,,multilingual_embedding_model_review,,no_exact_usda_identity_match,pending
1847,圆糯米,unspecified,usda-fdc-168883,"Rice, white, glutinous, unenriched, uncooked",cooked,usda_sr_legacy,multilingual_embedding_model_review,3,usda_identity_and_form_requires_owner_review,pending
1849,栀子粉,unspecified,,,,,multilingual_embedding_model_review,,no_exact_usda_identity_match,pending
1850,盐焗鸡竹笋纸,unspecified,,,,,multilingual_embedding_model_review,,no_exact_usda_identity_match,pending
1852,油发鱼肚,unspecified,,,,,multilingual_embedding_model_review,,no_exact_usda_identity_match,pending
1853,蚕豆瓣,unspecified,usda-fdc-170377,"Broadbeans, immature seeds, raw",raw,usda_sr_legacy,multilingual_embedding_model_review,9,usda_identity_and_form_requires_owner_review,pending
1854,六月鲜豆瓣酱,unspecified,,,,,multilingual_embedding_model_review,,no_exact_usda_identity_match,pending
1157,无盐黄油,unspecified,usda-fdc-173430,"Butter, without salt",unspecified,usda_sr_legacy,multilingual_embedding_model_review,1,usda_identity_and_form_requires_owner_review,pending
1856,青菜菜心,unspecified,usda-fdc-2685572,"Cabbage, bok choy, raw",raw,usda_foundation,multilingual_embedding_model_review,3,usda_identity_and_form_requires_owner_review,pending
1857,新奥尔良烤粉,unspecified,,,,,multilingual_embedding_model_review,,no_exact_usda_identity_match,pending
1858,烧烤蜜汁,unspecified,,,,,multilingual_embedding_model_review,,no_exact_usda_identity_match,pending
1859,豌豆淀粉,unspecified,,,,,multilingual_embedding_model_review,,no_exact_usda_identity_match,pending
1860,苏打粉,unspecified,usda-fdc-175040,"Leavening agents, baking soda",unspecified,usda_sr_legacy,multilingual_embedding_model_review,1,usda_identity_and_form_requires_owner_review,pending
156,五花肉,cooked,,,,,multilingual_embedding_model_review,,no_exact_usda_identity_match,pending
1862,水煮笋,unspecified,usda-fdc-169211,"Bamboo shoots, cooked, boiled, drained, without salt",cooked,usda_sr_legacy,multilingual_embedding_model_review,3,usda_identity_and_form_requires_owner_review,pending
1863,咸蛋,unspecified,,,,,multilingual_embedding_model_review,,no_exact_usda_identity_match,pending
1864,鹰栗粉,unspecified,usda-fdc-169698,Cornstarch,unspecified,usda_sr_legacy,multilingual_embedding_model_review,1,usda_identity_and_form_requires_owner_review,pending
1865,大豆油,unspecified,usda-fdc-171411,"Oil, soybean, salad or cooking",unspecified,usda_sr_legacy,multilingual_embedding_model_review,4,usda_identity_and_form_requires_owner_review,pending
1866,净鲫鱼,unspecified,usda-fdc-171952,"Fish, carp, raw",raw,usda_sr_legacy,multilingual_embedding_model_review,2,usda_identity_and_form_requires_owner_review,pending
1867,清酒,unspecified,usda-fdc-167723,"Alcoholic beverage, rice (sake)",unspecified,usda_sr_legacy,multilingual_embedding_model_review,1,usda_identity_and_form_requires_owner_review,pending
1868,猪廋肉,unspecified,usda-fdc-168230,"Pork, fresh, loin, whole, separable lean only, raw",raw,usda_sr_legacy,multilingual_embedding_model_review,15,usda_identity_and_form_requires_owner_review,pending
1869,海天蚝油,unspecified,usda-fdc-174529,"Sauce, oyster, ready-to-serve",unspecified,usda_sr_legacy,multilingual_embedding_model_review,1,usda_identity_and_form_requires_owner_review,pending
1874,萝卜,unspecified,usda-fdc-168451,"Radishes, oriental, raw",raw,usda_sr_legacy,multilingual_embedding_model_review,3,usda_identity_and_form_requires_owner_review,pending
1876,兑好的糖水,unspecified,,,,,multilingual_embedding_model_review,,no_exact_usda_identity_match,pending
1878,虎虾,unspecified,,,,,multilingual_embedding_model_review,,no_exact_usda_identity_match,pending
1879,菜干,unspecified,,,,,multilingual_embedding_model_review,,no_exact_usda_identity_match,pending
1880,三角挞壳,unspecified,,,,,multilingual_embedding_model_review,,no_exact_usda_identity_match,pending
1881,净三黄鸡,unspecified,,,,,multilingual_embedding_model_review,,no_exact_usda_identity_match,pending
1882,糙米,unspecified,usda-fdc-2512380,"Rice, brown, long grain, unenriched, raw",raw,usda_foundation,multilingual_embedding_model_review,5,usda_identity_and_form_requires_owner_review,pending
1883,鲜活小龙虾,unspecified,usda-fdc-174206,"Crustaceans, crayfish, mixed species, wild, raw",raw,usda_sr_legacy,multilingual_embedding_model_review,1,usda_identity_and_form_requires_owner_review,pending
1885,麻糬预拌粉,unspecified,,,,,multilingual_embedding_model_review,,no_exact_usda_identity_match,pending
1886,芝麻馅,unspecified,usda-fdc-170191,"Seeds, sesame butter, paste",unspecified,usda_sr_legacy,multilingual_embedding_model_review,2,usda_identity_and_form_requires_owner_review,pending
1887,安佳芝士碎,unspecified,usda-fdc-328637,"Cheese, cheddar",unspecified,usda_foundation,multilingual_embedding_model_review,3,usda_identity_and_form_requires_owner_review,pending
1888,粗砂糖,unspecified,usda-fdc-170674,"Sugar, turbinado",unspecified,usda_sr_legacy,multilingual_embedding_model_review,7,usda_identity_and_form_requires_owner_review,pending
1890,海鲈鱼,unspecified,usda-fdc-175142,"Fish, sea bass, mixed species, raw",raw,usda_sr_legacy,multilingual_embedding_model_review,1,usda_identity_and_form_requires_owner_review,pending
1894,鲜欧芹碎,unspecified,usda-fdc-170416,"Parsley, fresh",unspecified,usda_sr_legacy,multilingual_embedding_model_review,1,usda_identity_and_form_requires_owner_review,pending
1895,白腐乳,unspecified,,,,,multilingual_embedding_model_review,,no_exact_usda_identity_match,pending
1896,法棍,unspecified,,,,,multilingual_embedding_model_review,,no_exact_usda_identity_match,pending
1897,本港大鱿鱼,unspecified,usda-fdc-174223,"Mollusks, squid, mixed species, raw",raw,usda_sr_legacy,multilingual_embedding_model_review,1,usda_identity_and_form_requires_owner_review,pending
1899,猕猴桃果肉,unspecified,usda-fdc-2710831,"Kiwifruit (kiwi), green, peeled, raw",raw,usda_foundation,multilingual_embedding_model_review,3,usda_identity_and_form_requires_owner_review,pending
1900,香蕉果肉,unspecified,usda-fdc-173944,"Bananas, raw",raw,usda_sr_legacy,multilingual_embedding_model_review,2,usda_identity_and_form_requires_owner_review,pending
1902,整片的大白菜叶子,unspecified,usda-fdc-2727583,"Cabbage, napa, leaf, destemmed, raw",raw,usda_foundation,multilingual_embedding_model_review,2,usda_identity_and_form_requires_owner_review,pending
1904,肥肉丁,unspecified,usda-fdc-167811,"Pork, fresh, backfat, raw",raw,usda_sr_legacy,multilingual_embedding_model_review,7,usda_identity_and_form_requires_owner_review,pending
1905,蟹柳,unspecified,usda-fdc-174203,"Crustaceans, crab, alaska king, imitation, made from surimi",unspecified,usda_sr_legacy,multilingual_embedding_model_review,1,usda_identity_and_form_requires_owner_review,pending
1906,寿司紫菜,unspecified,,,,,multilingual_embedding_model_review,,no_exact_usda_identity_match,pending
1907,酸梅酱,unspecified,usda-fdc-172879,"Sauce, plum, ready-to-serve",unspecified,usda_sr_legacy,multilingual_embedding_model_review,1,usda_identity_and_form_requires_owner_review,pending
1908,速发干酵母,unspecified,usda-fdc-175043,"Leavening agents, yeast, baker's, active dry",unspecified,usda_sr_legacy,multilingual_embedding_model_review,13,usda_identity_and_form_requires_owner_review,pending
1909,孜然/孜然粉,unspecified,usda-fdc-170923,"Spices, cumin seed",unspecified,usda_sr_legacy,multilingual_embedding_model_review,2,usda_identity_and_form_requires_owner_review,pending
1910,山楂糕,unspecified,,,,,multilingual_embedding_model_review,,no_exact_usda_identity_match,pending
1911,速溶黑咖啡粉,unspecified,usda-fdc-171893,"Beverages, coffee, instant, regular, powder",unspecified,usda_sr_legacy,multilingual_embedding_model_review,1,usda_identity_and_form_requires_owner_review,pending
1912,燕麦米,unspecified,usda-fdc-2346397,"Oats, whole grain, steel cut",unspecified,usda_foundation,multilingual_embedding_model_review,11,usda_identity_and_form_requires_owner_review,pending
1914,果蔬汁,unspecified,usda-fdc-174175,"Beverages, vegetable and fruit juice blend, 100% juice, with added vitamins A, C, E",unspecified,usda_sr_legacy,multilingual_embedding_model_review,3,usda_identity_and_form_requires_owner_review,pending
1915,芝士焗榴莲,unspecified,,,,,multilingual_embedding_model_review,,no_exact_usda_identity_match,pending
1917,大蒜头,unspecified,usda-fdc-169230,"Garlic, raw",raw,usda_sr_legacy,multilingual_embedding_model_review,1,usda_identity_and_form_requires_owner_review,pending
1920,咸鸭蛋黄,unspecified,,,,,multilingual_embedding_model_review,,no_exact_usda_identity_match,pending
1923,老干妈酱,unspecified,,,,,multilingual_embedding_model_review,,no_exact_usda_identity_match,pending
1925,牛腿肉,unspecified,usda-fdc-168711,"Beef, round, top round, separable lean and fat, trimmed to 1/8"" fat, choice, cooked, pan-fried",cooked,usda_sr_legacy,multilingual_embedding_model_review,5,usda_identity_and_form_requires_owner_review,pending
1927,长豆角,unspecified,usda-fdc-169222,"Yardlong bean, raw",raw,usda_sr_legacy,multilingual_embedding_model_review,2,usda_identity_and_form_requires_owner_review,pending
1928,酸豆角,unspecified,,,,,multilingual_embedding_model_review,,no_exact_usda_identity_match,pending
1930,松花蛋,unspecified,,,,,multilingual_embedding_model_review,,no_exact_usda_identity_match,pending
1931,叉烧包,unspecified,,,,,multilingual_embedding_model_review,,no_exact_usda_identity_match,pending
1932,瘦牛肉馅,unspecified,usda-fdc-174030,"Beef, ground, 90% lean meat / 10% fat, raw",raw,usda_sr_legacy,multilingual_embedding_model_review,3,usda_identity_and_form_requires_owner_review,pending
1933,凉白开水,unspecified,,,,,multilingual_embedding_model_review,,no_exact_usda_identity_match,pending
1935,鳗鱼柳,unspecified,usda-fdc-174193,"Fish, eel, mixed species, raw",raw,usda_sr_legacy,multilingual_embedding_model_review,2,usda_identity_and_form_requires_owner_review,pending
1936,烧卖皮,unspecified,usda-fdc-172802,Wonton wrappers (includes egg roll wrappers),unspecified,usda_sr_legacy,multilingual_embedding_model_review,1,usda_identity_and_form_requires_owner_review,pending
1937,虾滑,unspecified,,,,,multilingual_embedding_model_review,,no_exact_usda_identity_match,pending
1939,温热水,unspecified,usda-fdc-173647,"Beverages, water, tap, drinking",unspecified,usda_sr_legacy,multilingual_embedding_model_review,1,usda_identity_and_form_requires_owner_review,pending
526,板栗仁,unspecified,usda-fdc-170575,"Nuts, chestnuts, european, raw, peeled",raw,usda_sr_legacy,multilingual_embedding_model_review,9,usda_identity_and_form_requires_owner_review,pending
1942,嫩肉粉,unspecified,,,,,multilingual_embedding_model_review,,no_exact_usda_identity_match,pending
1944,黄色面包糠,unspecified,,,,,multilingual_embedding_model_review,,no_exact_usda_identity_match,pending
1945,亚麻籽,unspecified,usda-fdc-169414,"Seeds, flaxseed",unspecified,usda_sr_legacy,multilingual_embedding_model_review,1,usda_identity_and_form_requires_owner_review,pending
1946,火鸡,unspecified,,,,,multilingual_embedding_model_review,,no_exact_usda_identity_match,pending
1948,香橙,unspecified,usda-fdc-169097,"Oranges, raw, all commercial varieties",raw,usda_sr_legacy,multilingual_embedding_model_review,16,usda_identity_and_form_requires_owner_review,pending
1950,水牛芝士,unspecified,usda-fdc-170845,"Cheese, mozzarella, whole milk",unspecified,usda_sr_legacy,multilingual_embedding_model_review,2,usda_identity_and_form_requires_owner_review,pending
1951,帕马森芝士,unspecified,usda-fdc-170848,"Cheese, parmesan, hard",unspecified,usda_sr_legacy,multilingual_embedding_model_review,4,usda_identity_and_form_requires_owner_review,pending
1954,荔浦芋头,unspecified,usda-fdc-169308,"Taro, raw",raw,usda_sr_legacy,multilingual_embedding_model_review,1,usda_identity_and_form_requires_owner_review,pending
1955,辣椒圈,unspecified,,,,,multilingual_embedding_model_review,,no_exact_usda_identity_match,pending
1956,绿茶粉,unspecified,usda-fdc-173230,"Beverages, tea, instant, unsweetened, powder",unspecified,usda_sr_legacy,multilingual_embedding_model_review,2,usda_identity_and_form_requires_owner_review,pending
1958,散养童子鸡,unspecified,,,,,multilingual_embedding_model_review,,no_exact_usda_identity_match,pending
1959,文昌鸡,unspecified,,,,,multilingual_embedding_model_review,,no_exact_usda_identity_match,pending
910,香茅草,unspecified,usda-fdc-168573,"Lemon grass (citronella), raw",raw,usda_sr_legacy,multilingual_embedding_model_review,1,usda_identity_and_form_requires_owner_review,pending
1960,甜辣酱,unspecified,,,,,multilingual_embedding_model_review,,no_exact_usda_identity_match,pending
1961,黑珍珠,unspecified,usda-fdc-169717,"Tapioca, pearl, dry",unspecified,usda_sr_legacy,multilingual_embedding_model_review,1,usda_identity_and_form_requires_owner_review,pending
1962,橙皮,unspecified,usda-fdc-169103,"Orange peel, raw",raw,usda_sr_legacy,multilingual_embedding_model_review,1,usda_identity_and_form_requires_owner_review,pending
1963,文昌鸡肉,unspecified,,,,,multilingual_embedding_model_review,,no_exact_usda_identity_match,pending
1965,珍珠马蹄,unspecified,usda-fdc-170066,"Waterchestnuts, chinese, (matai), raw",raw,usda_sr_legacy,multilingual_embedding_model_review,3,usda_identity_and_form_requires_owner_review,pending
1966,NFC100%椰子水,unspecified,usda-fdc-174831,"Beverages, Coconut water, ready-to-drink, unsweetened",unspecified,usda_sr_legacy,multilingual_embedding_model_review,3,usda_identity_and_form_requires_owner_review,pending
241,咖喱,unspecified,usda-fdc-170924,"Spices, curry powder",unspecified,usda_sr_legacy,multilingual_embedding_model_review,1,usda_identity_and_form_requires_owner_review,pending
1970,掌中宝,unspecified,,,,,multilingual_embedding_model_review,,no_exact_usda_identity_match,pending
1971,椒盐粉,unspecified,,,,,multilingual_embedding_model_review,,no_exact_usda_identity_match,pending
1972,猪眉子肉,unspecified,usda-fdc-2646169,"Pork, loin, tenderloin, boneless, raw",raw,usda_foundation,multilingual_embedding_model_review,2,usda_identity_and_form_requires_owner_review,pending
1973,白术,unspecified,,,,,multilingual_embedding_model_review,,no_exact_usda_identity_match,pending
92,豆豉,dried,,,,,multilingual_embedding_model_review,,no_exact_usda_identity_match,pending
1979,黄甜椒,unspecified,usda-fdc-2258589,"Peppers, bell, yellow, raw",raw,usda_foundation,multilingual_embedding_model_review,1,usda_identity_and_form_requires_owner_review,pending
1980,红,dried,,,,,multilingual_embedding_model_review,,no_exact_usda_identity_match,pending
1982,猪血丸子,unspecified,,,,,multilingual_embedding_model_review,,no_exact_usda_identity_match,pending
1983,葫芦瓜,unspecified,usda-fdc-169232,"Gourd, white-flowered (calabash), raw",raw,usda_sr_legacy,multilingual_embedding_model_review,4,usda_identity_and_form_requires_owner_review,pending
1984,芥末,unspecified,usda-fdc-172234,"Mustard, prepared, yellow",unspecified,usda_sr_legacy,multilingual_embedding_model_review,4,usda_identity_and_form_requires_owner_review,pending
1986,粗玉米面,unspecified,usda-fdc-169697,"Cornmeal, whole-grain, yellow",unspecified,usda_sr_legacy,multilingual_embedding_model_review,1,usda_identity_and_form_requires_owner_review,pending
1987,奥尔良烤鸡粉,unspecified,,,,,multilingual_embedding_model_review,,no_exact_usda_identity_match,pending
1988,猪肋条肉,unspecified,usda-fdc-167853,"Pork, fresh, spareribs, separable lean and fat, raw",raw,usda_sr_legacy,multilingual_embedding_model_review,11,usda_identity_and_form_requires_owner_review,pending
1989,白豆蔻,unspecified,usda-fdc-170919,"Spices, cardamom",unspecified,usda_sr_legacy,multilingual_embedding_model_review,1,usda_identity_and_form_requires_owner_review,pending
1993,山楂圈,unspecified,,,,,multilingual_embedding_model_review,,no_exact_usda_identity_match,pending
1996,豆苗,unspecified,,,,,multilingual_embedding_model_review,,no_exact_usda_identity_match,pending
1502,意大利面,unspecified,usda-fdc-2758998,"Pasta, dry, enriched, spaghetti",unspecified,usda_foundation,multilingual_embedding_model_review,3,usda_identity_and_form_requires_owner_review,pending
1999,鲜松茸,unspecified,,,,,multilingual_embedding_model_review,,no_exact_usda_identity_match,pending
2003,古方红糖,unspecified,,,,,multilingual_embedding_model_review,,no_exact_usda_identity_match,pending
2004,小米辣椒,unspecified,,,,,multilingual_embedding_model_review,,no_exact_usda_identity_match,pending
2006,绵砂糖,unspecified,,,,,multilingual_embedding_model_review,,no_exact_usda_identity_match,pending
2007,固态猪油,unspecified,usda-fdc-171401,Lard,unspecified,usda_sr_legacy,multilingual_embedding_model_review,1,usda_identity_and_form_requires_owner_review,pending
2008,水发枸杞,unspecified,,,,,multilingual_embedding_model_review,,no_exact_usda_identity_match,pending
2009,鸽蛋,unspecified,,,,,multilingual_embedding_model_review,,no_exact_usda_identity_match,pending
2010,生牛腩,unspecified,usda-fdc-2646175,"Beef, flank, steak, boneless, choice, raw",raw,usda_foundation,multilingual_embedding_model_review,1,usda_identity_and_form_requires_owner_review,pending
2011,冰激凌,unspecified,usda-fdc-167575,"Ice creams, vanilla",unspecified,usda_sr_legacy,multilingual_embedding_model_review,3,usda_identity_and_form_requires_owner_review,pending
2012,净鱿鱼,unspecified,usda-fdc-174223,"Mollusks, squid, mixed species, raw",raw,usda_sr_legacy,multilingual_embedding_model_review,1,usda_identity_and_form_requires_owner_review,pending
2013,红泰椒,unspecified,usda-fdc-170106,"Peppers, hot chili, red, raw",raw,usda_sr_legacy,multilingual_embedding_model_review,1,usda_identity_and_form_requires_owner_review,pending
2014,甘薯薯条,unspecified,usda-fdc-168015,"Sweet Potatoes, french fried, crosscut, frozen, unprepared",cooked,usda_sr_legacy,multilingual_embedding_model_review,1,usda_identity_and_form_requires_owner_review,pending
2016,蚕豆米,unspecified,usda-fdc-168574,"Beans, fava, in pod, raw",raw,usda_sr_legacy,multilingual_embedding_model_review,2,usda_identity_and_form_requires_owner_review,pending
2017,小青豆,unspecified,usda-fdc-170419,"Peas, green, raw",raw,usda_sr_legacy,multilingual_embedding_model_review,1,usda_identity_and_form_requires_owner_review,pending
2019,筒子骨,unspecified,,,,,multilingual_embedding_model_review,,no_exact_usda_identity_match,pending
2021,青柠,unspecified,usda-fdc-168155,"Limes, raw",raw,usda_sr_legacy,multilingual_embedding_model_review,2,usda_identity_and_form_requires_owner_review,pending
2022,铁根山药,unspecified,usda-fdc-170071,"Yam, raw",raw,usda_sr_legacy,multilingual_embedding_model_review,1,usda_identity_and_form_requires_owner_review,pending
2029,小苏打粉,unspecified,usda-fdc-175040,"Leavening agents, baking soda",unspecified,usda_sr_legacy,multilingual_embedding_model_review,1,usda_identity_and_form_requires_owner_review,pending
2030,黑米粉,unspecified,,,,,multilingual_embedding_model_review,,no_exact_usda_identity_match,pending
2031,薄盐生抽,unspecified,usda-fdc-172473,"Soy sauce made from soy and wheat (shoyu), low sodium",unspecified,usda_sr_legacy,multilingual_embedding_model_review,1,usda_identity_and_form_requires_owner_review,pending
2033,章鱼干,unspecified,,,,,multilingual_embedding_model_review,,no_exact_usda_identity_match,pending
2034,洪湖莲藕,unspecified,usda-fdc-169250,"Lotus root, raw",raw,usda_sr_legacy,multilingual_embedding_model_review,1,usda_identity_and_form_requires_owner_review,pending
2036,龙骨,unspecified,,,,,multilingual_embedding_model_review,,no_exact_usda_identity_match,pending
2037,无糖芝麻粉,unspecified,,,,,multilingual_embedding_model_review,,no_exact_usda_identity_match,pending
2039,鸭胸肉,unspecified,usda-fdc-172410,"Duck, domesticated, meat only, raw",raw,usda_sr_legacy,multilingual_embedding_model_review,9,usda_identity_and_form_requires_owner_review,pending
2041,醉麸,unspecified,,,,,multilingual_embedding_model_review,,no_exact_usda_identity_match,pending
2042,草鸡,unspecified,,,,,multilingual_embedding_model_review,,no_exact_usda_identity_match,pending
2043,青麦仁,unspecified,,,,,multilingual_embedding_model_review,,no_exact_usda_identity_match,pending
2046,面筋,unspecified,usda-fdc-168147,Vital wheat gluten,unspecified,usda_sr_legacy,multilingual_embedding_model_review,1,usda_identity_and_form_requires_owner_review,pending
2049,桂花蜜,unspecified,usda-fdc-169640,Honey,unspecified,usda_sr_legacy,multilingual_embedding_model_review,1,usda_identity_and_form_requires_owner_review,pending
2050,OK酱,unspecified,,,,,multilingual_embedding_model_review,,no_exact_usda_identity_match,pending
2051,棉绳,unspecified,,,,,multilingual_embedding_model_review,,no_exact_usda_identity_match,pending
2052,黄柠檬果肉,unspecified,usda-fdc-167746,"Lemons, raw, without peel",raw,usda_sr_legacy,multilingual_embedding_model_review,3,usda_identity_and_form_requires_owner_review,pending
2053,橙子果肉,unspecified,usda-fdc-169918,"Oranges, raw, Florida",raw,usda_sr_legacy,multilingual_embedding_model_review,3,usda_identity_and_form_requires_owner_review,pending
2054,黄柠檬,unspecified,usda-fdc-167746,"Lemons, raw, without peel",raw,usda_sr_legacy,multilingual_embedding_model_review,12,usda_identity_and_form_requires_owner_review,pending
2055,西瓜挖球,unspecified,usda-fdc-167765,"Watermelon, raw",raw,usda_sr_legacy,multilingual_embedding_model_review,1,usda_identity_and_form_requires_owner_review,pending
2058,藤椒油,unspecified,,,,,multilingual_embedding_model_review,,no_exact_usda_identity_match,pending
2059,鲜黑木耳,unspecified,,,,,multilingual_embedding_model_review,,no_exact_usda_identity_match,pending
2062,虾丸,unspecified,,,,,multilingual_embedding_model_review,,no_exact_usda_identity_match,pending
2066,香葱结,unspecified,,,,,multilingual_embedding_model_review,,no_exact_usda_identity_match,pending
2068,碎冰糖,unspecified,,,,,multilingual_embedding_model_review,,no_exact_usda_identity_match,pending
2069,蕃茄,unspecified,,,,,multilingual_embedding_model_review,,no_exact_usda_identity_match,pending
2070,东北大酱,unspecified,,,,,multilingual_embedding_model_review,,no_exact_usda_identity_match,pending
2071,龟苓膏粉,unspecified,,,,,multilingual_embedding_model_review,,no_exact_usda_identity_match,pending
2075,细葱花,unspecified,usda-fdc-2727585,"Green onion, (scallion), bulb and greens, root removed, raw",raw,usda_foundation,multilingual_embedding_model_review,17,usda_identity_and_form_requires_owner_review,pending
2078,蒜蓉辣酱,unspecified,usda-fdc-171186,"Sauce, hot chile, sriracha",unspecified,usda_sr_legacy,multilingual_embedding_model_review,3,usda_identity_and_form_requires_owner_review,pending
2081,内酯,unspecified,,,,,multilingual_embedding_model_review,,no_exact_usda_identity_match,pending
2083,酥皮油,unspecified,usda-fdc-173599,"Margarine-like shortening, industrial, soy (partially hydrogenated), cottonseed, and soy, principal use flaky pastries",unspecified,usda_sr_legacy,multilingual_embedding_model_review,20,usda_identity_and_form_requires_owner_review,pending
2084,香草荚,unspecified,,,,,multilingual_embedding_model_review,,no_exact_usda_identity_match,pending
1571,黑啤,unspecified,,,,,multilingual_embedding_model_review,,no_exact_usda_identity_match,pending
2085,味霖,unspecified,,,,,multilingual_embedding_model_review,,no_exact_usda_identity_match,pending
2086,金桔,unspecified,usda-fdc-168154,"Kumquats, raw",raw,usda_sr_legacy,multilingual_embedding_model_review,1,usda_identity_and_form_requires_owner_review,pending
2088,浓缩柠檬汁,unspecified,usda-fdc-167748,"Lemon juice from concentrate, canned or bottled",unspecified,usda_sr_legacy,multilingual_embedding_model_review,3,usda_identity_and_form_requires_owner_review,pending
743,牛腩,cooked,usda-fdc-169435,"Beef, flank, steak, separable lean and fat, trimmed to 0"" fat, choice, cooked, broiled",cooked,usda_sr_legacy,multilingual_embedding_model_review,8,usda_identity_and_form_requires_owner_review,pending
2091,原味薯片,unspecified,usda-fdc-169677,"Snacks, potato chips, plain, salted",unspecified,usda_sr_legacy,multilingual_embedding_model_review,3,usda_identity_and_form_requires_owner_review,pending
2093,短粒糯米,unspecified,usda-fdc-168883,"Rice, white, glutinous, unenriched, uncooked",cooked,usda_sr_legacy,multilingual_embedding_model_review,6,usda_identity_and_form_requires_owner_review,pending
2100,水发莲子,unspecified,,,,,multilingual_embedding_model_review,,no_exact_usda_identity_match,pending
2101,米肠,unspecified,usda-fdc-171618,Blood sausage,unspecified,usda_sr_legacy,multilingual_embedding_model_review,1,usda_identity_and_form_requires_owner_review,pending
2102,树莓,unspecified,usda-fdc-167755,"Raspberries, raw",raw,usda_sr_legacy,multilingual_embedding_model_review,2,usda_identity_and_form_requires_owner_review,pending
2104,香茅,unspecified,usda-fdc-168573,"Lemon grass (citronella), raw",raw,usda_sr_legacy,multilingual_embedding_model_review,1,usda_identity_and_form_requires_owner_review,pending
2105,香水柠檬,unspecified,,,,,multilingual_embedding_model_review,,no_exact_usda_identity_match,pending
2106,小米辣圈,unspecified,,,,,multilingual_embedding_model_review,,no_exact_usda_identity_match,pending
1873,嫩仔鸡,unspecified,,,,,multilingual_embedding_model_review,,no_exact_usda_identity_match,pending
2107,甜椒粉,unspecified,usda-fdc-171329,"Spices, paprika",unspecified,usda_sr_legacy,multilingual_embedding_model_review,2,usda_identity_and_form_requires_owner_review,pending
2109,烧酒,unspecified,,,,,multilingual_embedding_model_review,,no_exact_usda_identity_match,pending
2110,烤肉酱汁,unspecified,usda-fdc-174523,"Sauce, barbecue",unspecified,usda_sr_legacy,multilingual_embedding_model_review,1,usda_identity_and_form_requires_owner_review,pending
2114,梅干菜干,unspecified,usda-fdc-169891,"Cabbage, mustard, salted",unspecified,usda_sr_legacy,multilingual_embedding_model_review,14,usda_identity_and_form_requires_owner_review,pending
2115,羊肉串半成品,unspecified,,,,,multilingual_embedding_model_review,,no_exact_usda_identity_match,pending
2117,肉丸,cooked,usda-fdc-171638,"Meatballs, frozen, Italian style",unspecified,usda_sr_legacy,multilingual_embedding_model_review,2,usda_identity_and_form_requires_owner_review,pending
2119,香菜梗,unspecified,,,,,multilingual_embedding_model_review,,no_exact_usda_identity_match,pending
2120,茶叶,unspecified,,,,,multilingual_embedding_model_review,,no_exact_usda_identity_match,pending
2121,三色藜麦,unspecified,usda-fdc-168874,"Quinoa, uncooked",cooked,usda_sr_legacy,multilingual_embedding_model_review,2,usda_identity_and_form_requires_owner_review,pending
2122,罗氏虾,unspecified,usda-fdc-175179,"Crustaceans, shrimp, raw",raw,usda_sr_legacy,multilingual_embedding_model_review,14,usda_identity_and_form_requires_owner_review,pending
2124,蕃茄膏,unspecified,usda-fdc-170459,"Tomato products, canned, paste, without salt added (Includes foods for USDA's Food Distribution Program)",unspecified,usda_sr_legacy,multilingual_embedding_model_review,15,usda_identity_and_form_requires_owner_review,pending
2125,细白砂糖,unspecified,usda-fdc-169655,"Sugars, granulated",unspecified,usda_sr_legacy,multilingual_embedding_model_review,1,usda_identity_and_form_requires_owner_review,pending
2127,薏苡仁,unspecified,usda-fdc-170284,"Barley, pearled, raw",raw,usda_sr_legacy,multilingual_embedding_model_review,1,usda_identity_and_form_requires_owner_review,pending
2128,鸡脚,unspecified,usda-fdc-171119,"Chicken, feet, boiled",cooked,usda_sr_legacy,multilingual_embedding_model_review,1,usda_identity_and_form_requires_owner_review,pending
2129,猪展肉,unspecified,usda-fdc-168226,"Pork, fresh, leg (ham), shank half, separable lean and fat, raw",raw,usda_sr_legacy,multilingual_embedding_model_review,4,usda_identity_and_form_requires_owner_review,pending
2130,老母鸡,unspecified,usda-fdc-172400,"Chicken, stewing, meat and skin, raw",raw,usda_sr_legacy,multilingual_embedding_model_review,2,usda_identity_and_form_requires_owner_review,pending
2131,80头干瑶柱,unspecified,,,,,multilingual_embedding_model_review,,no_exact_usda_identity_match,pending
2132,响螺,unspecified,usda-fdc-171983,"Mollusks, whelk, unspecified, raw",raw,usda_sr_legacy,multilingual_embedding_model_review,1,usda_identity_and_form_requires_owner_review,pending
817,石斛,dried,,,,,multilingual_embedding_model_review,,no_exact_usda_identity_match,pending
2134,西洋参片,unspecified,,,,,multilingual_embedding_model_review,,no_exact_usda_identity_match,pending
2136,鲥鱼,unspecified,usda-fdc-173696,"Fish, shad, american, raw",raw,usda_sr_legacy,multilingual_embedding_model_review,1,usda_identity_and_form_requires_owner_review,pending
2138,拍蒜粒,unspecified,usda-fdc-1104647,"Garlic, raw",raw,usda_foundation,multilingual_embedding_model_review,1,usda_identity_and_form_requires_owner_review,pending
2139,西冷牛肉片,unspecified,usda-fdc-2727574,"Beef, top sirloin steak, raw",raw,usda_foundation,multilingual_embedding_model_review,1,usda_identity_and_form_requires_owner_review,pending
2140,红小番茄,unspecified,,,,,multilingual_embedding_model_review,,no_exact_usda_identity_match,pending
2141,红咖喱酱,unspecified,,,,,multilingual_embedding_model_review,,no_exact_usda_identity_match,pending
2142,老豆角,unspecified,usda-fdc-174281,"Yardlong beans, mature seeds, raw",raw,usda_sr_legacy,multilingual_embedding_model_review,2,usda_identity_and_form_requires_owner_review,pending
2143,红星二锅头,unspecified,,,,,multilingual_embedding_model_review,,no_exact_usda_identity_match,pending
2145,薏苡仁粉,unspecified,,,,,multilingual_embedding_model_review,,no_exact_usda_identity_match,pending
2146,小饼干,unspecified,,,,,multilingual_embedding_model_review,,no_exact_usda_identity_match,pending
2148,黑豆浆,unspecified,,,,,multilingual_embedding_model_review,,no_exact_usda_identity_match,pending
2149,目鱼花,unspecified,,,,,multilingual_embedding_model_review,,no_exact_usda_identity_match,pending
2150,红黄绿彩椒块,unspecified,,,,,multilingual_embedding_model_review,,no_exact_usda_identity_match,pending
2151,笋壳鱼,unspecified,,,,,multilingual_embedding_model_review,,no_exact_usda_identity_match,pending
2152,纯椰子水,unspecified,usda-fdc-170174,"Nuts, coconut water (liquid from coconuts)",unspecified,usda_sr_legacy,multilingual_embedding_model_review,4,usda_identity_and_form_requires_owner_review,pending
2153,六月黄母蟹,cooked,,,,,multilingual_embedding_model_review,,no_exact_usda_identity_match,pending
2159,黄节瓜,unspecified,,,,,multilingual_embedding_model_review,,no_exact_usda_identity_match,pending
2160,绿节瓜,unspecified,usda-fdc-2685568,"Squash, summer, green, zucchini, includes skin, raw",raw,usda_foundation,multilingual_embedding_model_review,1,usda_identity_and_form_requires_owner_review,pending
2161,东北酸菜,unspecified,usda-fdc-169279,"Sauerkraut, canned, solids and liquids",unspecified,usda_sr_legacy,multilingual_embedding_model_review,4,usda_identity_and_form_requires_owner_review,pending
2163,肥牛片,unspecified,,,,,multilingual_embedding_model_review,,no_exact_usda_identity_match,pending
2165,味淋,unspecified,,,,,multilingual_embedding_model_review,,no_exact_usda_identity_match,pending
2166,牛丼调味汁,unspecified,,,,,multilingual_embedding_model_review,,no_exact_usda_identity_match,pending
2167,中粉,unspecified,usda-fdc-789951,"Flour, wheat, all-purpose, enriched, unbleached",unspecified,usda_foundation,multilingual_embedding_model_review,1,usda_identity_and_form_requires_owner_review,pending
2168,甜酒酿,unspecified,,,,,multilingual_embedding_model_review,,no_exact_usda_identity_match,pending
2169,粗辣椒粉,unspecified,usda-fdc-171319,"Spices, chili powder",unspecified,usda_sr_legacy,multilingual_embedding_model_review,1,usda_identity_and_form_requires_owner_review,pending
2170,黑胡椒汁,unspecified,,,,,multilingual_embedding_model_review,,no_exact_usda_identity_match,pending
2172,青杭椒,unspecified,usda-fdc-170497,"Peppers, hot chili, green, raw",raw,usda_sr_legacy,multilingual_embedding_model_review,2,usda_identity_and_form_requires_owner_review,pending
2173,藤椒,unspecified,,,,,multilingual_embedding_model_review,,no_exact_usda_identity_match,pending
2175,咸鸭蛋蛋清,unspecified,,,,,multilingual_embedding_model_review,,no_exact_usda_identity_match,pending
2177,尖包菜,unspecified,usda-fdc-169336,"Cabbage, common (danish, domestic, and pointed types), stored, raw",raw,usda_sr_legacy,multilingual_embedding_model_review,2,usda_identity_and_form_requires_owner_review,pending
2178,老干妈风味豆豉,unspecified,,,,,multilingual_embedding_model_review,,no_exact_usda_identity_match,pending
2179,鸡琵琶腿,unspecified,usda-fdc-2727566,"Chicken, drumstick, meat and skin, raw",raw,usda_foundation,multilingual_embedding_model_review,2,usda_identity_and_form_requires_owner_review,pending
2181,虾头,unspecified,,,,,multilingual_embedding_model_review,,no_exact_usda_identity_match,pending
2182,虾尾,unspecified,,,,,multilingual_embedding_model_review,,no_exact_usda_identity_match,pending
2184,保肋肉,unspecified,usda-fdc-167812,"Pork, fresh, belly, raw",raw,usda_sr_legacy,multilingual_embedding_model_review,2,usda_identity_and_form_requires_owner_review,pending
2185,鲜虾吐司,unspecified,,,,,multilingual_embedding_model_review,,no_exact_usda_identity_match,pending
2186,黑白芝麻,unspecified,usda-fdc-170150,"Seeds, sesame seeds, whole, dried",dried,usda_sr_legacy,multilingual_embedding_model_review,6,usda_identity_and_form_requires_owner_review,pending
2187,广东菜心,unspecified,,,,,multilingual_embedding_model_review,,no_exact_usda_identity_match,pending
2188,白桃果肉,unspecified,,,,,multilingual_embedding_model_review,,no_exact_usda_identity_match,pending
2189,气泡水,unspecified,,,,,multilingual_embedding_model_review,,no_exact_usda_identity_match,pending
2190,青花椒油,unspecified,,,,,multilingual_embedding_model_review,,no_exact_usda_identity_match,pending
2191,即溶干酵母,unspecified,usda-fdc-175043,"Leavening agents, yeast, baker's, active dry",unspecified,usda_sr_legacy,multilingual_embedding_model_review,19,usda_identity_and_form_requires_owner_review,pending
2192,红加仑葡萄干,unspecified,usda-fdc-171724,"Currants, zante, dried",dried,usda_sr_legacy,multilingual_embedding_model_review,17,usda_identity_and_form_requires_owner_review,pending
2193,杏仁果碎,unspecified,usda-fdc-170567,"Nuts, almonds",unspecified,usda_sr_legacy,multilingual_embedding_model_review,4,usda_identity_and_form_requires_owner_review,pending
2194,珍珠糖,unspecified,,,,,multilingual_embedding_model_review,,no_exact_usda_identity_match,pending
2195,冬菜末,unspecified,usda-fdc-169891,"Cabbage, mustard, salted",unspecified,usda_sr_legacy,multilingual_embedding_model_review,6,usda_identity_and_form_requires_owner_review,pending
2197,河虾仁,unspecified,usda-fdc-175180,"Crustaceans, shrimp, cooked",cooked,usda_sr_legacy,multilingual_embedding_model_review,4,usda_identity_and_form_requires_owner_review,pending
2198,水发猪皮,unspecified,,,,,multilingual_embedding_model_review,,no_exact_usda_identity_match,pending
2200,白芝麻酱,unspecified,usda-fdc-170191,"Seeds, sesame butter, paste",unspecified,usda_sr_legacy,multilingual_embedding_model_review,1,usda_identity_and_form_requires_owner_review,pending
2201,甜豉油,unspecified,,,,,multilingual_embedding_model_review,,no_exact_usda_identity_match,pending
2203,可可豆,unspecified,,,,,multilingual_embedding_model_review,,no_exact_usda_identity_match,pending
